crop,year,out_of_range,knn_dist,err_baseline,err_gbm,centred_base,centred_gbm,bias_base,bias_gbm
cartofi,2007,0.0,0.2710427792746842,0.3164231607913712,0.9015667700216032,0.5251990076305253,0.503396043347764,0.8416221684218965,1.4049628133693672
cartofi,2007,0.0,0.22649857290663866,0.4539897733090479,0.7565105885220156,1.2956119417309444,2.161473401891383,0.8416221684218965,1.4049628133693672
cartofi,2007,0.0,0.3209163973748871,1.7638489761492986,2.0644629622401522,-0.9222268077274021,-0.659500148870785,0.8416221684218965,1.4049628133693672
cartofi,2007,0.0,0.3343895061451188,0.2867324978991821,0.4028227583062396,0.5548896705227144,1.0021400550631276,0.8416221684218965,1.4049628133693672
cartofi,2007,0.0,0.3664493595220361,0.2932305836799092,0.03239160434556876,0.5483915847419873,1.437354417714936,0.8416221684218965,1.4049628133693672
cartofi,2007,0.0,0.3714178197695126,0.8323885365739876,1.9697398402029294,0.00923363184790893,-0.5647770268335621,0.8416221684218965,1.4049628133693672
cartofi,2007,0.0,0.31843853880799183,0.5904343382604837,0.900723227232882,0.2511878301614128,0.5042395861364852,0.8416221684218965,1.4049628133693672
cartofi,2007,0.0,0.3057153729708263,3.98823111609548,3.6571463577101633,-3.1466089476735837,-2.252183544340796,0.8416221684218965,1.4049628133693672
cartofi,2007,0.0,0.31366849233833094,0.3215599325630629,0.8639724774876938,1.1631821009849594,2.268935290857061,0.8416221684218965,1.4049628133693672
cartofi,2007,0.0,0.31676151451348517,0.5682511308632767,0.5605819319340957,1.4098732992851732,1.965544745303463,0.8416221684218965,1.4049628133693672
cartofi,2007,0.0,0.28416338268781,0.11503918067613572,0.8492707405838122,0.7265829877457608,0.555692072785555,0.8416221684218965,1.4049628133693672
cartofi,2007,0.0,0.30565777556959717,0.408670016704058,1.1391464080709253,0.4329521517178385,0.26581640529844197,0.8416221684218965,1.4049628133693672
cartofi,2007,0.0,0.6061695565787325,2.635875269493555,3.671776314834748,-1.7942531010716585,-2.2668135014653807,0.8416221684218965,1.4049628133693672
cartofi,2007,0.0,0.3656495425108902,0.1337773836910907,0.14977455311157417,0.9753995521129872,1.255188260257793,0.8416221684218965,1.4049628133693672
cartofi,2007,0.0,0.7032957234847891,2.040686126534018,2.367632081396975,-1.1990639581121214,-0.9626692680276077,0.8416221684218965,1.4049628133693672
cartofi,2007,0.0,0.704359444521923,0.485543930208578,0.7452736295081368,0.3560782382133185,0.6596891838612304,0.8416221684218965,1.4049628133693672
cartofi,2007,0.0,0.3683163075701722,0.6643565804799971,0.8530343472681641,1.5059787489018936,0.5519284661012032,0.8416221684218965,1.4049628133693672
cartofi,2007,0.0,0.35044601680874377,2.2854654431285786,2.324401022891273,-1.443843274706682,-0.9194382095219056,0.8416221684218965,1.4049628133693672
cartofi,2007,0.0,0.37113514859402363,0.8331874827273982,1.6969706241057518,0.008434685694498345,-0.2920078107363846,0.8416221684218965,1.4049628133693672
cartofi,2007,0.0,0.38634859280672595,1.2718025102703363,2.1205240283711175,-0.4301803418484398,-0.7155612150017503,0.8416221684218965,1.4049628133693672
cartofi,2007,0.0,0.3532575440820344,0.8953545517459247,2.37259217033424,-0.05373238332402819,-0.9676293569648728,0.8416221684218965,1.4049628133693672
cartofi,2007,0.0,0.3624075103960923,0.672069429706907,1.1445640471016363,0.16955273871498955,0.26039876626773095,0.8416221684218965,1.4049628133693672
cartofi,2007,0.0,0.3247097350580528,0.42508792859457767,0.02979083411760186,1.2667100970164742,1.434753647486969,0.8416221684218965,1.4049628133693672
cartofi,2007,0.0,0.25328846281269773,0.5142262758012048,0.9216486363110103,0.3273958926206917,0.4833141770583569,0.8416221684218965,1.4049628133693672
cartofi,2007,0.0,0.8880230764225032,0.862269069411477,1.7733167735450168,-0.02064690098958044,-0.3683539601756496,0.8416221684218965,1.4049628133693672
cartofi,2007,0.0,0.7280833711712023,2.4107702343119337,3.641439374055671,-1.5691480658900372,-2.2364765606863037,0.8416221684218965,1.4049628133693672
cartofi,2007,0.0,0.9611051920551563,0.21585592416375876,1.5195975946223754,0.6257662442581378,-0.11463478125300819,0.8416221684218965,1.4049628133693672
cartofi,2007,0.0,0.6956331492952129,2.121216416132535,2.800437131941373,-1.2795942477106388,-1.395474318572006,0.8416221684218965,1.4049628133693672
cartofi,2007,0.13103540733568142,0.8169809756490707,1.6592328878636975,2.9644642456432893,-0.817610719441801,-1.559501432273922,0.8416221684218965,1.4049628133693672
cartofi,2007,0.0,0.22504765125476425,0.8129655951348806,1.0375303206963156,0.028656573287015874,0.36743249267305167,0.8416221684218965,1.4049628133693672
cartofi,2007,0.0,0.776158322000846,0.015348595825844136,1.478676424308433,0.8569707642477407,-0.0737136109390657,0.8416221684218965,1.4049628133693672
cartofi,2007,0.3055839500688724,1.0296746920421118,1.202761161362893,1.733525079810914,-0.3611389929409965,-0.32856226644154685,0.8416221684218965,1.4049628133693672
cartofi,2008,0.0,0.2638317525513891,2.65676070746622,1.5909173081610068,-2.606303237276067,-2.059939965556819,0.05045747019015323,-0.4690226573958123
cartofi,2008,0.0,0.18545351065634025,1.0242069488930992,1.4093618395783283,-0.9737494787029459,-1.8783844969741406,0.05045747019015323,-0.4690226573958123
cartofi,2008,0.021681710732298853,0.4820258169312985,0.1528900770081707,0.371912349373706,-0.10243260681801747,-0.0971103080221063,0.05045747019015323,-0.4690226573958123
cartofi,2008,0.0,0.46040502457861693,0.03617310225896997,0.1400406842784334,0.0866305724491232,-0.6090633416742457,0.05045747019015323,-0.4690226573958123
cartofi,2008,0.0,0.35177801161162947,0.2736955649008457,0.3093939806315822,-0.22323809471069245,-0.1596286767642301,0.05045747019015323,-0.4690226573958123
cartofi,2008,0.0,0.3053018271823028,0.07985127204714271,0.5009065096423813,-0.029393801856989477,0.03188385224656898,0.05045747019015323,-0.4690226573958123
cartofi,2008,0.0,0.2280354259156189,1.875082986434819,1.6828654684732696,1.9255404566249723,1.2138428110774573,0.05045747019015323,-0.4690226573958123
cartofi,2008,0.0,0.2926073983111547,0.4719627038558718,0.4192475334024435,0.522420174046025,-0.04977512399336881,0.05045747019015323,-0.4690226573958123
cartofi,2008,0.0,0.186699842474571,0.3241398872569117,0.008439013554754293,-0.27368241706675844,-0.460583643841058,0.05045747019015323,-0.4690226573958123
cartofi,2008,0.0,0.3439796207068951,0.10719340390760923,0.41502945382690903,-0.056735933717456,-0.05399320356890325,0.05045747019015323,-0.4690226573958123
cartofi,2008,0.0,0.44828608576920403,0.32529085443930317,0.26476293217125857,-0.27483338424914994,-0.7337855895670709,0.05045747019015323,-0.4690226573958123
cartofi,2008,0.0,0.26124423430694915,0.13204233795280818,0.19250678137696697,-0.08158486776265494,-0.2765158760188453,0.05045747019015323,-0.4690226573958123
cartofi,2008,0.0,0.32650302356102257,0.2948706961648706,0.14682117977210174,-0.24441322597471737,-0.615843837167914,0.05045747019015323,-0.4690226573958123
cartofi,2008,0.0,0.23074990267202394,0.2591679981419599,0.5638660942264035,-0.20871052795180667,0.09484343683059127,0.05045747019015323,-0.4690226573958123
cartofi,2008,0.0,0.291210487915504,0.7477030516782097,1.359646150407392,0.798160521868363,0.8906234930115797,0.05045747019015323,-0.4690226573958123
cartofi,2008,0.0,0.25375924320570087,0.762067863967804,0.5344706159637322,-0.7116103937776508,0.06544795856791996,0.05045747019015323,-0.4690226573958123
cartofi,2008,0.0,0.25751183809432004,0.2717971807633033,0.9743353939129342,-0.22133971057315005,0.5053127365171219,0.05045747019015323,-0.4690226573958123
cartofi,2008,0.0,0.1568345645119537,0.3520640648699622,0.7355502980352089,0.40252153506011545,0.2665276406393966,0.05045747019015323,-0.4690226573958123
cartofi,2008,0.0,0.2591046721675434,0.2015891583498366,1.3007719983338957,-0.15113168815968336,0.8317493409380834,0.05045747019015323,-0.4690226573958123
cartofi,2008,0.0,0.31017799474262864,0.2820781097466911,1.3591695588740058,0.33253557993684435,0.8901469014781935,0.05045747019015323,-0.4690226573958123
cartofi,2008,0.0,0.23451242026748703,0.8698649792202908,0.7907144833717417,0.920322449410444,0.3216918259759294,0.05045747019015323,-0.4690226573958123
cartofi,2008,0.0,0.2880276015398011,1.750514840411475,1.8268084079822482,1.8009723106016282,1.357785750586436,0.05045747019015323,-0.4690226573958123
cartofi,2008,0.0,0.21021158308746454,2.404276866451882,1.6958172044241973,-2.353819396261729,-2.1648398618200093,0.05045747019015323,-0.4690226573958123
cartofi,2008,0.0,0.37730860533818217,0.36363709450983084,0.1903276400139191,-0.3131796243196776,-0.2786950173818932,0.05045747019015323,-0.4690226573958123
cartofi,2008,0.0,0.3617099005086588,0.8143908173698629,1.2746006164135304,0.8648482875600161,0.8055779590177181,0.05045747019015323,-0.4690226573958123
cartofi,2008,0.0,0.25025093563338585,0.10584731504431799,0.23553744617320005,0.15630478523447122,-0.23348521122261223,0.05045747019015323,-0.4690226573958123
cartofi,2008,0.0,0.18423565463807784,0.19199922150418747,0.9025506036567807,0.2424566916943407,0.43352794626096847,0.05045747019015323,-0.4690226573958123
cartofi,2008,0.0,0.21770746433894037,0.3339465974736009,0.01638924291332211,-0.28348912728344766,-0.45263341448249017,0.05045747019015323,-0.4690226573958123
cartofi,2008,0.0,0.24107336170738333,0.062236649676583156,1.677975240058832,0.11269411986673639,1.2089525826630196,0.05045747019015323,-0.4690226573958123
cartofi,2008,0.0,0.23985199468742918,0.8937825619193793,1.6753859896405556,0.9442400321095326,1.2063633322447433,0.05045747019015323,-0.4690226573958123
cartofi,2009,0.0,0.4106079589476579,1.0535311730027828,1.2175870357224579,-1.1293593378604707,-1.420036670881884,-0.07582816485768795,-0.20244963515942604
cartofi,2009,0.0,0.35091055070310706,2.0490258937206667,1.0280706428685695,1.9731977288629787,0.8256210077091435,-0.07582816485768795,-0.20244963515942604
cartofi,2009,0.0,0.2961028858530053,0.027056933274638872,0.11147969437741345,-0.04877123158304908,-0.09096994078201259,-0.07582816485768795,-0.20244963515942604
cartofi,2009,0.0,0.28382693396177905,0.6685025183311031,0.2831684690740306,0.5926743534734151,0.08071883391460455,-0.07582816485768795,-0.20244963515942604
cartofi,2009,0.0,0.6130692255323034,0.5891943332217124,0.37519261117743996,-0.6650224980794004,-0.577642246336866,-0.07582816485768795,-0.20244963515942604
cartofi,2009,0.0,0.2197205428250944,0.05031512812714478,0.21076594936381277,-0.12614329298483273,0.008316314204386721,-0.07582816485768795,-0.20244963515942604
cartofi,2009,0.0,0.3593059992556328,0.2605168456268552,0.3266673732596388,0.18468868076916722,-0.5291170084190648,-0.07582816485768795,-0.20244963515942604
cartofi,2009,0.0,0.4497602006671536,0.2613973708898647,0.470584523167203,-0.33722553574755265,-0.673034158326629,-0.07582816485768795,-0.20244963515942604
cartofi,2009,0.0,0.3976240706189538,0.6262974752090642,0.14377589457025808,-0.7021256400667522,-0.3462255297296841,-0.07582816485768795,-0.20244963515942604
cartofi,2009,0.0,0.40382072560964916,0.32362668735233857,0.670000394538592,0.24779852249465062,0.4675507593791659,-0.07582816485768795,-0.20244963515942604
cartofi,2009,0.0,0.2699763474528488,1.5795613910043125,0.9840688492942298,-1.6553895558620004,-1.1865184844536558,-0.07582816485768795,-0.20244963515942604
cartofi,2009,0.0,0.456969913867327,1.764291536442491,1.6039894161102408,1.688463371584803,1.4015397809508148,-0.07582816485768795,-0.20244963515942604
cartofi,2009,0.0,0.8601325626631269,0.18043164522493527,0.18762520026182772,-0.2562598100826232,-0.39007483542125376,-0.07582816485768795,-0.20244963515942604
cartofi,2009,0.0,0.4799660482639247,0.15729854997125425,0.16693702993225745,-0.2331267148289422,-0.3693866650916835,-0.07582816485768795,-0.20244963515942604
cartofi,2009,0.0,0.2914563462253109,0.9264382828573599,1.1675991124292953,0.8506101179996719,0.9651494772698692,-0.07582816485768795,-0.20244963515942604
cartofi,2009,0.0,0.5214075420788807,0.1283408419041745,0.9999181066037308,0.052512677046486544,0.7974684714443048,-0.07582816485768795,-0.20244963515942604
cartofi,2009,0.0,0.5114981127451385,0.013551613911574556,0.7782278349960552,-0.062276550946113396,0.5757781998366291,-0.07582816485768795,-0.20244963515942604
cartofi,2009,0.0,0.2848714447402772,0.7422913617056182,0.6620981111947399,0.6664631968479302,0.4596484760353139,-0.07582816485768795,-0.20244963515942604
cartofi,2009,0.0,0.4272511024619153,0.2783706771029042,1.1393964320672145,0.20254251224521624,0.9369467969077885,-0.07582816485768795,-0.20244963515942604
cartofi,2009,0.0,0.21876833775149418,2.098248998849726,1.576989010412364,-2.174077163707414,-1.77943864557179,-0.07582816485768795,-0.20244963515942604
cartofi,2009,0.0,0.3980220325948111,0.5473356559507558,0.6019714092536459,0.4715074910930679,0.39952177409421985,-0.07582816485768795,-0.20244963515942604
cartofi,2009,0.0,0.3133769583082151,1.740759550431107,1.0219791689984663,1.6649313855734191,0.8195295338390403,-0.07582816485768795,-0.20244963515942604
cartofi,2009,0.0,0.5417009701932693,0.8607719981175368,0.7743445948272711,-0.9366001629752247,-0.9767942299866972,-0.07582816485768795,-0.20244963515942604
cartofi,2009,0.0,0.3685112303113054,0.021793962019432733,0.3556076517289535,-0.05403420283825522,0.15315801656952743,-0.07582816485768795,-0.20244963515942604
cartofi,2009,0.0,0.24424846748553214,1.1921434847974561,1.2011053264733595,-1.267971649655144,-1.4035549616327856,-0.07582816485768795,-0.20244963515942604
cartofi,2009,0.0,0.4624748076050538,0.023218778188112132,0.054123169946642236,-0.09904694304580008,-0.1483264652127838,-0.07582816485768795,-0.20244963515942604
cartofi,2009,0.0,0.6591901087856857,0.5882149277852351,0.535836117455931,0.5123867629275471,0.3333864822965049,-0.07582816485768795,-0.20244963515942604
cartofi,2009,0.03624516162856928,0.6448713713795027,0.04166367477694699,0.12694874872702622,-0.11749183963463494,-0.07550088643239983,-0.07582816485768795,-0.20244963515942604
cartofi,2009,0.0,0.45731723467459123,0.1842086834482366,0.8010322515932855,0.10838051859054865,0.5985826164338595,-0.07582816485768795,-0.20244963515942604
cartofi,2009,0.0,0.4176442756996844,0.7570529102051573,0.8878424107844363,0.6812247453474694,0.6853927756250102,-0.07582816485768795,-0.20244963515942604
cartofi,2009,0.0,0.3683145577979536,1.5450188728579493,0.9958544451738103,-1.6208470377156372,-1.1983040803332363,-0.07582816485768795,-0.20244963515942604
cartofi,2009,0.019417050872447605,0.6936656651852178,0.574448119025031,1.1544270922314492,0.49861995416734306,0.9519774570720232,-0.07582816485768795,-0.20244963515942604
cartofi,2009,0.0,0.37725728464225383,1.180810550620659,0.9265343910302977,-1.256638715478347,-1.1289840261897237,-0.07582816485768795,-0.20244963515942604
cartofi,2009,0.0,0.4219864224225067,2.422234028926158,2.0360716963793637,2.34640586406847,1.8336220612199376,-0.07582816485768795,-0.20244963515942604
cartofi,2010,0.0,0.853728098616186,1.3105793540018462,1.5483720572188915,1.0180345472414736,1.477836387480493,-0.29254480676037264,-0.07053566973839853
cartofi,2010,0.0,0.8249704141364116,0.4217348460201715,1.350960511883923,0.12919003925979888,-1.4214961816223215,-0.29254480676037264,-0.07053566973839853
cartofi,2010,0.0,0.15982632055476495,0.2386768216216275,0.08220919806398719,-0.053867985138745134,0.011673528325588656,-0.29254480676037264,-0.07053566973839853
cartofi,2010,0.0,0.25355170227024326,0.1934252603919111,1.1167044368292363,-0.48597006715228375,-1.1872401065676348,-0.29254480676037264,-0.07053566973839853
cartofi,2010,0.0,0.39865203181310344,0.5370865205078936,0.08548008810447705,0.24454171374752098,-0.15601575784287558,-0.29254480676037264,-0.07053566973839853
cartofi,2010,0.0,0.26791390472469,0.2412282077919512,0.3586352712193488,-0.051316598968421445,0.28809960148095026,-0.29254480676037264,-0.07053566973839853
cartofi,2010,0.0,0.7009584027604497,0.6596869930196987,0.16371228570439644,0.36714218625932604,-0.23424795544279498,-0.29254480676037264,-0.07053566973839853
cartofi,2010,0.0,0.7559843422913267,0.8708529826041644,0.2806864086241614,0.5783081758437918,-0.3512220783625599,-0.29254480676037264,-0.07053566973839853
cartofi,2010,0.0,0.6909491747319836,0.5870604488753517,0.8074670528453676,-0.8796052556357243,-0.8780027225837661,-0.29254480676037264,-0.07053566973839853
cartofi,2010,0.0,0.1954775392483515,0.43977865670394145,0.4209907720627859,0.1472338499435688,0.35045510232438737,-0.29254480676037264,-0.07053566973839853
cartofi,2010,0.0,0.8405952773799621,0.4343424142810579,0.11849945782386584,0.14179760752068526,-0.18903512756226437,-0.29254480676037264,-0.07053566973839853
cartofi,2010,0.0,0.8141817990467317,0.7410482278581463,0.09860499568094738,0.44850342109777364,0.02806932594254885,-0.29254480676037264,-0.07053566973839853
cartofi,2010,0.0,0.3611443256008943,0.3869409379616995,0.5676118934027716,0.09439613120132684,-0.6381475631411702,-0.29254480676037264,-0.07053566973839853
cartofi,2010,0.0,0.5271010302149883,0.36814340468068174,0.41781162968067953,0.0755985979203091,0.347275959942281,-0.29254480676037264,-0.07053566973839853
cartofi,2010,0.0,0.8326937372763471,0.42074217539180125,0.2643684921410321,0.1281973686314286,0.19383282240263355,-0.29254480676037264,-0.07053566973839853
cartofi,2010,0.0,0.5053686757608703,0.1912263168850057,0.012162277872978855,-0.48377112364537833,-0.05837339186541968,-0.29254480676037264,-0.07053566973839853
cartofi,2010,0.0,0.5035174605310482,0.0775030122130067,0.17568567171810123,-0.21504179454736594,0.1051500019797027,-0.29254480676037264,-0.07053566973839853
cartofi,2010,0.0,0.5854088308031983,1.287186465833511,1.080539838286728,0.9946416590731384,1.0100041685483294,-0.29254480676037264,-0.07053566973839853
cartofi,2010,0.0,0.7106555755457892,0.6436021781237997,1.2391758563457738,0.3510573713634271,1.1686401866073752,-0.29254480676037264,-0.07053566973839853
cartofi,2010,0.0,0.8113984790184723,0.897680506327013,0.3156159050357168,0.6051356995666404,0.24508023529731826,-0.29254480676037264,-0.07053566973839853
cartofi,2010,0.0,0.7708009523342383,0.3489601192424754,1.1290869463999043,-0.641504926002848,-1.1996226161383028,-0.29254480676037264,-0.07053566973839853
cartofi,2010,0.0,0.8259341820863326,0.4415020808638115,0.09915049882926752,0.14895727410343884,0.028614829090868987,-0.29254480676037264,-0.07053566973839853
cartofi,2010,0.0,0.7211972947272004,0.610721724518859,0.2077398001851849,0.31817691775848633,0.13720413044678637,-0.29254480676037264,-0.07053566973839853
cartofi,2010,0.0,0.5768151153211892,0.3455157681148311,0.1821670405393272,-0.6380605748752037,0.11163137080092866,-0.29254480676037264,-0.07053566973839853
cartofi,2010,0.0,0.4074645185453222,0.684315423263965,1.0805522914301497,0.39177061650359235,1.0100166216917512,-0.29254480676037264,-0.07053566973839853
cartofi,2010,0.0,0.43358795131898686,0.8665961236061324,0.85279989034311,0.5740513168457597,0.7822642206047115,-0.29254480676037264,-0.07053566973839853
cartofi,2010,0.0,0.6568962952996731,0.24669357727540353,0.01822327174238403,-0.5392383840357762,-0.052312397996014504,-0.29254480676037264,-0.07053566973839853
cartofi,2010,0.0,0.4113909862960904,0.4503339413678793,0.36964079402466865,-0.7428787481282519,-0.4401764637630672,-0.29254480676037264,-0.07053566973839853
cartofi,2010,0.0,0.6303922638531891,0.87923802059326,0.43085135815858555,-1.1717828273536326,-0.5013870278969841,-0.29254480676037264,-0.07053566973839853
cartofi,2010,0.0,0.4467699064938472,0.7763129282978731,0.9563040441207615,0.4837681215375005,0.885768374382363,-0.29254480676037264,-0.07053566973839853
cartofi,2010,0.0,0.4543502088350542,1.0449195231749786,0.8038018068254305,-1.3374643299353512,-0.874337476563829,-0.29254480676037264,-0.07053566973839853
cartofi,2011,0.0,0.22460537192724833,0.764524039706302,1.1256953801275857,0.8089687740486928,1.0908837394279383,0.044444734342390824,-0.034811640699647484
cartofi,2011,0.0,0.14784174164660535,0.42215345500297685,1.0160686805409975,-0.37770872066058603,-1.050880321240645,0.044444734342390824,-0.034811640699647484
cartofi,2011,0.0,0.2525611795631189,0.3350149572680374,0.042895959328735245,0.37945969161042825,-0.07770760002838273,0.044444734342390824,-0.034811640699647484
cartofi,2011,0.0,0.2461291431157157,0.5376905240671066,0.5226284372329157,0.5821352584094974,-0.5574400779325632,0.044444734342390824,-0.034811640699647484
cartofi,2011,0.0,0.23223660947662128,0.17337818538223226,0.30551237930195096,0.2178229197246231,-0.34032402000159845,0.044444734342390824,-0.034811640699647484
cartofi,2011,0.0,0.20706712040397574,0.1428405822590726,0.17567523976536936,0.18728531660146341,-0.21048688046501685,0.044444734342390824,-0.034811640699647484
cartofi,2011,0.0,0.16378410849082586,1.7338964843086493,1.7783005464164368,-1.6894517499662585,-1.8131121871160842,0.044444734342390824,-0.034811640699647484
cartofi,2011,0.0,0.24048780730302521,0.35238693376595176,0.35248513085181044,-0.30794219942356094,0.31767349015216295,0.044444734342390824,-0.034811640699647484
cartofi,2011,0.0,0.2693099213024741,0.8985574742605698,0.5822377876237486,-0.8541127399181789,-0.617049428323396,0.044444734342390824,-0.034811640699647484
cartofi,2011,0.0,0.22706689004558353,0.6218481844011743,1.1324287608703356,0.6662929187435651,1.0976171201706881,0.044444734342390824,-0.034811640699647484
cartofi,2011,0.0,0.17514996706511887,0.48393601770333294,0.6570648286315732,-0.4394912833609421,-0.6918764693312207,0.044444734342390824,-0.034811640699647484
cartofi,2011,0.0,0.18867268288986874,1.5186493328083248,1.080378819620556,-1.474204598465934,-1.1151904603202034,0.044444734342390824,-0.034811640699647484
cartofi,2011,0.0,0.2709657567714291,0.175409450464866,0.42646555577991796,-0.13096471612247518,-0.46127719647956544,0.044444734342390824,-0.034811640699647484
cartofi,2011,0.0,0.1977340353670714,0.20257542764312397,0.8776213799401646,-0.15813069330073315,0.8428097392405172,0.044444734342390824,-0.034811640699647484
cartofi,2011,0.0,0.17665110763820663,0.08579669921907751,0.16260021703668226,0.13024143356146833,-0.19741185773632974,0.044444734342390824,-0.034811640699647484
cartofi,2011,0.0,0.16158965611847012,0.40092801489568686,1.28565079884669,-0.35648328055329603,1.2508391581470426,0.044444734342390824,-0.034811640699647484
cartofi,2011,0.0,0.15986213470276414,0.06644138127700394,1.7053522325120607,0.11088611561939477,1.6705405918124132,0.044444734342390824,-0.034811640699647484
cartofi,2011,0.0,0.147968657358022,1.1484815264471067,1.102127656991947,1.1929262607894975,1.0673160162922994,0.044444734342390824,-0.034811640699647484
cartofi,2011,0.0,0.18795097378594888,0.5899944827391232,1.2732407166894255,0.6344392170815141,1.238429075989778,0.044444734342390824,-0.034811640699647484
cartofi,2011,0.0,0.162665091482096,2.1220790143154478,0.7949997643174336,2.1665237486578386,0.7601881236177861,0.044444734342390824,-0.034811640699647484
cartofi,2011,0.0,0.2050234119052503,0.30379432139663454,0.5018910933980312,0.34823905573902536,0.4670794526983837,0.044444734342390824,-0.034811640699647484
cartofi,2011,0.0,0.22626704138231218,0.33733602321782286,0.006923582102652759,0.3817807575602137,-0.027888058596994725,0.044444734342390824,-0.034811640699647484
cartofi,2011,0.0,0.19463895057424674,0.6532189977108849,0.378667077214184,0.6976637320532757,-0.4134787179138315,0.044444734342390824,-0.034811640699647484
cartofi,2011,0.0,0.2066834358652264,0.40183314643481705,0.10585495482423646,0.44627788077720787,-0.14066659552388394,0.044444734342390824,-0.034811640699647484
cartofi,2011,0.0,0.154870681226303,0.16267916351116352,0.3872978938828524,0.20712389785355434,0.3524862531832049,0.044444734342390824,-0.034811640699647484
cartofi,2011,0.0,0.15265120968045925,0.06195674930308037,0.2898600040212349,-0.017512014960689548,0.2550483633215874,0.044444734342390824,-0.034811640699647484
cartofi,2011,0.0,0.17926214673044746,0.08975886386484166,0.424990308162033,0.1342035982072325,0.3901786674623855,0.044444734342390824,-0.034811640699647484
cartofi,2011,0.0,0.15088411757842407,1.0683556493931228,1.0318202932990888,1.1128003837355136,0.9970086525994413,0.044444734342390824,-0.034811640699647484
cartofi,2011,0.0,0.16170938811978633,0.891909534668184,0.9924682602374735,-0.8474648003257932,-1.027279900937121,0.044444734342390824,-0.034811640699647484
cartofi,2011,0.0,0.14729195429850003,1.1427133971765353,0.8391467200474905,-1.0982686628341445,-0.873958360747138,0.044444734342390824,-0.034811640699647484
cartofi,2011,0.0,0.21123405678630447,1.5683084966874912,1.553285208684902,-1.5238637623451003,-1.5880968493845495,0.044444734342390824,-0.034811640699647484
cartofi,2011,0.0,0.11912108890268283,0.022961245275561204,0.10835569079624019,0.02148348906682962,0.0735440500965927,0.044444734342390824,-0.034811640699647484
cartofi,2011,0.0,0.1761382763248632,0.3787560962651799,0.16287108197365852,0.42320083060757074,0.12805944127401103,0.044444734342390824,-0.034811640699647484
cartofi,2011,0.0,0.14780685188911805,1.6186007925531118,0.760765312708024,-1.574156058210721,-0.7955769534076715,0.044444734342390824,-0.034811640699647484
cartofi,2012,0.08126963308685786,0.6233379765961364,1.4966215006889638,1.365318516109637,1.0575835501747726,1.112664332650318,-0.43903795051419126,-0.252654183459319
cartofi,2012,0.0,0.45032655616327116,0.7537673834350289,1.5780208775860949,-1.1928053339492202,-1.8306750610454139,-0.43903795051419126,-0.252654183459319
cartofi,2012,0.0,0.36136121136326355,0.4022034846558791,0.08996909518902463,-0.03683446585831218,-0.34262327864834363,-0.43903795051419126,-0.252654183459319
cartofi,2012,0.0,0.41717713588337635,1.4344493433935375,2.3848497444035504,-1.8734872939077287,-2.6375039278628694,-0.43903795051419126,-0.252654183459319
cartofi,2012,0.0,0.29206109300220956,0.8164608243907234,0.7345141215666815,-1.2554987749049147,-0.9871683050260005,-0.43903795051419126,-0.252654183459319
cartofi,2012,0.0,0.43620591898108874,0.5420477343939272,0.33442891592894153,0.10300978387973592,0.08177473246962252,-0.43903795051419126,-0.252654183459319
cartofi,2012,0.0,0.4443553848830349,0.6898939351955988,1.727015672033445,-1.12893188570979,-1.979669855492764,-0.43903795051419126,-0.252654183459319
cartofi,2012,0.0,0.3642154743769339,0.20292816516951584,0.6228537192079755,-0.23610978534467542,-0.8755079026672945,-0.43903795051419126,-0.252654183459319
cartofi,2012,0.0,0.45481766882701447,0.6549879050753189,0.11822463539692851,0.21594995456112764,-0.1344295480623905,-0.43903795051419126,-0.252654183459319
cartofi,2012,0.0,0.37040747660516743,0.7524794193279414,0.9643739554651409,0.3134414688137501,0.7117197720058219,-0.43903795051419126,-0.252654183459319
cartofi,2012,0.0,0.25274061423011834,1.8010996096083223,1.3032267489705984,1.362061659094131,1.0505725655112794,-0.43903795051419126,-0.252654183459319
cartofi,2012,0.0,0.43891438605849453,0.6661111756034606,0.403779840562819,0.2270732250892693,0.1511256571035,-0.43903795051419126,-0.252654183459319
cartofi,2012,0.0,0.37884902256898717,0.48178340203452263,0.11816018946894546,0.04274545152033138,-0.13449399399037354,-0.43903795051419126,-0.252654183459319
cartofi,2012,0.3136920364230309,0.684520471205748,0.7128420006318623,0.8073416417728367,0.27380405011767106,0.5546874583135177,-0.43903795051419126,-0.252654183459319
cartofi,2012,0.0,0.41337232978673405,0.15658924801385687,0.0007802952550965969,-0.2824487025003344,-0.2518738882042224,-0.43903795051419126,-0.252654183459319
cartofi,2012,0.0,0.5145087075021708,0.0952975435457466,0.8184264325175525,-0.5343354940599379,0.5657722490582335,-0.43903795051419126,-0.252654183459319
cartofi,2012,0.0,0.5158830499938721,0.34982715374618856,1.3412751651308445,-0.0892107967680027,1.0886209816715255,-0.43903795051419126,-0.252654183459319
cartofi,2012,0.0,0.474668247699631,1.1368740991782582,0.4395887546231809,0.697836148664067,0.18693457116386192,-0.43903795051419126,-0.252654183459319
cartofi,2012,0.0,0.4780439680891953,0.7987001402327554,1.239403298052507,0.3596621897185641,0.9867491145931879,-0.43903795051419126,-0.252654183459319
cartofi,2012,0.0,0.4984068300101656,0.23971776574913184,0.36481878020726066,-0.19932018476505942,0.11216459674794166,-0.43903795051419126,-0.252654183459319
cartofi,2012,0.0,0.24267297070158964,0.6046271132602432,0.8506431235489722,-1.0436650637744345,-1.1032973070082912,-0.43903795051419126,-0.252654183459319
cartofi,2012,0.0,0.499278681100063,0.8018144816037516,1.6568196947021343,-1.2408524321179426,-1.909473878161453,-0.43903795051419126,-0.252654183459319
cartofi,2012,0.0,0.23811594649596493,0.3034106172185975,0.5026774422488445,-0.13562733329559373,0.25002325878952547,-0.43903795051419126,-0.252654183459319
cartofi,2012,0.0,0.4375349378647922,0.46131237986017437,0.4006746426261478,-0.9003503303743656,-0.6533288260854668,-0.43903795051419126,-0.252654183459319
cartofi,2012,0.0,0.483014212223497,1.9384500225184822,1.5673375965297063,1.499412072004291,1.3146834130703873,-0.43903795051419126,-0.252654183459319
cartofi,2012,0.35460951981572286,0.934972627870405,0.9712440745381539,1.1162546605971415,0.5322061240239626,0.8636004771378225,-0.43903795051419126,-0.252654183459319
cartofi,2012,0.26939447620280754,1.1132535810333288,1.222942641157709,1.024750744362744,0.7839046906435176,0.7720965609034249,-0.43903795051419126,-0.252654183459319
cartofi,2012,0.4078736658817874,0.7013462493425793,1.0429388741333403,1.2814051785510059,0.603900923619149,1.0287509950916869,-0.43903795051419126,-0.252654183459319
cartofi,2012,0.0,0.3860904342603491,0.8834660792367846,0.9787547568233341,0.4444281287225933,0.7261005733640151,-0.43903795051419126,-0.252654183459319
cartofi,2012,0.36871704394480576,1.0422335774940066,2.071496407197595,1.5346586460685492,1.6324584566834037,1.2820044626092302,-0.43903795051419126,-0.252654183459319
cartofi,2013,0.0,0.4628896698871687,1.0105517703564946,1.0097471369473077,1.1363153588001733,1.048060807460275,0.12576358844367874,0.03831367051296741
cartofi,2013,0.0,0.3021961815761963,0.14849002630881003,0.11577594252007195,0.2742536147524888,0.15408961303303936,0.12576358844367874,0.03831367051296741
cartofi,2013,0.0,0.2776303552314905,0.6988169812662157,1.2447298207658024,-0.573053392822537,-1.206416150252835,0.12576358844367874,0.03831367051296741
cartofi,2013,0.0,0.20314202899258121,1.0176880425002715,0.7040670966925147,1.1434516309439502,0.7423807672054821,0.12576358844367874,0.03831367051296741
cartofi,2013,0.0,0.26689528557573966,0.09703573028052848,0.12272296254956938,0.22279931872420722,0.1610366330625368,0.12576358844367874,0.03831367051296741
cartofi,2013,0.0,0.3772038130063419,1.0102838817168678,1.0696483723751573,-0.884520293273189,-1.03133470186219,0.12576358844367874,0.03831367051296741
cartofi,2013,0.0,0.27256052699970396,0.6587496693600938,0.6806585626662489,0.7845132578037726,0.7189722331792163,0.12576358844367874,0.03831367051296741
cartofi,2013,0.0,0.25625278705220045,0.25198873141610356,0.32631743590275253,0.3777523198597823,0.36463110641571994,0.12576358844367874,0.03831367051296741
cartofi,2013,0.0,0.24430686849153127,0.22170979339271613,0.02017500522216409,-0.09594620494903738,0.0584886757351315,0.12576358844367874,0.03831367051296741
cartofi,2013,0.0,0.3380818130811726,1.0079938733844793,0.5610892068022384,1.133757461828158,0.5994028773152058,0.12576358844367874,0.03831367051296741
cartofi,2013,0.0,0.23163687236975133,0.6897014421266183,0.5853671192678593,0.8154650305702971,0.6236807897808267,0.12576358844367874,0.03831367051296741
cartofi,2013,0.0,0.4610991922204777,0.41408072137312235,0.18674989695590138,-0.2883171329294436,0.2250635674688688,0.12576358844367874,0.03831367051296741
cartofi,2013,0.0,0.44335907480142744,0.5294802989389975,1.0075875755464754,-0.40371671049531876,-0.969273905033508,0.12576358844367874,0.03831367051296741
cartofi,2013,0.0,0.3159362198076339,0.8314802932444367,0.062015623715859114,-0.705716704800758,0.10032929422882653,0.12576358844367874,0.03831367051296741
cartofi,2013,0.0,0.3234540905106875,0.32424963072317414,0.3369081656646067,-0.1984860422794954,0.3752218361775741,0.12576358844367874,0.03831367051296741
cartofi,2013,0.0,0.6542920944778536,0.4468236315156089,0.07588236421486183,0.5725872199592876,-0.03756869370189442,0.12576358844367874,0.03831367051296741
cartofi,2013,0.0,0.40427956246666047,0.36972855346102396,1.128204624935778,0.4954921419047027,1.1665182954487454,0.12576358844367874,0.03831367051296741
cartofi,2013,0.0,0.359462856093716,1.0294545919178302,0.9902072307434993,-0.9036910034741514,-0.9518935602305318,0.12576358844367874,0.03831367051296741
cartofi,2013,0.0,0.39613719261141744,1.1052707079973736,1.2527857390934383,-0.9795071195536948,-1.2144720685804709,0.12576358844367874,0.03831367051296741
cartofi,2013,0.0,0.36877746566548686,1.02766198071496,1.2163385370133426,1.1534255691586388,1.25465220752631,0.12576358844367874,0.03831367051296741
cartofi,2013,0.0,0.39445454707735755,0.7053357225118102,0.560677198481697,-0.5795721340681315,-0.5223635279687295,0.12576358844367874,0.03831367051296741
cartofi,2013,0.0,0.49969862898937334,0.46310060605968495,1.03903178811282,-0.3373370176160062,-1.0007181175998525,0.12576358844367874,0.03831367051296741
cartofi,2013,0.0,0.4735577699652428,0.20648192292910217,0.5033703299986154,-0.08071833448542343,0.5416840005115828,0.12576358844367874,0.03831367051296741
cartofi,2013,0.0,0.7594760151849538,0.6078642079805636,0.7033479430172607,0.7336277964242424,0.7416616135302281,0.12576358844367874,0.03831367051296741
cartofi,2013,0.0,0.49178080441038335,0.9482318933126233,1.296044714968652,-0.8224683048689445,-1.2577310444556846,0.12576358844367874,0.03831367051296741
cartofi,2013,0.0,0.5718414197770925,1.970461573388143,1.0984190481564222,-1.8446979849444642,-1.0601053776434548,0.12576358844367874,0.03831367051296741
cartofi,2013,0.0,0.6204743896885413,0.06262486529630884,0.2496246044012853,0.0631387231473699,0.2879382749142527,0.12576358844367874,0.03831367051296741
cartofi,2013,0.0,0.3416307074761037,0.3345946517601499,0.04975088382235082,-0.20883106331647117,0.08806455433531823,0.12576358844367874,0.03831367051296741
cartofi,2014,0.0,0.2324493564053543,0.09515037776016744,0.08806685226963129,-0.12522707515987186,-0.07723484003155079,-0.2203774529200393,-0.16530169230118208
cartofi,2014,0.0,0.410843087905134,0.23848176419760225,0.38322862029428073,0.018104311277562957,0.21792692799309865,-0.2203774529200393,-0.16530169230118208
cartofi,2014,0.0,0.2435825937340384,0.0030628507692411766,0.39574140170707706,-0.22344030368928047,-0.5610430940082591,-0.2203774529200393,-0.16530169230118208
cartofi,2014,0.0,0.3449617371628756,0.2679581827613813,0.008060791508448517,-0.4883356356814206,-0.15724090079273356,-0.2203774529200393,-0.16530169230118208
cartofi,2014,0.0,0.2704747169658543,0.3293784461414564,0.81368607726123,0.1090009932214171,0.6483843849600479,-0.2203774529200393,-0.16530169230118208
cartofi,2014,0.0,0.24927773010202686,0.5566207965651109,0.25419841332731474,0.3362433436450716,-0.4195001056284968,-0.2203774529200393,-0.16530169230118208
cartofi,2014,0.0,0.2154813648763659,2.5689283440802386,2.656100403222317,-2.789305797000278,-2.8214020955234993,-0.2203774529200393,-0.16530169230118208
cartofi,2014,0.0,0.3008938582085619,0.3752007649301232,0.5524952411576818,0.15482331201008392,0.3871935488564997,-0.2203774529200393,-0.16530169230118208
cartofi,2014,0.0,0.29637612064079644,0.18857424200405593,0.4314029676233906,-0.03180321091598337,0.2661012753222085,-0.2203774529200393,-0.16530169230118208
cartofi,2014,0.0,0.2718941832332809,1.0656455106543854,1.0505537784402543,0.8452680577343461,0.8852520861390722,-0.2203774529200393,-0.16530169230118208
cartofi,2014,0.0,0.27248547112626065,0.40414696934524885,0.568722029148927,0.18376951642520956,0.4034203368477449,-0.2203774529200393,-0.16530169230118208
cartofi,2014,0.0,0.22680005752872123,0.8150247979355196,0.8622864854718699,0.5946473450154803,0.6969847931706878,-0.2203774529200393,-0.16530169230118208
cartofi,2014,0.0,0.3026846090221162,0.3392661643977499,0.4942616021420241,0.11888871147771063,-0.6595632944432062,-0.2203774529200393,-0.16530169230118208
cartofi,2014,0.0,0.2688876278678606,0.6465939340019045,0.8176005163681026,0.42621648108186516,0.6522988240669205,-0.2203774529200393,-0.16530169230118208
cartofi,2014,0.0,0.26424077889295605,0.04049407107185843,0.08637610114773331,-0.17988338184818087,-0.07892559115344877,-0.2203774529200393,-0.16530169230118208
cartofi,2014,0.0,0.2750946863163105,0.6508304302525891,0.7702400097554598,0.43045297733254984,0.6049383174542777,-0.2203774529200393,-0.16530169230118208
cartofi,2014,0.0,0.22675223688127039,0.7853396259185117,0.4903945095674347,0.5649621729984724,0.3250928172662526,-0.2203774529200393,-0.16530169230118208
cartofi,2014,0.0,0.15014512879878766,0.03978863451625525,0.6608114904644378,-0.18058881840378405,0.4955097981632557,-0.2203774529200393,-0.16530169230118208
cartofi,2014,0.0,0.20518483432084622,0.8361033221824012,0.7554825460742265,0.615725869262362,0.5901808537730444,-0.2203774529200393,-0.16530169230118208
cartofi,2014,0.0,0.22580701435106984,0.0226087730717901,0.18132376149769813,-0.1977686798482492,-0.3466254537988802,-0.2203774529200393,-0.16530169230118208
cartofi,2014,0.0,0.18709061435714522,1.1780095357913583,1.7408454268005142,-1.3983869887113975,-1.9061471191016963,-0.2203774529200393,-0.16530169230118208
cartofi,2014,0.0,0.2567255291986866,0.6543523801227105,0.9184342505711864,0.43397492720267117,0.7531325582700044,-0.2203774529200393,-0.16530169230118208
cartofi,2014,0.0,0.1928915232866877,0.16114787856663249,0.16162042237509144,-0.3815253314866718,-0.3269221146762735,-0.2203774529200393,-0.16530169230118208
cartofi,2014,0.0,0.319919011761119,0.39682711561312445,0.35014165919268514,0.17644966269308515,0.18483996689150306,-0.2203774529200393,-0.16530169230118208
cartofi,2014,0.0,0.35571509801035084,0.5543095708047678,0.14503696700958457,0.33393211788472854,-0.020264725291597507,-0.2203774529200393,-0.16530169230118208
cartofi,2014,0.0,0.2652492878729899,0.29880523268423254,0.07215193507251882,0.07842777976419324,-0.09314975722866325,-0.2203774529200393,-0.16530169230118208
cartofi,2014,0.0,0.34037336225097803,0.05698988807361971,0.35379824344647837,-0.277367340993659,-0.5190999357476604,-0.2203774529200393,-0.16530169230118208
cartofi,2014,0.0,0.262929047581674,0.42200119669230496,0.35247961942201567,0.20162374377226566,0.1871779271208336,-0.2203774529200393,-0.16530169230118208
cartofi,2014,0.0,0.15614931527328726,1.0004275338833422,1.0332277817574607,0.7800500809633029,0.8679260894562786,-0.2203774529200393,-0.16530169230118208
cartofi,2014,0.0,0.23170911940249103,0.09144861289640893,0.013939786024591783,-0.12892884002363036,-0.17924147832577386,-0.2203774529200393,-0.16530169230118208
cartofi,2015,0.0,0.4464596346662251,0.5407473268795577,0.32178812139600765,0.30680403457683214,0.4382599914496854,-0.2339432923027256,0.7600481128456931
cartofi,2015,0.0,0.3960347505248075,0.17077486940256037,0.37790965781378993,-0.06316842290016522,0.38213845503190313,-0.2339432923027256,0.7600481128456931
cartofi,2015,0.0,0.30982673361204516,0.20378032970378435,1.0849681926955563,-0.030162962598941245,-0.32492007984986326,-0.2339432923027256,0.7600481128456931
cartofi,2015,0.0,0.3592863030354698,0.4293695942310829,1.4592368225482657,-0.6633128865338085,-0.6991887097025726,-0.2339432923027256,0.7600481128456931
cartofi,2015,0.0,0.28421673537681774,0.28879447840617356,0.25187854927178766,0.05485118610344797,0.5081695635739054,-0.2339432923027256,0.7600481128456931
cartofi,2015,0.0,0.5515289045357834,0.9396332988339147,1.0698471146390438,0.7056900065311891,-0.30979900179335074,-0.2339432923027256,0.7600481128456931
cartofi,2015,0.0,0.45960778853380546,1.2162989609129067,0.0724100562200567,0.9823556686101811,0.8324581690657498,-0.2339432923027256,0.7600481128456931
cartofi,2015,0.0,0.36306181754456957,0.5208569121770994,0.08260744331372472,0.2869136198743738,0.6774406695319684,-0.2339432923027256,0.7600481128456931
cartofi,2015,0.0,0.4185960126097246,0.27042789769834386,0.6961779343468977,-0.5043711900010694,0.0638701784987954,-0.2339432923027256,0.7600481128456931
cartofi,2015,0.0,0.4913804850863975,0.9438600950496276,0.5726390173232794,0.709916802746902,0.1874090955224137,-0.2339432923027256,0.7600481128456931
cartofi,2015,0.0,0.6650906465885158,0.0524865539871997,0.7404639679738962,-0.1814567383155259,0.019584144871796827,-0.2339432923027256,0.7600481128456931
cartofi,2015,0.0,0.600063106758445,0.5078796690618166,0.8588642892465002,0.273936376759091,-0.09881617640080709,-0.2339432923027256,0.7600481128456931
cartofi,2015,0.0,0.35987037636481417,0.8140017983222902,0.16768322512875855,0.5800585060195647,0.5923648877169345,-0.2339432923027256,0.7600481128456931
cartofi,2015,0.0,0.6278419875058505,0.15998600403072905,0.8472499428995746,-0.39392929633345464,-0.08720183005388149,-0.2339432923027256,0.7600481128456931
cartofi,2015,0.0,0.6397388665924172,0.10595438536723378,0.9685503449767303,-0.1279889069354918,-0.20850223213103725,-0.2339432923027256,0.7600481128456931
cartofi,2015,0.0,0.39150592210824425,0.13218559154865428,1.6171885935183408,-0.36612888385137987,-0.8571404806726477,-0.2339432923027256,0.7600481128456931
cartofi,2015,0.0,0.39223649022280416,0.1111513409104159,0.41448221396871254,-0.1227919513923097,0.3455658988769805,-0.2339432923027256,0.7600481128456931
cartofi,2015,0.0,0.4451678531675524,0.9972995019856477,0.16597898812112355,0.7633562096829221,0.9260271009668166,-0.2339432923027256,0.7600481128456931
cartofi,2015,0.0,0.38842791747947947,0.4379806380482143,1.573301858060415,-0.6719239303509399,-0.8132537452147219,-0.2339432923027256,0.7600481128456931
cartofi,2015,0.0,0.35757990087847846,0.23855135623835322,1.986612734123041,-0.4724946485410788,-1.226564621277348,-0.2339432923027256,0.7600481128456931
cartofi,2015,0.0,0.27613149864805225,0.7709366297689915,0.19429224589752714,0.5369933374662659,0.5657558669481659,-0.2339432923027256,0.7600481128456931
cartofi,2015,0.0,0.5156555247955078,0.2715862797353159,0.2518106866921368,0.037642987432590314,0.5082374261535563,-0.2339432923027256,0.7600481128456931
cartofi,2015,0.0,0.41650166380033066,0.8512671431493244,0.07123566044449703,0.6173238508465988,0.8312837732901901,-0.2339432923027256,0.7600481128456931
cartofi,2015,0.0,0.5600096551595597,0.23657941017425177,0.3410788886918441,0.002636117871526178,0.41896922415384896,-0.2339432923027256,0.7600481128456931
cartofi,2015,0.0,0.6647686387214191,0.8690567903131701,0.40551967005946477,0.6351134980104445,0.3545284427862283,-0.2339432923027256,0.7600481128456931
cartofi,2015,0.0,0.6736869656852571,0.5268342931001291,0.0915655390985064,0.2928910007974035,0.8516136519441995,-0.2339432923027256,0.7600481128456931
cartofi,2015,0.0,0.586389808978738,0.023063397796597496,1.2391244434617987,-0.2108798945061281,-0.47907633061610566,-0.2339432923027256,0.7600481128456931
cartofi,2015,0.0,0.6611351475696103,1.5237195735255575,3.2688928891519167,-1.7576628658282831,-2.5088447763062236,-0.2339432923027256,0.7600481128456931
cartofi,2015,0.0,0.2682914262787116,0.38085116892769033,0.4270315020878517,0.14690787662496474,1.1870796149335447,-0.2339432923027256,0.7600481128456931
cartofi,2015,0.0,0.5935459952162829,1.133175209562992,2.8374962841438434,-1.3671185018657175,-2.0774481712981503,-0.2339432923027256,0.7600481128456931
cartofi,2016,0.0,0.22029234361103237,0.36282977127300153,0.1493062724698735,0.2802180853805645,-0.04153032307619409,-0.08261168589243706,-0.19083659554606758
cartofi,2016,0.0,0.11950483652956363,0.12829545503847406,0.06734735081836973,-0.21090714093091112,-0.12348924472769784,-0.08261168589243706,-0.19083659554606758
cartofi,2016,0.0,0.1585474228629892,0.7293750940897987,0.27257076096813915,0.6467634081973617,0.08173416542207157,-0.08261168589243706,-0.19083659554606758
cartofi,2016,0.0,0.13429303716214408,0.704495212755818,0.8301560007473627,-0.787106898648255,-1.0209925962934303,-0.08261168589243706,-0.19083659554606758
cartofi,2016,0.0,0.12783388286415304,0.28648721735770444,0.7032026178007289,0.20387553146526738,0.5123660222546613,-0.08261168589243706,-0.19083659554606758
cartofi,2016,0.0,0.1343991216147889,0.14756879650710353,0.014155993074306927,0.06495711061466647,-0.17668060247176065,-0.08261168589243706,-0.19083659554606758
cartofi,2016,0.0,0.17825582187995248,0.19841644772760247,0.6573102366617194,-0.28102813362003953,0.4664736411156518,-0.08261168589243706,-0.19083659554606758
cartofi,2016,0.0,0.1883399587753932,0.9921921029478704,1.2058909619129055,-1.0748037888403075,-1.396727557458973,-0.08261168589243706,-0.19083659554606758
cartofi,2016,0.0,0.1427084659648567,0.28052070150796116,0.4908503026420794,-0.3631323874003982,-0.681686898188147,-0.08261168589243706,-0.19083659554606758
cartofi,2016,0.0,0.1753955202630494,0.022318014798489827,0.022748708971832343,-0.06029367109394723,-0.21358530451789992,-0.08261168589243706,-0.19083659554606758
cartofi,2016,0.0,0.22120354511227408,0.6265881083604992,0.4170047326581239,0.5439764224680621,0.2261681371120563,-0.08261168589243706,-0.19083659554606758
cartofi,2016,0.0,0.2396450662142251,0.33705717520380496,0.7055528417777239,0.2544454893113679,0.5147162462316563,-0.08261168589243706,-0.19083659554606758
cartofi,2016,0.0,0.23876705145499014,0.19457744342328276,0.641673766705483,0.1119657575308457,0.45083717115941546,-0.08261168589243706,-0.19083659554606758
cartofi,2016,0.0,0.26545477438648374,0.16567529595893404,0.004028733352573255,0.08306361006649698,-0.19486532889864083,-0.08261168589243706,-0.19083659554606758
cartofi,2016,0.0,0.2340862518150723,0.6206502325407568,0.16143791763815774,-0.7032619184331939,-0.3522745131842253,-0.08261168589243706,-0.19083659554606758
cartofi,2016,0.0,0.22447088122264133,0.9704145501487003,0.8865926702807845,-1.0530262360411373,-1.077429265826852,-0.08261168589243706,-0.19083659554606758
cartofi,2016,0.0,0.16696553529725847,0.45480918335135767,0.011058706690725284,0.3721974974589206,-0.1797778888553423,-0.08261168589243706,-0.19083659554606758
cartofi,2016,0.0,0.2918279064443257,0.1156081473876478,0.6310495984191817,0.03299646149521074,0.44021300287311416,-0.08261168589243706,-0.19083659554606758
cartofi,2016,0.0,0.38158681473381606,0.1763456141131936,0.4949089455261486,0.09373392822075655,0.30407234998008104,-0.08261168589243706,-0.19083659554606758
cartofi,2016,0.0,0.2421927543588401,0.3308063442577156,0.25630556543943595,0.24819465836527854,0.06546896989336837,-0.08261168589243706,-0.19083659554606758
cartofi,2016,0.0,0.2805586203501668,0.06528526097723741,0.00817900223816892,-0.14789694686967447,-0.1990155977842365,-0.08261168589243706,-0.19083659554606758
cartofi,2016,0.0,0.2380228755740353,1.1997992211615855,1.5433370702670732,1.1171875352691485,1.3525004747210057,-0.08261168589243706,-0.19083659554606758
cartofi,2016,0.0,0.1810536184886452,0.5007628390297865,0.4255988281571548,-0.5833745249222235,-0.6164354237032224,-0.08261168589243706,-0.19083659554606758
cartofi,2016,0.0,0.2660149236794507,1.110684387737023,1.1757987005790254,1.0280727018445859,0.9849621050329578,-0.08261168589243706,-0.19083659554606758
cartofi,2016,0.0,0.1693624898700957,0.26579513500399976,1.0658148547366428,0.1831834491115627,0.8749782591905753,-0.08261168589243706,-0.19083659554606758
cartofi,2017,0.0,0.31227516686189755,0.5252402732599384,0.7511770922885352,0.4741841958984594,0.8092046571144955,-0.05105607736147899,0.058027564825960276
cartofi,2017,0.0,0.3580652727743635,0.148498644092653,0.20555602182035226,0.09744256673117402,0.26358358664631254,-0.05105607736147899,0.058027564825960276
cartofi,2017,0.0,0.2613337112998777,0.33141793797826935,0.19867262486401405,0.28036186061679036,-0.14064506003805377,-0.05105607736147899,0.058027564825960276
cartofi,2017,0.0,0.3050880503377524,0.3050469809304719,0.39532988264620794,0.2539909035689929,0.4533574474721682,-0.05105607736147899,0.058027564825960276
cartofi,2017,0.0,0.17785234373917014,1.0641080939727328,0.03446627344586872,1.0130520166112538,0.023561291380091554,-0.05105607736147899,0.058027564825960276
cartofi,2017,0.0,0.24728759595736652,0.7646806696858692,1.227218440015816,-0.8157367470473482,-1.1691908751898556,-0.05105607736147899,0.058027564825960276
cartofi,2017,0.0,0.3766423831127933,0.3625002076195418,0.1682799885502657,0.31144413025806283,0.226307553376226,-0.05105607736147899,0.058027564825960276
cartofi,2017,0.0,0.3949559239120065,0.1321284828712459,0.25834909668454564,0.08107240550976691,0.3163766615105059,-0.05105607736147899,0.058027564825960276
cartofi,2017,0.0,0.21928367439797675,0.12308567867601194,0.8066921877110032,-0.17414175603749094,-0.7486646228850429,-0.05105607736147899,0.058027564825960276
cartofi,2017,0.0,0.27879131612101116,0.4654317803019241,0.7431614613795872,-0.5164878576634031,-0.6851338965536269,-0.05105607736147899,0.058027564825960276
cartofi,2017,0.0,0.38667233607275936,0.3364253267726127,0.3104237612622338,-0.3874814041340917,-0.25239619643627353,-0.05105607736147899,0.058027564825960276
cartofi,2017,0.0,0.44294651754003933,0.2925577007772713,0.5652927230687474,-0.34361377813875027,-0.5072651582427872,-0.05105607736147899,0.058027564825960276
cartofi,2017,0.0,0.30932543279659447,0.5346988059930906,0.4342199989965527,0.4836427286316116,0.492247563822513,-0.05105607736147899,0.058027564825960276
cartofi,2017,0.0,0.32038650435815047,0.01649357274951413,0.13052436055723593,-0.06754965011099312,-0.07249679573127565,-0.05105607736147899,0.058027564825960276
cartofi,2017,0.0,0.2883026439736531,0.2294792646483952,0.06765979368380126,-0.2805353420098742,-0.009632228857840985,-0.05105607736147899,0.058027564825960276
cartofi,2017,0.0,0.30575753896288294,0.3805379691262054,1.0183452378800464,-0.4315940464876844,-0.9603176730540861,-0.05105607736147899,0.058027564825960276
cartofi,2017,0.0,0.27574532816434993,0.48937724951306105,0.8103804123708915,0.43832117215158206,0.8684079771968518,-0.05105607736147899,0.058027564825960276
cartofi,2017,0.0,0.299182698236885,1.7832591656314438,1.6653168633205082,-1.8343152429929228,-1.607289298494548,-0.05105607736147899,0.058027564825960276
cartofi,2017,0.0,0.294801948487571,0.056471002623384337,0.6577714796313154,0.005414925261905346,-0.5997439148053552,-0.05105607736147899,0.058027564825960276
cartofi,2017,0.0,0.47207893252068944,0.41234829942228934,0.02748014575011304,0.36129222206081035,0.08550771057607331,-0.05105607736147899,0.058027564825960276
cartofi,2017,0.0,0.2776493777817471,0.40622018642353463,0.7281677617070264,0.35516410906205564,0.7861953265329866,-0.05105607736147899,0.058027564825960276
cartofi,2017,0.0,0.21221870204304016,1.304377784458489,1.46753838757156,1.25332170709701,1.5255659523975202,-0.05105607736147899,0.058027564825960276
cartofi,2017,0.0,0.533657339563219,0.2907841146558878,0.11997706972958966,-0.3418401920173668,0.17800463455554993,-0.05105607736147899,0.058027564825960276
cartofi,2017,0.0,0.5465675759967505,0.08409602688722284,0.13722261853232443,0.03303994952574385,0.1952501833582847,-0.05105607736147899,0.058027564825960276
cartofi,2017,0.0,0.33425484210055806,0.17725235520333626,0.24926459253712085,-0.22830843256481526,-0.19123702771116058,-0.05105607736147899,0.058027564825960276
cartofi,2017,0.0,0.29532738706212125,0.554883359586329,0.6323729016043629,0.50382728222485,0.6904004664303232,-0.05105607736147899,0.058027564825960276
cartofi,2017,0.0,0.3902676570783842,0.4729116486438478,0.027985829195975143,-0.5239677260053268,0.030041735629985133,-0.05105607736147899,0.058027564825960276
cartofi,2018,0.0,0.8203825444806648,0.15318484422898848,0.06996068906865638,0.22857610267883732,-0.1305676086933314,0.07539125844984884,-0.060606919624675015
cartofi,2018,0.0,0.5063049657066377,0.26844233656716465,0.12733892739582675,-0.1930510781173158,0.06673200777115174,0.07539125844984884,-0.060606919624675015
cartofi,2018,0.0,0.28471752663937105,0.8351118644418323,0.8160912123875104,0.9105031228916811,0.7554842927628354,0.07539125844984884,-0.060606919624675015
cartofi,2018,0.0019157923871679916,0.4167695056264404,0.16091825995115716,0.33818530616897746,-0.08552700150130832,0.27757838654430245,0.07539125844984884,-0.060606919624675015
cartofi,2018,0.0,0.302009383998058,0.33758045643863177,0.5073082669720055,0.4129717148884806,0.44670134734733047,0.07539125844984884,-0.060606919624675015
cartofi,2018,0.004116918890518129,0.2738807907782367,0.29830880560240836,0.35225249589187957,-0.22291754715255951,0.29164557626720455,0.07539125844984884,-0.060606919624675015
cartofi,2018,0.0,0.3026038798463887,0.9092468696903571,1.2631073302313163,-0.8338556112405082,-1.3237142498559913,0.07539125844984884,-0.060606919624675015
cartofi,2018,0.0,0.34071806981753683,0.16997383854670378,0.27729735518670573,0.24536509699655262,0.21669043556203071,0.07539125844984884,-0.060606919624675015
cartofi,2018,0.0,0.826351586760742,0.04720412563411802,0.021892400541748458,0.12259538408396686,-0.08249932016642347,0.07539125844984884,-0.060606919624675015
cartofi,2018,0.0,0.5133593190984728,0.32010502570295607,0.24187410401568155,-0.24471376725310723,0.18126718439100653,0.07539125844984884,-0.060606919624675015
cartofi,2018,0.0,0.9180590296155018,0.9504881300623516,0.875446927823321,-0.8750968716125027,-0.936053847447996,0.07539125844984884,-0.060606919624675015
cartofi,2018,0.0,0.8505569238028781,0.2595095673279273,0.3247315643454698,0.33490082577777613,0.2641246447207948,0.07539125844984884,-0.060606919624675015
cartofi,2018,0.0,0.3862382724816321,2.215585002680558,2.52165935666856,-2.140193744230709,-2.582266276293235,0.07539125844984884,-0.060606919624675015
cartofi,2018,0.0,0.8480861819795569,0.4286660487694718,1.1818930698532961,0.5040573072193206,1.121286150228621,0.07539125844984884,-0.060606919624675015
cartofi,2018,0.0,0.6200886185798989,0.44161017651452017,0.2897387376313061,0.517001434964369,0.22913181800663107,0.07539125844984884,-0.060606919624675015
cartofi,2018,0.0,0.6818292869084145,0.39773653951213284,0.8655462653767487,-0.322345281062284,-0.9261531850014237,0.07539125844984884,-0.060606919624675015
cartofi,2018,0.0,0.5551039342969345,0.4905204614462546,0.6024414919782348,0.5659117198961034,0.5418345723535598,0.07539125844984884,-0.060606919624675015
cartofi,2018,0.0,0.3014136068445446,0.7837051902393002,1.2313633090231386,0.859096448689149,1.1707563893984636,0.07539125844984884,-0.060606919624675015
cartofi,2018,0.0,0.8613441830992606,0.6215642842489686,0.9372478996456923,0.6969555426988174,0.8766409800210173,0.07539125844984884,-0.060606919624675015
cartofi,2018,0.0,1.1132743332315758,1.1802531336572133,0.9635742444490032,-1.1048618752073645,-1.0241811640736782,0.07539125844984884,-0.060606919624675015
cartofi,2018,0.0,1.177491908421448,0.6161675847388812,0.49604281939961403,0.6915588431887301,0.435435899774939,0.07539125844984884,-0.060606919624675015
cartofi,2018,0.0,0.8791141531756781,0.23878462566584968,0.07369830111119935,-0.16339336721600084,-0.13430522073587436,0.07539125844984884,-0.060606919624675015
cartofi,2018,0.0,0.8842660748289373,0.4541305803764284,0.06788050207145924,-0.37873932192657955,-0.12848742169613425,0.07539125844984884,-0.060606919624675015
cartofi,2018,0.0,1.0920940436889748,0.4788612374074903,0.40980571853419345,0.5542524958573392,0.34919879890951844,0.07539125844984884,-0.060606919624675015
cartofi,2018,0.0,0.79743977425761,0.1544418317607219,0.10432672952936173,-0.07905057331087306,0.04371980990468671,0.07539125844984884,-0.060606919624675015
cartofi,2019,0.0,0.22422104872992338,0.20233522473058851,0.28189784496577364,-0.10455176186563975,-0.259627061049021,0.09778346286494877,0.022270783916752634
cartofi,2019,0.0,0.19441300921539648,0.22522825411606728,0.21206146276430804,-0.12744479125111852,-0.1897906788475554,0.09778346286494877,0.022270783916752634
cartofi,2019,0.0,0.2623230086018215,0.196657661928203,0.28001835916732887,-0.09887419906325423,-0.25774757525057623,0.09778346286494877,0.022270783916752634
cartofi,2019,0.0,0.22976718365780086,0.18087251682289995,0.07537317182163505,-0.08308905395795119,0.09764395573838769,0.09778346286494877,0.022270783916752634
cartofi,2019,0.0,0.19210506413990874,0.35879814714527214,0.7184293459145081,0.4565816100102209,0.7407001298312608,0.09778346286494877,0.022270783916752634
cartofi,2019,0.0,0.21866472994469738,0.388270494455095,0.005062719607313859,-0.2904870315901462,0.027333503524066494,0.09778346286494877,0.022270783916752634
cartofi,2019,0.0,0.0907802308372442,0.21624165869600853,0.22404792140455188,-0.11845819583105976,-0.20177713748779924,0.09778346286494877,0.022270783916752634
cartofi,2019,0.0,0.09193752892502428,1.3401481747131068,1.146053960665181,-1.242364711848158,-1.1237831767484283,0.09778346286494877,0.022270783916752634
cartofi,2019,0.0,0.1884154760485402,0.12133731829830552,0.027287323836596045,0.21912078116325429,0.04955810775334868,0.09778346286494877,0.022270783916752634
cartofi,2019,0.0,0.22792519954441012,1.4742307324073853,1.2299125650245322,-1.3764472695424366,-1.2076417811077795,0.09778346286494877,0.022270783916752634
cartofi,2019,0.0,0.3334278918114284,0.8222036760854614,1.057455804681653,0.9199871389504102,1.0797265885984055,0.09778346286494877,0.022270783916752634
cartofi,2019,0.0,0.27523385651003557,0.13305848584097024,0.5876927576733388,0.230841948705919,0.6099635415900915,0.09778346286494877,0.022270783916752634
cartofi,2019,0.0,0.30419695087452364,0.04923023627525058,0.14363695402756171,0.048553226589698184,0.16590773794431435,0.09778346286494877,0.022270783916752634
cartofi,2019,0.0,0.22967039050498048,0.2485376442179641,0.5517507817259499,0.34632110708291286,0.5740215656427026,0.09778346286494877,0.022270783916752634
cartofi,2019,0.0,0.1851793876074105,1.185169369364937,1.0514558272182022,-1.0873859064999882,-1.0291850433014496,0.09778346286494877,0.022270783916752634
cartofi,2019,0.0,0.33187525312988886,0.5205726360684992,1.2342082978256514,-0.4227891732035505,-1.2119375139088988,0.09778346286494877,0.022270783916752634
cartofi,2019,0.0,0.31385172023267915,1.133171518692592,1.2381972191954205,1.2309549815575407,1.260468003112173,0.09778346286494877,0.022270783916752634
cartofi,2019,0.0,0.21269471970798165,0.1048779960216013,0.25268452696434984,-0.007094533156652538,0.2749553108811025,0.09778346286494877,0.022270783916752634
cartofi,2019,0.0,0.2890906372519273,0.2745583179129145,0.026836941863384922,-0.17677485504796575,-0.004566157946632288,0.09778346286494877,0.022270783916752634
cartofi,2019,0.0,0.339425897666105,0.9759268145452706,1.1392660088844275,-0.8781433516803219,-1.116995224967675,0.09778346286494877,0.022270783916752634
cartofi,2019,0.0,0.3900696702560196,0.7223905546130203,0.6675996710003584,0.820174017477969,0.6898704549171111,0.09778346286494877,0.022270783916752634
cartofi,2019,0.0,0.3682342428720549,0.1413918927875928,0.13698704153743702,-0.04360842992264402,-0.11471625762068438,0.09778346286494877,0.022270783916752634
cartofi,2019,0.0,0.2449922681417623,0.374085566493509,0.10341414611015853,0.47186902935845776,-0.0811433621934059,0.09778346286494877,0.022270783916752634
cartofi,2019,0.0,0.3483691707404472,0.7415590689771951,0.663701034481746,0.8393425318421439,0.6859718183984986,0.09778346286494877,0.022270783916752634
cartofi,2019,0.0,0.37871553612540815,0.3759834288574302,0.520519468581722,0.47376689172237896,0.5427902524984747,0.09778346286494877,0.022270783916752634
cartofi,2020,0.0,0.22832981158788207,0.8061798944949965,0.5956979737809744,0.6021586864046462,0.3248574869674776,-0.2040212080903503,-0.2708404868134968
cartofi,2020,0.0,0.3804712024263871,0.015886274131838185,0.5587719886341969,-0.1881349339585121,0.28793150182070004,-0.2040212080903503,-0.2708404868134968
cartofi,2020,0.0,0.14512816686613217,0.8632029779318744,0.6470513982228043,0.6591817698415241,0.3762109114093075,-0.2040212080903503,-0.2708404868134968
cartofi,2020,0.0,0.15905104079727989,0.39685883502158825,0.2580788872464894,-0.6008800431119385,-0.5289193740599862,-0.2040212080903503,-0.2708404868134968
cartofi,2020,0.0,0.31846943478761525,0.03423258056309475,0.663042268733939,-0.16978862752725554,0.3922017819204422,-0.2040212080903503,-0.2708404868134968
cartofi,2020,0.0,0.15227354188185563,0.4166033452108042,0.6442751414511703,0.21258213712045393,0.37343465463767345,-0.2040212080903503,-0.2708404868134968
cartofi,2020,0.0,0.27663745332158474,0.19061386771967204,0.5482903815147591,-0.39463507581002233,0.27744989470126225,-0.2040212080903503,-0.2708404868134968
cartofi,2020,0.0,0.17535019336905228,0.08890769670483323,0.11515453452305291,-0.2929289047951835,-0.3859950213365497,-0.2040212080903503,-0.2708404868134968
cartofi,2020,0.0,0.22503369444243876,0.5929411167644845,0.6275666818557224,-0.7969623248548348,-0.8984071686692192,-0.2040212080903503,-0.2708404868134968
cartofi,2020,0.0,0.3591343350758028,0.5186287332059676,0.32558168986558744,0.3146075251156173,0.054741203052090626,-0.2040212080903503,-0.2708404868134968
cartofi,2020,0.0,0.1346312114724334,0.04189996263720808,0.6476888791355311,-0.16212124545314222,0.37684839232203426,-0.2040212080903503,-0.2708404868134968
cartofi,2020,0.0,0.25852115134596365,0.8486755603938612,0.9010627383601131,0.6446543523035109,0.6302222515466163,-0.2040212080903503,-0.2708404868134968
cartofi,2020,0.0,0.1569847308565441,0.12264062433685652,0.6115777680058159,-0.08138058375349377,0.34073728119231905,-0.2040212080903503,-0.2708404868134968
cartofi,2020,0.0,0.11554491359658581,0.7276331902061859,0.8005000990401241,-0.9316543982965362,-1.071340585853621,-0.2040212080903503,-0.2708404868134968
cartofi,2020,0.0,0.2750620744218396,0.12249335399264716,0.4942233451026823,-0.08152785409770313,0.22338285828918547,-0.2040212080903503,-0.2708404868134968
cartofi,2020,0.0,0.2369280559300051,0.8816662169094442,1.123151593898399,0.677645008819094,0.8523111070849021,-0.2040212080903503,-0.2708404868134968
cartofi,2020,0.0,0.15689295754805807,0.6737850815234045,1.0845079150580976,-0.8778062896137548,-1.3553484018715944,-0.2040212080903503,-0.2708404868134968
cartofi,2020,0.0,0.18367088516535496,0.7843497165932405,1.0920748028599228,0.5803285085028902,0.8212343160464259,-0.2040212080903503,-0.2708404868134968
cartofi,2020,0.0,0.1339801699758532,1.0066779578979643,1.4615627776706415,0.802656749807614,1.1907222908571446,-0.2040212080903503,-0.2708404868134968
cartofi,2020,0.0,0.19681983223712854,2.3274932115219413,2.670828245256605,-2.5315144196122916,-2.941668732070102,-0.2040212080903503,-0.2708404868134968
cartofi,2020,0.0,0.31826683847220016,0.4392597692294915,0.5307083405038542,0.2352385611391412,0.25986785369035736,-0.2040212080903503,-0.2708404868134968
cartofi,2020,0.0,0.1782841747628635,1.0280034319086164,0.9350910374092978,0.8239822238182661,0.664250550595801,-0.2040212080903503,-0.2708404868134968
cartofi,2020,0.0,0.20034863289009133,0.16973256575013185,0.009514635470749155,-0.034288642340218445,-0.26132585134274766,-0.2040212080903503,-0.2708404868134968
cartofi,2020,0.0,0.16270018826938684,0.8247870301543916,0.6185800229683087,0.6207658220640413,0.3477395361548119,-0.2040212080903503,-0.2708404868134968
cartofi,2020,0.0,0.28265091188005825,0.1205252993979462,0.8473508484059167,-0.3245465074882965,-1.1181913352194135,-0.2040212080903503,-0.2708404868134968
cartofi,2020,0.0,0.22109816052637887,1.0928821003431164,0.8261612212657417,0.8888608922527661,0.5553207344522448,-0.2040212080903503,-0.2708404868134968
cartofi,2020,0.0,0.16642194365155563,0.6095288216139707,0.4825723504959125,0.4055076135236204,0.2117318636824157,-0.2040212080903503,-0.2708404868134968
cartofi,2021,0.0,0.29985979819105557,0.02343085589034999,0.26760153645332707,0.12411095965475027,0.026901999578244684,0.10068010376440029,-0.2406995368750824
cartofi,2021,0.0,0.40722393081053676,0.0986397006868378,0.6662713523660653,0.0020404030775624804,0.4255718154909829,0.10068010376440029,-0.2406995368750824
cartofi,2021,0.0,0.37621264341352434,0.3308828975109641,0.06556668432457702,0.4315630012753644,-0.3062662211996594,0.10068010376440029,-0.2406995368750824
cartofi,2021,0.0,0.33094112093315137,0.20798460602823,0.135248574244744,0.3086647097926303,-0.10545096263033837,0.10068010376440029,-0.2406995368750824
cartofi,2021,0.0,0.3960819257476135,0.06394686340848388,0.5281026794105665,0.03673324035591641,0.28740314253548416,0.10068010376440029,-0.2406995368750824
cartofi,2021,0.0,0.23007837315220722,0.0811246988608314,0.4852745491213195,0.019555404903568885,-0.7259740859964019,0.10068010376440029,-0.2406995368750824
cartofi,2021,0.0,0.22580177324907397,0.9336981667563773,0.861514450228464,1.0343782705207776,0.6208149133533816,0.10068010376440029,-0.2406995368750824
cartofi,2021,0.0,0.40731196678678677,0.0965781228517919,0.6731949686173033,0.004101980912608383,0.43249543174222094,0.10068010376440029,-0.2406995368750824
cartofi,2021,0.0,0.3893376984771041,0.15115007781439704,0.4358098657033107,-0.05046997404999676,-0.6765094025783931,0.10068010376440029,-0.2406995368750824
cartofi,2021,0.0,0.3870697107642028,0.7819656456575057,0.7462382827725325,-0.6812855418931054,-0.9869378196476148,0.10068010376440029,-0.2406995368750824
cartofi,2021,0.0,0.4483550426777313,0.4002002238043554,0.138489858322286,0.5008803275687557,-0.10220967855279639,0.10068010376440029,-0.2406995368750824
cartofi,2021,0.0,0.17199125412849592,0.14471043099464342,0.7736136859791767,-0.04403032723024314,0.5329141491040943,0.10068010376440029,-0.2406995368750824
cartofi,2021,0.0,0.42875056325570043,0.576253313879465,0.08487482650711176,-0.4755732101150647,-0.32557436338219414,0.10068010376440029,-0.2406995368750824
cartofi,2021,0.0,0.2727246471562696,0.06747908879701026,0.6197560504967958,0.03320101496739003,0.37905651362171344,0.10068010376440029,-0.2406995368750824
cartofi,2021,0.0,0.23979944359063707,0.2024396155470205,0.6175640220033403,-0.10175951178262022,0.3768644851282579,0.10068010376440029,-0.2406995368750824
cartofi,2021,0.0,0.3884745347938424,3.3969976934962673,3.428155323339489,-3.296317589731867,-3.668854860214571,0.10068010376440029,-0.2406995368750824
cartofi,2021,0.0,0.2812675966224941,0.08376098357708095,0.7436545072740506,0.016919120187319336,0.5029549703989682,0.10068010376440029,-0.2406995368750824
cartofi,2021,0.0,0.4600512317032841,0.20335808385854648,0.3023703346928155,0.30403818762294677,0.0616707978177331,0.10068010376440029,-0.2406995368750824
cartofi,2021,0.0,0.2060240799359884,0.08620770476510664,0.14488413559613456,0.18688780852950693,-0.09581540127894783,0.10068010376440029,-0.2406995368750824
cartofi,2021,0.0,0.3081472792393821,0.12702973169113552,0.8039287051232469,0.2277098354555358,0.5632291682481645,0.10068010376440029,-0.2406995368750824
cartofi,2021,0.3220568250574143,0.6208332172339271,0.7902695900176795,0.2690327353903026,-0.6895894862532792,0.028333198515220204,0.10068010376440029,-0.2406995368750824
cartofi,2021,0.0,0.2343457016882386,1.025998922118128,0.6233011051159325,-0.9253188183537278,-0.8640006419910149,0.10068010376440029,-0.2406995368750824
cartofi,2021,0.0,0.1812167298262608,0.4276452376899105,0.4412050353553454,0.5283253414543108,0.200505498480263,0.10068010376440029,-0.2406995368750824
cartofi,2021,0.0,0.21489227487286505,0.1764863548628055,0.9751428515262068,0.2771664586272058,0.7344433146511244,0.10068010376440029,-0.2406995368750824
cartofi,2021,0.0,0.20379060179325767,1.4036917970874372,1.682653429532123,1.5043719008518375,1.4419538926570405,0.10068010376440029,-0.2406995368750824
cartofi,2021,0.0,0.2689455553309969,1.161059522227518,1.4747416343843156,1.2617396259919182,1.2340420975092332,0.10068010376440029,-0.2406995368750824
cartofi,2021,0.0,0.22843941656992167,0.6387232361044317,0.24913758551486787,-0.5380431323400314,0.008438048639785478,0.10068010376440029,-0.2406995368750824
cartofi,2022,0.0,0.17285232201813625,0.4960960259407381,0.6009746875876454,0.6019878787915305,0.6102730607420801,0.10589185285079239,0.009298373154434714
cartofi,2022,0.0,0.18984623998948305,0.10291015612548549,0.21569746331449746,0.0029816967253069038,0.22499583646893218,0.10589185285079239,0.009298373154434714
cartofi,2022,0.0,0.19559780324714254,0.8373730022345711,0.4977048877006789,0.9432648550853635,0.5070032608551136,0.10589185285079239,0.009298373154434714
cartofi,2022,0.0,0.09849456705412446,1.3037395131850102,1.071816189976758,-1.1978476603342179,-1.0625178168223233,0.10589185285079239,0.009298373154434714
cartofi,2022,0.0,0.16195629667908826,0.5274945560689597,0.2582676689492862,-0.4216027032181673,-0.2489692957948515,0.10589185285079239,0.009298373154434714
cartofi,2022,0.0,0.241111989826652,0.9983106048665027,0.820376817673325,1.104202457717295,0.8296751908277598,0.10589185285079239,0.009298373154434714
cartofi,2022,0.0,0.14119426895358317,0.5652784971860738,0.5573114535830284,0.6711703500368662,0.5666098267374631,0.10589185285079239,0.009298373154434714
cartofi,2022,0.0,0.31771470300430965,0.024164581013896402,0.5782218470600977,0.1300564338646888,0.5875202202145324,0.10589185285079239,0.009298373154434714
cartofi,2022,0.0,0.23410022633178543,0.970804497919588,1.4820411808220038,-0.8649126450687956,-1.472742807667569,0.10589185285079239,0.009298373154434714
cartofi,2022,0.0,0.21682011374977866,0.6135910140313516,0.655968258556153,-0.5076991611805592,-0.6466698854017183,0.10589185285079239,0.009298373154434714
cartofi,2022,0.0,0.2482202808341271,0.9578531048298049,1.0672663208149697,-0.8519612519790125,-1.057967947660535,0.10589185285079239,0.009298373154434714
cartofi,2022,0.0,0.24993913038525103,0.11327718448961299,0.38573023559135144,0.21916903734040538,-0.37643186243691673,0.10589185285079239,0.009298373154434714
cartofi,2022,0.0,0.09751076694367013,1.1958168354063048,0.9785157148132955,-1.0899249825555124,-0.9692173416588608,0.10589185285079239,0.009298373154434714
cartofi,2022,0.0,0.16445616576286745,0.5890018573111488,0.8911996924023278,0.6948937101619412,0.9004980655567625,0.10589185285079239,0.009298373154434714
cartofi,2022,0.0,0.19673989718516977,0.2667538876378819,0.31891922083646485,-0.1608620347870895,0.32821759399089956,0.10589185285079239,0.009298373154434714
cartofi,2022,0.0,0.22311470849001908,0.25288771926264175,0.6395395089532547,0.35877957211343414,0.6488378821076894,0.10589185285079239,0.009298373154434714
cartofi,2022,0.0,0.2651169050051089,0.05902337967497484,0.3028366878026203,0.04686847317581755,0.312135060957055,0.10589185285079239,0.009298373154434714
cartofi,2022,0.0,0.17748619826919937,0.08357680395776423,0.39318800569363077,0.18946865680855662,-0.38388963253919606,0.10589185285079239,0.009298373154434714
cartofi,2022,0.0,0.12822326243468604,0.16762449969771342,0.06140262335749558,-0.061732646846921035,0.07070099651193029,0.10589185285079239,0.009298373154434714
cartofi,2022,0.0,0.1156281231006036,0.24820913582346193,0.48751828979006717,0.3541009886742543,0.4968166629445019,0.10589185285079239,0.009298373154434714
cartofi,2022,0.0,0.19644378666109671,1.143970457402339,1.0922274549273836,-1.0380786045515467,-1.0829290817729489,0.10589185285079239,0.009298373154434714
cartofi,2022,0.0,0.29220792078865987,0.1631487776675531,0.5918376421151805,0.2690406305183455,0.6011360152696152,0.10589185285079239,0.009298373154434714
cartofi,2022,0.0,0.46677047588507115,0.051873042454961826,0.2880532619283871,0.15776489530575422,0.2973516350828218,0.10589185285079239,0.009298373154434714
cartofi,2022,0.0,0.4393000025787502,1.2040357190272397,0.8473874830271546,-1.0981438661764473,-0.8380891098727199,0.10589185285079239,0.009298373154434714
cartofi,2022,0.0,0.35553189089561876,0.7887608250503826,0.3118763221168068,0.894652677901175,0.32117469527124154,0.10589185285079239,0.009298373154434714
cartofi,2022,0.0,0.25746187224192985,0.6507606106034851,0.6906723972273072,0.7566524634542775,0.6999707703817419,0.10589185285079239,0.009298373154434714
cartofi,2022,0.0,0.26971571460077726,0.5298613551570934,0.967847538493694,0.6357532080078858,0.9771459116481287,0.10589185285079239,0.009298373154434714
cartofi,2022,0.0,0.20484510505737016,0.8439342818353781,0.8499362770950354,-0.7380424289845857,-0.8406379039406007,0.10589185285079239,0.009298373154434714
cartofi,2023,0.0,0.4890784967332581,0.8863023000173245,1.2952948119341743,-0.8529576498280056,-1.2624354058364577,0.03334465018931887,0.03285940609771654
cartofi,2023,0.0,0.3287609616130779,0.20259819150732916,0.02363966895890446,-0.1692535413180103,0.009219737138812079,0.03334465018931887,0.03285940609771654
cartofi,2023,0.0,0.21372443793507562,0.8748519379538138,0.35850905335159045,0.9081965881431326,0.391368459449307,0.03334465018931887,0.03285940609771654
cartofi,2023,0.0,0.24370593431155477,0.10022508047141976,0.26729160883375247,-0.06688043028210089,-0.23443220273603593,0.03334465018931887,0.03285940609771654
cartofi,2023,0.0,0.1868923168334422,1.9830810440064819,1.7635116509795763,2.0164256941958008,1.7963710570772928,0.03334465018931887,0.03285940609771654
cartofi,2023,0.0,0.20394038443163728,0.06119819549388694,0.023351192701033696,-0.027853545304568073,0.05621059879875023,0.03334465018931887,0.03285940609771654
cartofi,2023,0.0,0.3306017043346702,0.19567378222428644,0.010385399467152112,-0.16232913203496757,0.04324480556486865,0.03334465018931887,0.03285940609771654
cartofi,2023,0.0,0.28984949490984613,2.028018784177161,1.6856074086544295,2.0613634343664797,1.718466814752146,0.03334465018931887,0.03285940609771654
cartofi,2023,0.0,0.22478715991014223,0.6827387423578575,0.5699272658735808,0.7160833925471763,0.6027866719712973,0.03334465018931887,0.03285940609771654
cartofi,2023,0.0,0.43763335837396566,0.06895930052258414,0.12464485474157705,-0.035614650333265274,-0.09178544864386051,0.03334465018931887,0.03285940609771654
cartofi,2023,0.0,0.28422629566721935,0.16742868551508217,0.5449369087421339,0.20077333570440103,0.5777963148398504,0.03334465018931887,0.03285940609771654
cartofi,2023,0.0,0.46526555476244835,0.7442030982016856,0.7520081474236919,0.7775477483910045,0.7848675535214085,0.03334465018931887,0.03285940609771654
cartofi,2023,0.0,0.3327440336561144,0.44672631584970457,0.12814369281220994,-0.4133816656603857,-0.0952842867144934,0.03334465018931887,0.03285940609771654
cartofi,2023,0.0,0.37263537209977843,1.0095248161245403,0.8573031416785915,-0.9761801659352214,-0.8244437355808749,0.03334465018931887,0.03285940609771654
cartofi,2023,0.0,0.23864089196699903,0.5958455463086203,0.5506875475073771,-0.5625008961193014,-0.5178281414096606,0.03334465018931887,0.03285940609771654
cartofi,2023,0.0,0.2876192031291521,0.3901074522607466,0.04328485794929282,0.4234521024500655,0.07614426404700936,0.03334465018931887,0.03285940609771654
cartofi,2023,0.0,0.2341953318729333,0.3947155154145747,0.15181321248096324,-0.36137086522525586,-0.11895380638324671,0.03334465018931887,0.03285940609771654
cartofi,2023,0.0,0.24444967796031639,1.3151384037301748,1.3097021799019064,-1.281793753540856,-1.2768427738041899,0.03334465018931887,0.03285940609771654
cartofi,2023,0.0,0.401936913978885,0.7734505342689726,0.9250124604526704,-0.7401058840796537,-0.8921530543549538,0.03334465018931887,0.03285940609771654
cartofi,2023,0.0,0.4427707613148756,0.22379189889205442,0.3009468745427917,-0.19044724870273555,0.3338062806405082,0.03334465018931887,0.03285940609771654
cartofi,2023,0.0,0.6088228119260692,0.1124624974699664,0.1346169934114485,0.14580714765928526,0.16747639950916504,0.03334465018931887,0.03285940609771654
cartofi,2023,0.0,0.46719188203587436,0.6368454185101129,0.7293151662193047,0.6701900686994318,0.7621745723170212,0.03334465018931887,0.03285940609771654
cartofi,2023,0.0,0.3142455237954897,0.4710698892492653,0.7438187309702755,-0.4377252390599464,-0.710959324872559,0.03334465018931887,0.03285940609771654
cartofi,2023,0.0,0.3418208767303484,0.08227012253502508,0.0396093796877226,-0.04892547234570621,-0.006749973590006064,0.03334465018931887,0.03285940609771654
cartofi,2023,0.0,0.3245933386224188,1.6258640225760939,1.3209247817988112,-1.592519372386775,-1.2880653757010947,0.03334465018931887,0.03285940609771654
cartofi,2024,0.0,0.34290179298375223,0.10893824442140154,0.26120795307827827,-0.08173701429873947,-0.05477431493877827,0.027201230122662068,0.2064336381395
cartofi,2024,0.0,0.41227419505917096,0.08177844447571037,0.16862648634095478,-0.0545772143530483,0.3750601244804548,0.027201230122662068,0.2064336381395
cartofi,2024,0.0,0.4928877958995429,1.0387597024043522,0.1496263149903596,1.0659609325270143,0.3560599531298596,0.027201230122662068,0.2064336381395
cartofi,2024,0.0,0.4361277977069907,0.29527902102001224,0.6050208458062158,-0.2680777908973502,-0.39858720766671585,0.027201230122662068,0.2064336381395
cartofi,2024,0.0,0.3786625510191699,0.05251241699322273,0.9720348804710741,-0.025311186870560665,-0.7656012423315741,0.027201230122662068,0.2064336381395
cartofi,2024,0.0,0.4289569030715901,0.8214941751448865,0.705861300399147,0.8486954052675486,0.912294938538647,0.027201230122662068,0.2064336381395
cartofi,2024,0.0,0.36049209838555485,0.6721355776534601,0.4753212623425114,-0.644934347530798,-0.2688876242030114,0.027201230122662068,0.2064336381395
cartofi,2024,0.0,0.5336273584204159,1.1310461720846212,1.106483779898531,-1.1038449419619591,-0.900050141759031,0.027201230122662068,0.2064336381395
cartofi,2024,0.0,0.48084701210691394,0.028141029835372144,0.20706553547951811,0.05534225995803421,-0.0006318973400181171,0.027201230122662068,0.2064336381395
cartofi,2024,0.0,0.40292397760473975,0.36466700531566065,0.2709252757883922,0.3918682354383227,0.4773589139278922,0.027201230122662068,0.2064336381395
cartofi,2024,0.0,0.3628611002235818,0.5850263474198387,0.0695247722743817,0.6122275775425008,0.2759584104138817,0.027201230122662068,0.2064336381395
cartofi,2024,0.0,0.21441336804597758,1.306308407935874,1.436595919478873,-1.279107177813212,-1.230162281339373,0.027201230122662068,0.2064336381395
cartofi,2024,0.0,0.3409645334853372,0.9106131783270728,0.5203019635696773,0.9378144084497348,0.7267356017091773,0.027201230122662068,0.2064336381395
cartofi,2024,0.0,0.35894212436350975,0.020303093319026466,0.13487196663612178,0.047504323441688534,0.07156167150337822,0.027201230122662068,0.2064336381395
cartofi,2024,0.0,0.5608538858655612,0.17590806543648263,0.4631664570549665,0.2031092955591447,0.6696000951944665,0.027201230122662068,0.2064336381395
cartofi,2024,0.0,0.4145263911091167,0.686165979956967,0.6475549712363753,0.7133672100796291,0.8539886093758753,0.027201230122662068,0.2064336381395
cartofi,2024,0.0,0.21843723976788443,0.9801719694414261,0.4310883302916304,1.0073731995640882,0.6375219684311304,0.027201230122662068,0.2064336381395
cartofi,2024,0.0,0.40851648193868295,0.4744115298274436,0.731476657239678,-0.44721029970478154,-0.525043019100178,0.027201230122662068,0.2064336381395
cartofi,2024,0.0,0.5213604347897236,0.3877345986658449,0.04506739980513341,-0.36053336854318285,0.2515010379446334,0.027201230122662068,0.2064336381395
cartofi,2024,0.0,0.29929675325578364,0.038354333438113564,0.1704561149921311,0.06555556356077563,0.035977523147368906,0.027201230122662068,0.2064336381395
cartofi,2024,0.0,0.5470873710918376,0.4677308402481941,0.0746379455342785,-0.44052961012553205,0.1317956926052215,0.027201230122662068,0.2064336381395
cartofi,2024,0.0,0.48243174808680933,0.2416992475156201,0.38131836212935966,0.2689004776382822,-0.17488472398985966,0.027201230122662068,0.2064336381395
cartofi,2024,0.0,0.3649635363112176,1.4088711262836742,1.8268837021390216,-1.381669896161012,-1.6204500639995216,0.027201230122662068,0.2064336381395
cartofi,2024,0.0,0.6597803206257907,0.02545716108900109,0.07931265859380776,0.05265839121166316,0.28574629673330776,0.027201230122662068,0.2064336381395
cartofi,2024,0.0,0.2878647355475657,0.23607036061019793,0.8306700203106119,-0.20886913048753586,-0.6242363821711119,0.027201230122662068,0.2064336381395
cartofi,2024,0.0,0.6327549867454658,0.0011765316133862669,0.2957144235643616,0.0260246985092758,0.5021480617038616,0.027201230122662068,0.2064336381395
cartofi,2025,0.0,0.3161665423392904,2.6157791331585254,3.025830424938334,-2.2878489501059307,-2.602049719205563,0.3279301830525947,0.4237807057327707
cartofi,2025,0.0,0.49697836154808617,0.9811272709726016,0.8867188574712044,-0.6531970879200069,-0.46293815173843367,0.3279301830525947,0.4237807057327707
cartofi,2025,0.0,0.25900175167498013,0.17653576602055487,0.018233365987048167,0.5044659490731496,0.4420140717198189,0.3279301830525947,0.4237807057327707
cartofi,2025,0.0,0.36733612313268094,0.5376957805589413,0.6166820354463436,-0.2097655975063466,-0.19290132971357288,0.3279301830525947,0.4237807057327707
cartofi,2025,0.0,0.28383587813435784,1.2286169484406275,2.158830979899508,-0.9006867653880328,-1.735050274166737,0.3279301830525947,0.4237807057327707
cartofi,2025,0.0,0.17642501346403966,0.11164118584053462,0.5688536400415476,0.4395713688931293,-0.14507293430877688,0.3279301830525947,0.4237807057327707
cartofi,2025,0.0,0.1493579172201417,0.4861523452539158,0.5222708906820017,-0.15822216220132113,-0.09849018494923101,0.3279301830525947,0.4237807057327707
cartofi,2025,0.0,0.5986663853744655,1.4786453479283503,1.4178144898658775,-1.1507151648757556,-0.9940337841331068,0.3279301830525947,0.4237807057327707
cartofi,2025,0.0,0.25911745426565647,0.37398645110628603,0.37167600372241427,0.7019166341588807,0.795456709455185,0.3279301830525947,0.4237807057327707
cartofi,2025,0.0,0.22280151999599895,0.7833579927991572,1.0548952487710048,-0.4554278097465625,-0.6311145430382341,0.3279301830525947,0.4237807057327707
cartofi,2025,0.0,0.26152827986437677,0.20902541255863571,0.3351174689775487,0.5369555956112304,0.7588981747103194,0.3279301830525947,0.4237807057327707
cartofi,2025,0.0,0.4004606756866935,0.47424831971235015,0.013924626518707406,0.8021785027649448,0.4098560792140633,0.3279301830525947,0.4237807057327707
cartofi,2025,0.0,0.5128439246690063,0.8231487058689053,0.7509023154681627,1.1510788889215,1.1746830212009334,0.3279301830525947,0.4237807057327707
cartofi,2025,0.0,0.39476999712963484,0.06929038848276381,0.5655371133629066,0.2586397945698309,0.9893178190956773,0.3279301830525947,0.4237807057327707
cartofi,2025,0.0,0.24762015209528437,0.5820251362731401,0.42280766665792235,-0.2540949532205454,0.0009730390748483586,0.3279301830525947,0.4237807057327707
cartofi,2025,0.0,0.4018037239904574,0.1452385092129047,0.3577440707681374,0.18269167383968998,0.7815247765009081,0.3279301830525947,0.4237807057327707
cartofi,2025,0.0,0.5269521052526962,0.4703207724467475,0.10804086766414134,0.7982509554993422,0.531821573396912,0.3279301830525947,0.4237807057327707
cartofi,2025,0.0,0.2516903444518198,0.9571312472098135,1.2312642741628834,-0.6292010641572188,-0.8074835684301127,0.3279301830525947,0.4237807057327707
cartofi,2025,0.0,0.22295906603546647,0.7508562263040934,0.310617633552404,-0.42292604325149874,0.1131630721803667,0.3279301830525947,0.4237807057327707
cartofi,2025,0.0,0.18595330829849294,0.16283634112763323,0.32867660429824497,0.4907665241802279,0.7524573100310157,0.3279301830525947,0.4237807057327707
cartofi,2025,0.0,0.5745809195677734,0.4050830037016864,0.40203935238087674,-0.07715282064909168,0.021741353351893977,0.3279301830525947,0.4237807057327707
cartofi,2025,0.0,0.2581246445361879,1.3454496268758476,1.0060307619461852,-1.0175194438232529,-0.5822500562134145,0.3279301830525947,0.4237807057327707
cartofi,2025,0.0,0.6443370792440118,0.27169330327622454,0.43987621141456845,0.5996234863288192,-0.01609550568179774,0.3279301830525947,0.4237807057327707
cartofi,2025,0.0,0.44413688978678606,0.39279244100537625,0.7599499028733261,-0.06486225795278155,-0.3361691971405554,0.3279301830525947,0.4237807057327707
cartofi,2025,0.0,0.30401422185729143,0.3696795691098447,0.6477259379609737,-0.04174938605724998,-0.22394523222820295,0.3279301830525947,0.4237807057327707
cartofi,2025,0.0,0.5048811130889609,0.7010622243618014,0.5161440685904415,1.0289924074143961,0.9399247743232122,0.3279301830525947,0.4237807057327707
cartofi,2025,0.0,0.2520679715995845,0.5003075425478523,0.6919820009598121,0.828237725600447,1.1157627066925828,0.3279301830525947,0.4237807057327707
floarea_soarelui,2007,0.0,0.27257719594936347,0.4512548966152421,0.8612336459743037,-0.01013840618955153,-0.1239895358755454,0.44111649042569057,0.7372441100987583
floarea_soarelui,2007,0.0,0.3350811716495891,0.38201157645669515,0.7988050408522329,0.05910491396899542,-0.061560930753474574,0.44111649042569057,0.7372441100987583
floarea_soarelui,2007,0.0,0.2181082993370788,0.03025924928546564,0.12322620644382454,0.4108572411402249,0.8604703165425829,0.44111649042569057,0.7372441100987583
floarea_soarelui,2007,0.0,0.246987872155858,0.37889510727939646,0.39188261573104866,0.06222138314629411,0.3453614943677097,0.44111649042569057,0.7372441100987583
floarea_soarelui,2007,0.0,0.3353939062177106,0.5440369158191896,0.6473869198093416,-0.102920425393499,0.08985719028941674,0.44111649042569057,0.7372441100987583
floarea_soarelui,2007,0.0,0.27386453152084,0.1481505806210044,0.12078870451146528,0.2929659098046862,0.6164554055872931,0.44111649042569057,0.7372441100987583
floarea_soarelui,2007,0.0,0.3707633268233665,0.4709486271056398,0.8042705926053504,-0.029832136679949217,-0.06702648250659204,0.44111649042569057,0.7372441100987583
floarea_soarelui,2007,0.0,0.3211522124432274,0.5295728087782452,0.782646313044189,-0.08845631835255463,-0.045402202945430625,0.44111649042569057,0.7372441100987583
floarea_soarelui,2007,0.0,0.30896104255441403,0.00018620937240321211,0.15272299047276539,0.44093028105328735,0.584521119625993,0.44111649042569057,0.7372441100987583
floarea_soarelui,2007,0.0,0.2963329328558357,0.14544789653956824,0.19804373673617315,0.5865643869652588,0.9352878468349315,0.44111649042569057,0.7372441100987583
floarea_soarelui,2007,0.0,0.31460790791496407,0.14376909409323035,0.1914892725202102,0.2973473963324602,0.5457548375785481,0.44111649042569057,0.7372441100987583
floarea_soarelui,2007,0.0,0.2686105338912832,0.2607309151179975,0.5640480480057959,0.18038557530769306,0.17319606209296246,0.44111649042569057,0.7372441100987583
floarea_soarelui,2007,0.0,0.2760815403199552,0.38244050955206443,0.4877490972240861,0.05867598087362613,0.24949501287467224,0.44111649042569057,0.7372441100987583
floarea_soarelui,2007,0.0,0.5925981299389761,0.4215464076045512,0.6491724634996379,0.019570082821139367,0.08807164659912048,0.44111649042569057,0.7372441100987583
floarea_soarelui,2007,0.0,0.3671716469346057,0.46829153528935286,0.9679444205344756,-0.02717504486366229,-0.23070031043571726,0.44111649042569057,0.7372441100987583
floarea_soarelui,2007,0.0,0.6562986280267447,0.5737353068876563,0.8535413633074898,-0.13261881646196572,-0.11629725320873141,0.44111649042569057,0.7372441100987583
floarea_soarelui,2007,0.0,0.6781914217409847,0.7857989556061484,1.1180549510751614,-0.34468246518045786,-0.38081084097640305,0.44111649042569057,0.7372441100987583
floarea_soarelui,2007,0.0,0.36943795913471195,0.6668945792665539,1.0613643045301848,-0.22577808884086337,-0.3241201944314265,0.44111649042569057,0.7372441100987583
floarea_soarelui,2007,0.0,0.3489631869447573,0.6025477204221867,1.0346440801958727,-0.16143122999649617,-0.2973999700971144,0.44111649042569057,0.7372441100987583
floarea_soarelui,2007,0.0,0.35387877052777206,0.4755979524589671,1.01739898518955,-0.03448146203327651,-0.2801548750907916,0.44111649042569057,0.7372441100987583
floarea_soarelui,2007,0.0,0.3704456778497637,0.4123368043062816,0.7749602206290518,0.028779686119408954,-0.037716110530293445,0.44111649042569057,0.7372441100987583
floarea_soarelui,2007,0.0,0.3757161947620574,0.22543344122543307,0.5662054879549359,0.2156830492002575,0.17103862214382248,0.44111649042569057,0.7372441100987583
floarea_soarelui,2007,0.0,0.33747285751988676,0.6608702021261164,1.086250935991616,-0.2197537117004258,-0.3490068258928576,0.44111649042569057,0.7372441100987583
floarea_soarelui,2007,0.0,0.3283296870348759,0.12837679954792058,0.3282392199480717,0.31273969087777,0.40900489015068664,0.44111649042569057,0.7372441100987583
floarea_soarelui,2007,0.0,0.32435450247295955,0.16896158501294045,0.6165497192687333,0.2721549054127501,0.12069439083002509,0.44111649042569057,0.7372441100987583
floarea_soarelui,2007,0.0,0.23481368643858963,0.02223512379694803,0.31809383510943956,0.4633516142226386,0.4191502749893188,0.44111649042569057,0.7372441100987583
floarea_soarelui,2007,0.0,0.8680613665408293,1.0222527202655005,1.560712965251327,-0.58113622983981,-0.8234688551525688,0.44111649042569057,0.7372441100987583
floarea_soarelui,2007,0.0,0.6571186178900377,0.7420727404956682,1.168326366866499,-0.3009562500699776,-0.4310822567677406,0.44111649042569057,0.7372441100987583
floarea_soarelui,2007,0.0,0.8994604234988668,0.32895692304169244,0.6733066042538864,0.11215956738399813,0.0639375058448719,0.44111649042569057,0.7372441100987583
floarea_soarelui,2007,0.0,0.7039759387820305,0.5662727302606088,0.9467556859048083,-0.1251562398349182,-0.20951157580604995,0.44111649042569057,0.7372441100987583
floarea_soarelui,2007,0.0,0.4321753903480484,1.0024452434237743,1.3609055377920818,-0.5613287529980837,-0.6236614276933234,0.44111649042569057,0.7372441100987583
floarea_soarelui,2007,0.0,0.7206569956389476,0.4085977177382849,0.7186794754261026,0.03251877268740566,0.01856463467265579,0.44111649042569057,0.7372441100987583
floarea_soarelui,2007,0.0,0.22729224780922772,0.6535920360505574,1.0490739355174021,-0.2124755456248668,-0.3118298254186438,0.44111649042569057,0.7372441100987583
floarea_soarelui,2007,0.0,0.7585341885680081,0.793995157299237,1.1607837259373834,-0.3528786668735464,-0.4235396158386251,0.44111649042569057,0.7372441100987583
floarea_soarelui,2007,0.0,0.928601009580292,0.7759271368096619,1.2908262717020416,-0.3348106463839713,-0.5535821616032832,0.44111649042569057,0.7372441100987583
floarea_soarelui,2008,0.0,0.2661134356217678,0.36473028095021,0.39614138623140116,-0.3827612042963713,-0.4447496178018726,-0.0180309233461613,-0.04860823157047145
floarea_soarelui,2008,0.0,0.18779486421099573,0.2498481051753667,0.1464556181159944,-0.267879028521528,-0.19506384968646584,-0.0180309233461613,-0.04860823157047145
floarea_soarelui,2008,0.02186881121668094,0.48711711306394256,0.23675889689872376,0.09256431455236935,-0.25478982024488506,-0.1411725461228408,-0.0180309233461613,-0.04860823157047145
floarea_soarelui,2008,0.0,0.4678223944325306,0.07850773272388833,0.09566067982201343,-0.09653865607004963,-0.14426891139248488,-0.0180309233461613,-0.04860823157047145
floarea_soarelui,2008,0.0,0.35964769085590287,0.09633200650082241,0.11490449891327081,0.07830108315466111,0.06629626734279936,-0.0180309233461613,-0.04860823157047145
floarea_soarelui,2008,0.0,0.30955529781348623,0.00723425520021026,0.009797148240483278,-0.010796668145951038,-0.05840537981095473,-0.0180309233461613,-0.04860823157047145
floarea_soarelui,2008,0.0,0.1785386870919881,0.08984114943276911,0.14745921233713455,0.07181022608660781,0.0988509807666631,-0.0180309233461613,-0.04860823157047145
floarea_soarelui,2008,0.0,0.28141665812481487,0.05936859065410882,0.16821367842280877,0.04133766730794752,0.11960544685233732,-0.0180309233461613,-0.04860823157047145
floarea_soarelui,2008,0.0,0.18911681095108962,0.023082789638800172,0.20045128945987534,0.0050518662926388735,0.1518430578894039,-0.0180309233461613,-0.04860823157047145
floarea_soarelui,2008,0.0,0.3489881050876453,0.07902623219474147,0.08303579764492586,-0.09705715554090277,-0.1316440292153973,-0.0180309233461613,-0.04860823157047145
floarea_soarelui,2008,0.0,0.4572746378340404,0.06269074642673367,0.17432874439996704,0.04465982308057237,0.1257205128294956,-0.0180309233461613,-0.04860823157047145
floarea_soarelui,2008,0.0,0.20976562631189805,0.23257330650960117,0.24889089437846845,0.21454238316343988,0.200282662807997,-0.0180309233461613,-0.04860823157047145
floarea_soarelui,2008,0.0,0.30364796670834915,0.14814607027207316,0.15526200063068707,0.13011514692591186,0.10665376906021562,-0.0180309233461613,-0.04860823157047145
floarea_soarelui,2008,0.0,0.20524680315443602,0.09114633488021262,0.013000367387261846,-0.10917725822637392,-0.0356078641832096,-0.0180309233461613,-0.04860823157047145
floarea_soarelui,2008,0.0,0.2408187122849858,0.33483077431001496,0.2984363396330765,0.31679985096385366,0.24982810806260503,-0.0180309233461613,-0.04860823157047145
floarea_soarelui,2008,0.0,0.2527649963178114,0.15158200398164245,0.024431852648102215,-0.16961292732780375,-0.07304008421857366,-0.0180309233461613,-0.04860823157047145
floarea_soarelui,2008,0.0,0.24970136348331567,0.2637171741374438,0.19802708557785165,-0.2817480974836051,-0.2466353171483231,-0.0180309233461613,-0.04860823157047145
floarea_soarelui,2008,0.0,0.13672073839073423,0.1483050932900296,0.01853573566022826,0.1302741699438683,-0.03007249591024319,-0.0180309233461613,-0.04860823157047145
floarea_soarelui,2008,0.0,0.2611949897312646,0.23701347662729644,0.29075603757575985,-0.25504439997345774,-0.3393642691462313,-0.0180309233461613,-0.04860823157047145
floarea_soarelui,2008,0.0,0.31583856958731654,0.04161122783894999,0.10039429368884356,0.023580304492788695,-0.149002525259315,-0.0180309233461613,-0.04860823157047145
floarea_soarelui,2008,0.0,0.26677322010808613,0.10173923220929337,0.20220334313302368,0.08370830886313207,0.15359511156255223,-0.0180309233461613,-0.04860823157047145
floarea_soarelui,2008,0.0,0.2370561341242139,0.007033344978077061,0.006608615725884004,-0.02506426832423836,-0.055216847296355454,-0.0180309233461613,-0.04860823157047145
floarea_soarelui,2008,0.0,0.2740931135368318,0.24648322233534126,0.2399768528791788,-0.26451414568150255,-0.28858508444965025,-0.0180309233461613,-0.04860823157047145
floarea_soarelui,2008,0.0,0.1970891291932116,0.00821362265859582,0.1720824619288992,-0.02624454600475712,0.12347423035842775,-0.0180309233461613,-0.04860823157047145
floarea_soarelui,2008,0.0,0.3674082317785149,0.1610614968915578,0.06536960249974388,0.1430305735453965,0.016761370929272434,-0.0180309233461613,-0.04860823157047145
floarea_soarelui,2008,0.0,0.3382402439786999,0.1139034860106527,0.16001565952469532,0.0958725626644914,0.11140742795422387,-0.0180309233461613,-0.04860823157047145
floarea_soarelui,2008,0.0,0.2509757792637521,0.15687666685961021,0.0590800824018447,0.13884574351344892,-0.10768831397231615,-0.0180309233461613,-0.04860823157047145
floarea_soarelui,2008,0.0,0.24247586288444642,0.14719272516645,0.24357299141113087,0.1291618018202887,0.19496475984065942,-0.0180309233461613,-0.04860823157047145
floarea_soarelui,2008,0.0,0.2394291169665061,0.23922881643813865,0.45199252659390643,0.22119789309197735,0.403384295023435,-0.0180309233461613,-0.04860823157047145
floarea_soarelui,2008,0.0,0.17377638638986426,0.08563172280839026,0.12983004574250723,-0.10366264615455156,-0.17843827731297868,-0.0180309233461613,-0.04860823157047145
floarea_soarelui,2008,0.0,0.30353653291036975,0.12364348442154949,0.14438952677002082,-0.14167440776771079,-0.19299775834049226,-0.0180309233461613,-0.04860823157047145
floarea_soarelui,2008,0.0,0.1867350420144189,0.21171910124127713,0.2921985457271399,0.19368817789511583,0.24359031415666843,-0.0180309233461613,-0.04860823157047145
floarea_soarelui,2008,0.0,0.24272644824449632,0.0733428273903245,0.017080810756897158,0.055311904044163196,-0.06568904232736861,-0.0180309233461613,-0.04860823157047145
floarea_soarelui,2008,0.0,0.22651683246035903,0.18954664733516546,0.4001045354625048,0.17151572398900417,0.35149630389203335,-0.0180309233461613,-0.04860823157047145
floarea_soarelui,2008,0.0,0.29111652888730094,0.2157909422705231,0.2084958258367644,0.1977600189243618,0.15988759426629295,-0.0180309233461613,-0.04860823157047145
floarea_soarelui,2009,0.0,0.415421876482075,0.12502791387647605,0.4449200248724572,-0.08671972295264663,-0.2435470197601779,0.03830819092382942,0.2013730051122793
floarea_soarelui,2009,0.0,0.35744448139886387,0.04054355998056902,0.11715801830625994,0.07885175090439844,0.08421498680601935,0.03830819092382942,0.2013730051122793
floarea_soarelui,2009,0.0,0.3032429365908988,0.09045650648380388,0.007273695317175033,0.1287646974076333,0.20864670042945432,0.03830819092382942,0.2013730051122793
floarea_soarelui,2009,0.0,0.2905613716842638,0.07658192559623833,0.1069166485547508,0.11489011652006775,0.09445635655752849,0.03830819092382942,0.2013730051122793
floarea_soarelui,2009,0.0,0.5141030539645085,0.19859028720154726,0.049437198015181316,0.23689847812537668,0.2508102031274606,0.03830819092382942,0.2013730051122793
floarea_soarelui,2009,0.0,0.22622680159408132,0.16347515620408481,0.051995249418688605,0.20178334712791424,0.2533682545309679,0.03830819092382942,0.2013730051122793
floarea_soarelui,2009,0.0,0.3286385102091419,0.07156082571170641,0.03708485145569407,0.10986901663553583,0.16428815365658522,0.03830819092382942,0.2013730051122793
floarea_soarelui,2009,0.0,0.45793255497934415,0.0688583742844715,0.0029973569599910377,0.10716656520830092,0.20437036207227033,0.03830819092382942,0.2013730051122793
floarea_soarelui,2009,0.0,0.39825672900918446,0.175662395837354,0.2034112095707017,0.2139705867611834,0.404784214682981,0.03830819092382942,0.2013730051122793
floarea_soarelui,2009,0.0,0.4136135457809413,0.15268603124613556,0.10646434469459543,0.19099422216996498,0.3078373498068747,0.03830819092382942,0.2013730051122793
floarea_soarelui,2009,0.0,0.2713017840817211,0.20087099263383656,0.22643015824047552,0.239179183557666,0.4278031633527548,0.03830819092382942,0.2013730051122793
floarea_soarelui,2009,0.0,0.46644919611673386,0.09971772759006825,0.20561480326174308,-0.06140953666623883,-0.0042417981494637935,0.03830819092382942,0.2013730051122793
floarea_soarelui,2009,0.0,0.7809301086155288,0.19035916191213742,0.09685567220231706,0.22866735283596684,0.29822867731459635,0.03830819092382942,0.2013730051122793
floarea_soarelui,2009,0.0,0.4876358337320824,0.1851194919944552,0.3516690712190025,-0.1468113010706258,-0.1502960661067232,0.03830819092382942,0.2013730051122793
floarea_soarelui,2009,0.0,0.27674794194523694,0.04445004409134912,0.2558205866745249,0.08275823501517854,-0.054447581562245606,0.03830819092382942,0.2013730051122793
floarea_soarelui,2009,0.0,0.532255228921314,0.13983274368918153,0.29924799299860405,-0.1015245527653521,-0.09787498788632476,0.03830819092382942,0.2013730051122793
floarea_soarelui,2009,0.0,0.5223930994832752,0.23347945939597592,0.44073619416510823,-0.1951712684721465,-0.23936318905282894,0.03830819092382942,0.2013730051122793
floarea_soarelui,2009,0.0,0.27751950278677334,0.2166905696588839,0.41506078204471963,-0.17838237873505447,-0.21368777693244034,0.03830819092382942,0.2013730051122793
floarea_soarelui,2009,0.0,0.4355486499472258,0.2408090297487413,0.5253727528905845,-0.20250083882491188,-0.3239997477783052,0.03830819092382942,0.2013730051122793
floarea_soarelui,2009,0.0,0.18353696488303126,0.09234203685394071,0.2327571285651837,0.13065022777777013,-0.03138412345290442,0.03830819092382942,0.2013730051122793
floarea_soarelui,2009,0.0,0.4073556882909144,0.10065730313681698,0.2761801392661023,-0.062349112212987556,-0.07480713415382301,0.03830819092382942,0.2013730051122793
floarea_soarelui,2009,0.0,0.6323849472827534,0.08400932037753206,0.17578039205522566,0.12231751130136148,0.025592613057053626,0.03830819092382942,0.2013730051122793
floarea_soarelui,2009,0.0,0.294318607292961,0.5227000834250606,0.6694012318905966,-0.48439189250123116,-0.46802822677831735,0.03830819092382942,0.2013730051122793
floarea_soarelui,2009,0.0,0.5530592176434674,0.14964246358685473,0.02979980249601777,0.18795065451068416,0.23117280760829706,0.03830819092382942,0.2013730051122793
floarea_soarelui,2009,0.0,0.3762754279507857,0.015291404919321128,0.28083039973140345,0.023016786004508294,-0.07945739461912416,0.03830819092382942,0.2013730051122793
floarea_soarelui,2009,0.0,0.22766674140175008,0.006819373418682773,0.013756568487098608,0.045127564342512194,0.2151295735993779,0.03830819092382942,0.2013730051122793
floarea_soarelui,2009,0.0,0.4716454471618465,0.4340039879816757,0.749370965795686,-0.3956957970578463,-0.5479979606834067,0.03830819092382942,0.2013730051122793
floarea_soarelui,2009,0.0,0.675225235363526,0.09856444301853262,0.24574353427974938,-0.0602562520947032,-0.044370529167470085,0.03830819092382942,0.2013730051122793
floarea_soarelui,2009,0.0,0.659089107044756,0.1277666496780392,0.24272412183188496,-0.08945845875420977,-0.041351116719605674,0.03830819092382942,0.2013730051122793
floarea_soarelui,2009,0.0,0.4662773212228588,0.12685483626761718,0.3022916925045749,-0.08854664534378776,-0.10091868739229559,0.03830819092382942,0.2013730051122793
floarea_soarelui,2009,0.0,0.4239213471086245,0.18135490972117685,0.4507391622033894,-0.14304671879734743,-0.2493661570911101,0.03830819092382942,0.2013730051122793
floarea_soarelui,2009,0.0,0.37452556993554614,0.09746281096682585,0.2644082676897246,-0.05915462004299643,-0.0630352625774453,0.03830819092382942,0.2013730051122793
floarea_soarelui,2009,0.0,0.7097914961679057,0.08161053208508573,0.031997433811524534,0.11991872300891515,0.16937557130075476,0.03830819092382942,0.2013730051122793
floarea_soarelui,2009,0.0,0.38744861310476786,0.2091716702335984,0.3246503587524181,-0.17086347930976897,-0.12327735364013881,0.03830819092382942,0.2013730051122793
floarea_soarelui,2009,0.0,0.43061064300092033,0.07480063453691388,0.3899998795110986,-0.03649244361308446,-0.1886268743988193,0.03830819092382942,0.2013730051122793
floarea_soarelui,2010,0.0,0.8713661038904746,0.27686573828833483,0.05910978623926022,0.18146526676539443,-0.011129214273387866,-0.0954004715229404,0.047980571965872354
floarea_soarelui,2010,0.0,0.7832075639009873,0.009053303176457028,0.029932045656336115,-0.10445377469939743,0.01804852630953624,-0.0954004715229404,0.047980571965872354
floarea_soarelui,2010,0.0,0.16356449014259394,0.4874291614177779,0.22948576000244492,-0.5828296329407183,-0.18150518803657256,-0.0954004715229404,0.047980571965872354
floarea_soarelui,2010,0.0,0.2587211407362629,0.3023409322128212,0.19131499169919364,-0.3977414037357616,-0.14333441973332128,-0.0954004715229404,0.047980571965872354
floarea_soarelui,2010,0.0,0.38307796173929687,0.013888229696684462,0.04355392572022154,-0.10928870121962486,0.0915344976860939,-0.0954004715229404,0.047980571965872354
floarea_soarelui,2010,0.0,0.2732534511680014,0.20885346547478534,0.08604619064520724,-0.30425393699772574,-0.03806561867933489,-0.0954004715229404,0.047980571965872354
floarea_soarelui,2010,0.0,0.6900274824854646,0.0168227117413009,0.0317383797129831,-0.1122231832642413,0.016242192252889254,-0.0954004715229404,0.047980571965872354
floarea_soarelui,2010,0.0,0.7053647311816118,0.025472965485028976,0.059466192033052145,-0.12087343700796938,-0.011485620067179791,-0.0954004715229404,0.047980571965872354
floarea_soarelui,2010,0.0,0.6487240997830521,0.09742998657921786,0.017242781284851905,-0.19283045810215826,0.06522335325072426,-0.0954004715229404,0.047980571965872354
floarea_soarelui,2010,0.0,0.16946889024798034,0.31750752148816064,0.16066865882651493,-0.41290799301110104,-0.11268808686064258,-0.0954004715229404,0.047980571965872354
floarea_soarelui,2010,0.0,0.7580339131461965,0.11861056244116686,0.023872704442716497,-0.21401103396410726,0.07185327640858885,-0.0954004715229404,0.047980571965872354
floarea_soarelui,2010,0.0,0.8034968031067731,0.04720427183066356,0.002241855148926497,-0.04819619969227684,0.04573871681694586,-0.0954004715229404,0.047980571965872354
floarea_soarelui,2010,0.0,0.3616726086472998,0.07289974176348535,0.12426307347898824,-0.16830021328642575,-0.07628250151311589,-0.0954004715229404,0.047980571965872354
floarea_soarelui,2010,0.0,0.4523742163243856,0.2128427397900703,0.00031952260042311664,0.11744226826712989,0.04830009456629547,-0.0954004715229404,0.047980571965872354
floarea_soarelui,2010,0.0,0.7943506077991322,0.31732006257717105,0.43861700898608946,-0.41272053410011145,-0.3906364370202171,-0.0954004715229404,0.047980571965872354
floarea_soarelui,2010,0.0,0.48487849715609566,0.1853225075800342,0.05929596178598784,0.08992203605709381,-0.011315389820115485,-0.0954004715229404,0.047980571965872354
floarea_soarelui,2010,0.0,0.48467417655531514,0.28434670070997026,0.04085784578073692,0.18894622918702986,0.007122726185135431,-0.0954004715229404,0.047980571965872354
floarea_soarelui,2010,0.0,0.5986741273396128,0.07924702788112725,0.22306826571900018,-0.016153443641813148,-0.17508769375312783,-0.0954004715229404,0.047980571965872354
floarea_soarelui,2010,0.0,0.7288721225756428,0.012536113409018945,0.3036591749770956,-0.08286435811392145,-0.25567860301122325,-0.0954004715229404,0.047980571965872354
floarea_soarelui,2010,0.0,0.8406421775787827,0.7182605175561276,0.542215370766645,0.6228600460331872,0.5901959427325174,-0.0954004715229404,0.047980571965872354
floarea_soarelui,2010,0.0,0.8291702185734179,0.20526153834661143,0.08704867418606721,0.10986106682367103,0.13502924615193956,-0.0954004715229404,0.047980571965872354
floarea_soarelui,2010,0.0,0.5463015121858387,0.047726580379551464,0.2306632712904868,-0.14312705190249186,-0.18268269932461445,-0.0954004715229404,0.047980571965872354
floarea_soarelui,2010,0.0,0.8887837579264846,0.1314879713718926,0.025243749236586677,0.03608749984895221,0.022736822729285677,-0.0954004715229404,0.047980571965872354
floarea_soarelui,2010,0.0,0.7450726512224725,0.18654820971204655,0.28365485467350027,-0.28194868123498695,-0.2356742827076279,-0.0954004715229404,0.047980571965872354
floarea_soarelui,2010,0.0,0.8322745262213107,0.1820238173308395,0.004815234425740833,0.0866233458078991,0.05279580639161319,-0.0954004715229404,0.047980571965872354
floarea_soarelui,2010,0.0,0.7096736678085291,0.09873439825139796,0.010385689026542355,-0.19413486977433836,0.03759488293933,-0.0954004715229404,0.047980571965872354
floarea_soarelui,2010,0.0,0.5298356211655925,0.4773343275129227,0.059758940364882385,0.3819338559899823,-0.01177836839901003,-0.0954004715229404,0.047980571965872354
floarea_soarelui,2010,0.0,0.40178071929417697,0.500764101435422,0.34782462364097855,0.40536362991248165,0.3958051956068509,-0.0954004715229404,0.047980571965872354
floarea_soarelui,2010,0.0,0.40481881676017667,0.16710442806915937,0.027595256865333262,0.07170395654621897,0.07557582883120562,-0.0954004715229404,0.047980571965872354
floarea_soarelui,2010,0.0,0.6038462695482563,0.6056000491190883,0.028221851378405383,0.5101995775961479,0.07620242334427774,-0.0954004715229404,0.047980571965872354
floarea_soarelui,2010,0.0,0.39090728555179566,0.2978690291388979,0.09284633278667842,0.2024685576159575,-0.04486576082080607,-0.0954004715229404,0.047980571965872354
floarea_soarelui,2010,0.0,0.6223223574193082,0.2838630615962745,0.08747963501099676,0.1884625900733341,0.1354602069768691,-0.0954004715229404,0.047980571965872354
floarea_soarelui,2010,0.0,0.4140927498873304,0.47791514207295105,0.013341119601317786,0.38251467055001065,0.06132169156719014,-0.0954004715229404,0.047980571965872354
floarea_soarelui,2010,0.0,0.44376937780426984,0.11021432572210577,0.15351016625692493,0.014813854199165366,-0.10552959429105258,-0.0954004715229404,0.047980571965872354
floarea_soarelui,2010,0.0,0.46922753128109074,0.4035909269384388,0.007022524401809616,0.3081904554154984,0.04095804756406274,-0.0954004715229404,0.047980571965872354
floarea_soarelui,2011,0.0,0.21729877802564235,0.26485685438790263,0.16247707747271445,-0.18065013155519916,-0.0890651475048494,0.08420672283270347,0.07341192996786505
floarea_soarelui,2011,0.0,0.13447902667228123,0.08425318691501316,0.08644161298344111,-4.646408230968291e-05,-0.013029683015576055,0.08420672283270347,0.07341192996786505
floarea_soarelui,2011,0.0,0.2589012668260683,0.05767905601379919,0.06363342352716606,0.14188577884650266,0.1370453534950311,0.08420672283270347,0.07341192996786505
floarea_soarelui,2011,0.0,0.2524459542422435,0.06522498955252587,0.02457793801813457,0.14943171238522934,0.09798986798599962,0.08420672283270347,0.07341192996786505
floarea_soarelui,2011,0.0,0.20037216861605658,0.09364476482419892,0.04910239231566438,0.1778514876569024,0.12251432228352943,0.08420672283270347,0.07341192996786505
floarea_soarelui,2011,0.0,0.20032195757348975,0.1189470581871106,0.10407163686608945,0.20315378101981407,0.1774835668339545,0.08420672283270347,0.07341192996786505
floarea_soarelui,2011,0.0,0.1561841703827145,0.05219502484038063,0.026010805114685454,0.03201169799232284,0.0474011248531796,0.08420672283270347,0.07341192996786505
floarea_soarelui,2011,0.0,0.2383011662746986,0.02717330317401867,0.05180943124401116,0.0570334196586848,0.02160249872385389,0.08420672283270347,0.07341192996786505
floarea_soarelui,2011,0.0,0.2745273163083085,0.11950682133941859,0.15709983578935027,0.20371354417212206,0.23051176575721533,0.08420672283270347,0.07341192996786505
floarea_soarelui,2011,0.0,0.2311688508739898,0.09351027823896008,0.0032968158509101286,0.17771700107166355,0.07670874581877518,0.08420672283270347,0.07341192996786505
floarea_soarelui,2011,0.0,0.17939269386217066,0.03327803867316037,0.06410639202956148,0.11748476150586384,0.13751832199742653,0.08420672283270347,0.07341192996786505
floarea_soarelui,2011,0.0,0.18847634369046984,0.023629084369788167,0.05250135788064636,0.10783580720249164,0.020910572087218693,0.08420672283270347,0.07341192996786505
floarea_soarelui,2011,0.0,0.2518986275069447,0.055772945503158144,0.07267113537226466,0.13997966833586162,0.0007407945956003914,0.08420672283270347,0.07341192996786505
floarea_soarelui,2011,0.0,0.1275184693567896,0.46254184348246197,0.21019852641195458,-0.3783351206497585,-0.13678659644408953,0.08420672283270347,0.07341192996786505
floarea_soarelui,2011,0.0,0.18180804209788834,0.055969023923549965,0.1284543528313602,0.14017574675625344,-0.055042422863495144,0.08420672283270347,0.07341192996786505
floarea_soarelui,2011,0.0,0.10458860801614245,0.20953292918589872,0.10142781558159086,-0.12532620635319525,-0.02801588561372581,0.08420672283270347,0.07341192996786505
floarea_soarelui,2011,0.0,0.10222842758173953,0.21104274201176443,0.111182043418256,-0.12683601917906095,-0.03777011345039094,0.08420672283270347,0.07341192996786505
floarea_soarelui,2011,0.0,0.11619378595065688,0.1763610498934005,0.2967211062844428,-0.09215432706069704,-0.22330917631657776,0.08420672283270347,0.07341192996786505
floarea_soarelui,2011,0.0,0.1797245827356802,0.16588401944763254,0.22586818451381108,-0.08167729661492906,-0.15245625454594602,0.08420672283270347,0.07341192996786505
floarea_soarelui,2011,0.0,0.16717218760939612,0.5991416231117099,0.743690723491228,-0.5149349002790065,-0.670278793523363,0.08420672283270347,0.07341192996786505
floarea_soarelui,2011,0.0,0.21136090459393583,0.0651217440070968,0.15408131054542995,0.01908497882560667,-0.0806693805775649,0.08420672283270347,0.07341192996786505
floarea_soarelui,2011,0.0,0.18446790193947513,0.11367995849475943,0.33938296023060754,-0.029473235662055952,-0.2659710302627425,0.08420672283270347,0.07341192996786505
floarea_soarelui,2011,0.0,0.20085326597510633,0.1725741791434512,0.007190580850006345,0.25678090197615466,0.06622134911785871,0.08420672283270347,0.07341192996786505
floarea_soarelui,2011,0.0,0.16852308625889234,0.07087641155670266,0.13077318420161754,0.013330311276000817,-0.05736125423375249,0.08420672283270347,0.07341192996786505
floarea_soarelui,2011,0.0,0.13222399594327047,0.007340977436848917,0.19068630350148918,0.07686574539585456,-0.11727437353362413,0.08420672283270347,0.07341192996786505
floarea_soarelui,2011,0.0,0.13408157239218094,0.1570368983413548,0.016991929600928213,-0.07283017550865134,0.09040385956879327,0.08420672283270347,0.07341192996786505
floarea_soarelui,2011,0.0,0.18112654030826061,0.08369383793100749,0.019331805401817892,0.0005128849016959869,0.05408012456604716,0.08420672283270347,0.07341192996786505
floarea_soarelui,2011,0.0,0.12347023965119557,0.059918339436502155,0.24153504147037808,0.02428838339620132,0.31494697143824313,0.08420672283270347,0.07341192996786505
floarea_soarelui,2011,0.0,0.1526467562797392,0.06133508981889557,0.2628891390150381,0.0228716330138079,0.33630106898290313,0.08420672283270347,0.07341192996786505
floarea_soarelui,2011,0.0,0.12146049759259174,0.24331448540333467,0.06598678619985376,-0.1591077625706312,0.007425143768011289,0.08420672283270347,0.07341192996786505
floarea_soarelui,2011,0.0,0.11622479889603603,0.256936020858868,0.1635494681698213,-0.17272929802616455,-0.09013753820195625,0.08420672283270347,0.07341192996786505
floarea_soarelui,2011,0.0,0.15988585895474283,0.1727272227133314,0.08926766731394853,-0.08852049988062793,0.16267959728181358,0.08420672283270347,0.07341192996786505
floarea_soarelui,2011,0.0,0.12093703572285723,0.1153416779471641,0.2029369590668506,-0.031134955114460627,-0.12952502909898556,0.08420672283270347,0.07341192996786505
floarea_soarelui,2011,0.0,0.18010696566501688,0.14137821043502097,0.019189808909137795,-0.057171487602317494,0.05422212105872726,0.08420672283270347,0.07341192996786505
floarea_soarelui,2011,0.0,0.14799451115421125,0.035288088082668256,0.08342642099542807,0.04891863475003522,-0.010014491027563022,0.08420672283270347,0.07341192996786505
floarea_soarelui,2012,0.08267988469953691,0.6392663983535521,0.11586907862888784,0.3770051701480104,-0.20598584593847358,-0.23488394268280777,-0.09011676730958573,0.14212122746520262
floarea_soarelui,2012,0.0,0.4237638061331864,0.18435630703346306,0.07111349650974041,0.09423953972387733,0.0710077309554622,-0.09011676730958573,0.14212122746520262
floarea_soarelui,2012,0.0,0.3714175187189192,0.296473446706639,0.35638041403435494,0.20635667939705327,0.49850164149955756,-0.09011676730958573,0.14212122746520262
floarea_soarelui,2012,0.0,0.3643011624335351,0.39622012138507,0.23069010736205486,0.3061033540754843,0.3728113348272575,-0.09011676730958573,0.14212122746520262
floarea_soarelui,2012,0.0,0.28346908778451,0.3050970028000668,0.09840155545995266,0.21498023549048106,0.24052278292515528,-0.09011676730958573,0.14212122746520262
floarea_soarelui,2012,0.0,0.3971665342420934,0.26760312808986697,0.051260989183467665,0.17748636078028124,0.19338221664867028,-0.09011676730958573,0.14212122746520262
floarea_soarelui,2012,0.0,0.40364978016107916,0.03964428167393619,0.23573171279754668,-0.050472485635649544,-0.09361048533234406,-0.09011676730958573,0.14212122746520262
floarea_soarelui,2012,0.0,0.3421064529130679,0.3039132414138006,0.22224025283833093,0.21379647410421487,0.36436148030353355,-0.09011676730958573,0.14212122746520262
floarea_soarelui,2012,0.0,0.40487376800395314,0.25944761924334436,0.1180479704769608,0.16933085193375863,0.2601691979421634,-0.09011676730958573,0.14212122746520262
floarea_soarelui,2012,0.0,0.3812167777641758,0.1775977258339707,0.2540215220962647,0.08748095852438498,0.39614274956146733,-0.09011676730958573,0.14212122746520262
floarea_soarelui,2012,0.0,0.2266365961206464,0.3313826348460345,0.25415174705274035,0.24126586753644874,0.39627297451794297,-0.09011676730958573,0.14212122746520262
floarea_soarelui,2012,0.0,0.4072554536254721,0.4235096011633872,0.19454779300827463,0.3333928338538015,0.33666902047347724,-0.09011676730958573,0.14212122746520262
floarea_soarelui,2012,0.0,0.3844553437613163,0.25091366040387797,0.15610044690234748,0.16079689309429224,0.2982216743675501,-0.09011676730958573,0.14212122746520262
floarea_soarelui,2012,0.3191354558583974,0.7033193207614143,0.16707469943424735,0.06491410311671642,0.07695793212466162,0.0772071243484862,-0.09011676730958573,0.14212122746520262
floarea_soarelui,2012,0.0,0.4049191817830917,0.13231260390974553,0.6437053702120203,-0.22242937121933126,-0.5015841427468177,-0.09011676730958573,0.14212122746520262
floarea_soarelui,2012,0.0,0.4386147965142534,0.18666957675781726,0.128323114931836,-0.276786344067403,0.013798112533366602,-0.09011676730958573,0.14212122746520262
floarea_soarelui,2012,0.0,0.43102985091544915,0.3070281212542947,0.30938152571609634,-0.3971448885638804,-0.16726029825089372,-0.09011676730958573,0.14212122746520262
floarea_soarelui,2012,0.0,0.4800036581580985,0.18208050619523553,0.20596533458960042,0.09196373888564979,-0.06384410712439781,-0.09011676730958573,0.14212122746520262
floarea_soarelui,2012,0.0,0.46652986415358566,0.04494845990874552,0.21903716838901177,-0.04516830740084021,-0.07691594092380916,-0.09011676730958573,0.14212122746520262
floarea_soarelui,2012,0.0,0.423851290220295,0.3766393275214299,0.7957211537856419,-0.46675609483101566,-0.6535999263204393,-0.09011676730958573,0.14212122746520262
floarea_soarelui,2012,0.0,0.42928747776020587,0.07473944441638292,0.16358225782962155,-0.16485621172596865,-0.02146103036441893,-0.09011676730958573,0.14212122746520262
floarea_soarelui,2012,0.0,0.2052569487332158,0.2618599008329696,0.5051297521935412,-0.35197666814255535,-0.36300852472833856,-0.09011676730958573,0.14212122746520262
floarea_soarelui,2012,0.0,0.4426483141750962,0.2747566666712462,0.060945176369598286,0.18463989936166048,0.2030664038348009,-0.09011676730958573,0.14212122746520262
floarea_soarelui,2012,0.0,0.21560079580574348,0.17369958402222663,0.11146183679188804,0.0835828167126409,0.25358306425709065,-0.09011676730958573,0.14212122746520262
floarea_soarelui,2012,0.0,0.43907072756865945,0.024225257393908795,0.43123576734302915,-0.11434202470349453,-0.28911453987782654,-0.09011676730958573,0.14212122746520262
floarea_soarelui,2012,0.0,0.46096867062786034,0.1946944608079908,0.3678559844550289,-0.28481122811757653,-0.22573475698982626,-0.09011676730958573,0.14212122746520262
floarea_soarelui,2012,0.36076297010455205,0.9593470370018451,0.2557897045429649,0.6473484825835403,-0.34590647185255063,-0.5052272551183377,-0.09011676730958573,0.14212122746520262
floarea_soarelui,2012,0.27406921115707705,1.141214892478839,0.23513152780075686,0.005101484648232901,0.14501476049117112,0.14722271211343552,-0.09011676730958573,0.14212122746520262
floarea_soarelui,2012,0.1652590039585733,0.7847836698545604,0.2283408761400647,0.1539169430528795,0.13822410883047898,-0.011795715587676892,-0.09011676730958573,0.14212122746520262
floarea_soarelui,2012,0.41495139557283034,0.7188647383528879,0.2168609268251105,0.0041305701599538835,0.12674415951552476,0.13799065730524873,-0.09011676730958573,0.14212122746520262
floarea_soarelui,2012,0.0168268432538059,0.6220709723852594,0.14745847941132473,0.619268460399456,-0.23757524672091046,-0.47714723293425343,-0.09011676730958573,0.14212122746520262
floarea_soarelui,2012,0.27315561688180345,0.9705596414826415,0.15253423381625275,0.2682382010503712,0.06241746650666702,-0.1261169735851686,-0.09011676730958573,0.14212122746520262
floarea_soarelui,2012,0.0,0.3863099276415044,0.036468973380526126,0.3691661397063597,-0.12658574069011186,-0.22704491224115708,-0.09011676730958573,0.14212122746520262
floarea_soarelui,2012,0.3751152985707322,1.0667859762982703,0.17930711192924464,0.09745726349840522,0.08919034461965891,0.04466396396679739,-0.09011676730958573,0.14212122746520262
floarea_soarelui,2012,0.437239788012886,1.210237555286144,0.17694842135715372,0.40936628503813344,0.08683165404756799,-0.2672450575729308,-0.09011676730958573,0.14212122746520262
floarea_soarelui,2013,0.0,0.3394681254498633,0.0352114958386065,0.22814050372124672,-0.016853023253758703,0.05678937972261622,-0.0520645190923652,-0.1713511239986305
floarea_soarelui,2013,0.0,0.32683561457598775,0.3058305007697988,0.2879105270903337,0.2537659816774336,0.1165594030917032,-0.0520645190923652,-0.1713511239986305
floarea_soarelui,2013,0.0,0.290562753456095,0.0195510062858677,0.006637921169003302,-0.0716155253782329,-0.1647132028296272,-0.0520645190923652,-0.1713511239986305
floarea_soarelui,2013,0.0,0.28041016660864626,0.10755647496973397,0.1255739644269438,0.05549195587736877,-0.04577715957168671,-0.0520645190923652,-0.1713511239986305
floarea_soarelui,2013,0.0,0.20432040942806862,0.1673014008540039,0.24319526234236966,0.11523688176163871,0.07184413834373915,-0.0520645190923652,-0.1713511239986305
floarea_soarelui,2013,0.0,0.26878964370434083,0.20930698660609215,0.1966343919954734,0.15724246751372695,0.025283267996842884,-0.0520645190923652,-0.1713511239986305
floarea_soarelui,2013,0.0,0.33179729993225865,0.21638637517816672,0.31584990843334193,0.16432185608580152,0.14449878443471142,-0.0520645190923652,-0.1713511239986305
floarea_soarelui,2013,0.0,0.34579920369919487,0.1505391998558565,0.20879067960407038,0.0984746807634913,0.03743955560543988,-0.0520645190923652,-0.1713511239986305
floarea_soarelui,2013,0.0,0.2567652924132504,0.20941333870810785,0.3860678344052313,0.15734881961574265,0.21471671040660079,-0.0520645190923652,-0.1713511239986305
floarea_soarelui,2013,0.0,0.2550476064284274,0.004802749760710157,0.06367712034172968,-0.047261769331655046,-0.10767400365690083,-0.0520645190923652,-0.1713511239986305
floarea_soarelui,2013,0.0,0.23768975853871327,0.19997182601089136,0.31425986773654646,0.14790730691852616,0.14290874373791596,-0.0520645190923652,-0.1713511239986305
floarea_soarelui,2013,0.0,0.306402142190189,0.1595847676199309,0.2205956079018221,0.1075202485275657,0.04924448390319158,-0.0520645190923652,-0.1713511239986305
floarea_soarelui,2013,0.0,0.23385723973253247,0.02627373386047127,0.00813619197947002,-0.02579078523189393,-0.17948731597810053,-0.0520645190923652,-0.1713511239986305
floarea_soarelui,2013,0.0,0.4406233585479266,0.1206284207780568,0.24770219182182318,-0.172692939870422,0.07635106782319268,-0.0520645190923652,-0.1713511239986305
floarea_soarelui,2013,0.0,0.4258587012407097,0.5404713985038447,0.6769383239182476,-0.5925359175962099,-0.8482894479168781,-0.0520645190923652,-0.1713511239986305
floarea_soarelui,2013,0.0,0.25969021214161525,0.06978570766476588,0.38155490005284554,0.01772118857240068,0.21020377605421503,-0.0520645190923652,-0.1713511239986305
floarea_soarelui,2013,0.0,0.2705245513600584,0.0729787850180541,0.1905043994248241,-0.1250433041104193,0.019153275426193606,-0.0520645190923652,-0.1713511239986305
floarea_soarelui,2013,0.0,0.5827534787615037,0.07922068514524128,0.16743032426128224,0.027156166052876074,-0.003920799737348268,-0.0520645190923652,-0.1713511239986305
floarea_soarelui,2013,0.0,0.288304014078501,0.0956637067219388,0.15441998429919135,0.0435991876295736,-0.016931139699439157,-0.0520645190923652,-0.1713511239986305
floarea_soarelui,2013,0.0,0.5296853750978816,0.1741141599084255,0.295503276490122,-0.2261786790007907,-0.4668544004887525,-0.0520645190923652,-0.1713511239986305
floarea_soarelui,2013,0.0,0.3237172320264524,0.06904443537887772,0.0942356902976007,0.01697991628651252,-0.0771154337010298,-0.0520645190923652,-0.1713511239986305
floarea_soarelui,2013,0.0,0.40131694522060257,0.17847863058669677,0.04599153452142879,0.12641411149433157,-0.12535958947720172,-0.0520645190923652,-0.1713511239986305
floarea_soarelui,2013,0.0,0.41930209130022134,0.0028329843197312243,0.04178207203973461,-0.05489750341209643,-0.1295690519588959,-0.0520645190923652,-0.1713511239986305
floarea_soarelui,2013,0.0,0.3659119868911295,0.23702699622468515,0.28994300927149075,0.18496247713231995,0.11859188527286024,-0.0520645190923652,-0.1713511239986305
floarea_soarelui,2013,0.0,0.3460987595416288,0.24721877516124247,0.19961141435300433,0.19515425606887726,0.02826029035437383,-0.0520645190923652,-0.1713511239986305
floarea_soarelui,2013,0.0,0.468662529953163,0.18719545972932616,0.3943337227330841,0.13513094063696096,0.22298259873445359,-0.0520645190923652,-0.1713511239986305
floarea_soarelui,2013,0.0,0.395835776503408,0.25163458813104933,0.3418594445231018,0.19957006903868413,0.1705083205244713,-0.0520645190923652,-0.1713511239986305
floarea_soarelui,2013,0.0,0.6563478895672047,0.12513369558565035,0.18645613531249072,-0.17719821467801555,0.015105011313860217,-0.0520645190923652,-0.1713511239986305
floarea_soarelui,2013,0.0,0.3979365076861071,0.22261702571261033,0.2664155261635788,-0.27468154480497553,0.09506440216494827,-0.0520645190923652,-0.1713511239986305
floarea_soarelui,2013,0.0,0.5326631342635938,0.013015381663085801,0.2368660990468694,-0.0390491374292794,0.06551497504823889,-0.0520645190923652,-0.1713511239986305
floarea_soarelui,2013,0.0,0.542843658353841,0.02940641607764727,0.2357592951219485,-0.022658103014717934,0.06440817112331798,-0.0520645190923652,-0.1713511239986305
floarea_soarelui,2013,0.0,0.5812026446534727,0.06707410380054979,0.36979542460293935,-0.11913862289291499,0.19844430060430884,-0.0520645190923652,-0.1713511239986305
floarea_soarelui,2013,0.0,0.29143282069412646,0.13932662354952896,0.11206570754246492,0.08726210445716376,-0.059285416456165585,-0.0520645190923652,-0.1713511239986305
floarea_soarelui,2013,0.0,0.5506512325667926,0.11698621767623818,0.2909785575048667,-0.16905073676860338,0.11962743350623617,-0.0520645190923652,-0.1713511239986305
floarea_soarelui,2013,0.0,0.5776056253128431,0.1045502902446298,0.13282811027726016,-0.156614809336995,-0.03852301372137035,-0.0520645190923652,-0.1713511239986305
floarea_soarelui,2014,0.0,0.22904455941142018,0.07878709569407194,0.09735774860050617,-0.03863011523755677,-0.12762400602029889,0.04015698045651517,-0.03026625741979272
floarea_soarelui,2014,0.0,0.24081577127802092,0.33665870399253706,0.1395655992326552,-0.2965017235360219,-0.16983185665244793,0.04015698045651517,-0.03026625741979272
floarea_soarelui,2014,0.0,0.42166135098338076,0.036514218130046405,0.1790129154061999,0.0036427623264687625,0.14874665798640718,0.04015698045651517,-0.03026625741979272
floarea_soarelui,2014,0.0,0.24748535812619146,0.20672559830255244,0.04801053476870054,-0.16656861784603727,-0.07827679218849326,0.04015698045651517,-0.03026625741979272
floarea_soarelui,2014,0.0,0.3326618580094912,0.0519904908928388,0.09961831697601653,-0.011833510436323635,0.06935205955622381,0.04015698045651517,-0.03026625741979272
floarea_soarelui,2014,0.0,0.27467043261516577,0.07861681151928401,0.08443803417429496,-0.038459831062768846,0.05417177675450224,0.04015698045651517,-0.03026625741979272
floarea_soarelui,2014,0.0,0.25230462942778314,0.077266833928062,0.16216200574142547,-0.03710985347154683,0.13189574832163276,0.04015698045651517,-0.03026625741979272
floarea_soarelui,2014,0.0,0.21821936116929147,0.09092167541056284,0.11595030364893999,-0.05076469495404767,0.08568404622914727,0.04015698045651517,-0.03026625741979272
floarea_soarelui,2014,0.0,0.3022741456616245,0.10791299602101212,0.2612422127542877,-0.06775601556449695,0.230975955334495,0.04015698045651517,-0.03026625741979272
floarea_soarelui,2014,0.0,0.30268624714947195,0.15586159544359957,0.054943878433807214,-0.1157046149870844,0.024677621014014495,0.04015698045651517,-0.03026625741979272
floarea_soarelui,2014,0.0,0.2749748410401168,0.1803523362133479,0.11620937157541311,-0.14019535575683273,0.08594311415562039,0.04015698045651517,-0.03026625741979272
floarea_soarelui,2014,0.0,0.269411627363145,0.07175469257393718,0.0162601030609566,-0.03159771211742202,-0.01400615435883612,0.04015698045651517,-0.03026625741979272
floarea_soarelui,2014,0.0,0.15980192446486757,0.10820198525069502,0.04149279341317813,-0.06804500479417985,0.011226535993385411,0.04015698045651517,-0.03026625741979272
floarea_soarelui,2014,0.0,0.30247379785309886,0.09380232484313922,0.14723989250133984,0.13395930529965439,0.11697363508154712,0.04015698045651517,-0.03026625741979272
floarea_soarelui,2014,0.0,0.226568351560134,0.32051856166776904,0.36791638145290495,-0.2803615812112539,-0.39818263887269767,0.04015698045651517,-0.03026625741979272
floarea_soarelui,2014,0.0,0.2529401686425841,0.018273618503677813,0.0005798164211072709,0.021883361952837355,-0.02968644099868545,0.04015698045651517,-0.03026625741979272
floarea_soarelui,2014,0.0,0.276715416012892,0.06864083348599692,0.11923259150133969,-0.028483853029481754,-0.1494988489211324,0.04015698045651517,-0.03026625741979272
floarea_soarelui,2014,0.0,0.13987935394766002,0.025362828616246613,0.04927759331681525,0.06551980907276178,0.01901133589702253,0.04015698045651517,-0.03026625741979272
floarea_soarelui,2014,0.0,0.15035736505475134,0.16120892589735458,0.05473012028790292,0.20136590635386975,0.024463862868110198,0.04015698045651517,-0.03026625741979272
floarea_soarelui,2014,0.0,0.20715125423837924,0.608693720100856,0.6338257763715163,-0.5685367396443408,-0.664092033791309,0.04015698045651517,-0.03026625741979272
floarea_soarelui,2014,0.0,0.14259851572022267,0.026519582490119653,0.05389933905097566,0.013637397966395515,-0.08416559647076838,0.04015698045651517,-0.03026625741979272
floarea_soarelui,2014,0.0,0.22849282751868166,0.18844603311340968,0.2925753606178594,-0.14828905265689452,-0.3228416180376521,0.04015698045651517,-0.03026625741979272
floarea_soarelui,2014,0.0,0.1770503750388967,0.0383338497350354,0.08699679746341493,0.001823130721479771,-0.11726305488320765,0.04015698045651517,-0.03026625741979272
floarea_soarelui,2014,0.0,0.25755804676790994,0.016931109798184796,0.04834524014014674,0.023225870658330372,0.01807898272035402,0.04015698045651517,-0.03026625741979272
floarea_soarelui,2014,0.0,0.1963325740103497,0.0495383692391389,0.18524470654670067,-0.009381388782623734,-0.21551096396649339,0.04015698045651517,-0.03026625741979272
floarea_soarelui,2014,0.0,0.32377679156908457,0.08833114190319247,0.18152445906546433,-0.0481741614466773,0.1512582016456716,0.04015698045651517,-0.03026625741979272
floarea_soarelui,2014,0.0,0.2693841663478005,0.1137230330700465,0.009772040892245037,0.15388001352656167,-0.04003829831203776,0.04015698045651517,-0.03026625741979272
floarea_soarelui,2014,0.0,0.2703508723133508,0.16916234790496532,0.28991475209553697,0.20931932836148048,0.25964849467574425,0.04015698045651517,-0.03026625741979272
floarea_soarelui,2014,0.0,0.14816569408837194,0.010659175967199896,0.29784111152941595,0.02949780448931527,0.26757485410962323,0.04015698045651517,-0.03026625741979272
floarea_soarelui,2014,0.0,0.29816841923273046,0.30036327282565756,0.14335917225640582,0.3405202532821727,0.1130929148366131,0.04015698045651517,-0.03026625741979272
floarea_soarelui,2014,0.0,0.26583858704400826,0.1692257259901262,0.15637588780890654,0.20938270644664136,0.12610963038911382,0.04015698045651517,-0.03026625741979272
floarea_soarelui,2014,0.0,0.1438704243684958,0.05085960188048988,0.19551426318592036,-0.010702621423974712,0.16524800576612764,0.04015698045651517,-0.03026625741979272
floarea_soarelui,2014,0.0,0.20372506802687007,0.3047932813142835,0.21187562548069527,0.3449502617707987,0.18160936806090255,0.04015698045651517,-0.03026625741979272
floarea_soarelui,2014,0.0,0.30036986049619496,0.18161829125934936,0.16130808921725315,0.22177527171586453,0.13104183179746043,0.04015698045651517,-0.03026625741979272
floarea_soarelui,2014,0.0,0.35171675182070017,0.14255628355840821,0.024499927700142088,0.18271326401492338,-0.005766329719650631,0.04015698045651517,-0.03026625741979272
floarea_soarelui,2015,0.0,0.45305519522812404,0.009946108616982308,0.6232873860207881,-0.37681469364671916,-0.4833026181222304,-0.36686858502973685,0.13998476789855774
floarea_soarelui,2015,0.0,0.4660778012777106,0.5066294306248991,0.06176558184895686,0.13976084559516222,0.07821918604960088,-0.36686858502973685,0.13998476789855774
floarea_soarelui,2015,0.0,0.3536947267644992,0.19591949480897997,0.006118698669354661,-0.17094909022075688,0.1461034665679124,-0.36686858502973685,0.13998476789855774
floarea_soarelui,2015,0.0,0.3141905176325537,0.27752846183854585,0.1300755654272856,-0.089340123191191,0.009909202471272138,-0.36686858502973685,0.13998476789855774
floarea_soarelui,2015,0.0,0.3657827279850765,0.26590809724384545,0.16026751774944925,-0.1009604877858914,-0.020282749850891513,-0.36686858502973685,0.13998476789855774
floarea_soarelui,2015,0.0,0.28785432477099865,0.21409604778486147,0.2114644190960604,-0.15277253724487538,-0.07147965119750266,-0.36686858502973685,0.13998476789855774
floarea_soarelui,2015,0.0,0.3760269257722312,0.4229801311777486,0.014337250027922188,0.056111546148011726,0.15432201792647993,-0.36686858502973685,0.13998476789855774
floarea_soarelui,2015,0.0,0.5390947277141229,0.3666941962223409,0.15920923783135388,-0.0001743888073959532,-0.01922446993279614,-0.36686858502973685,0.13998476789855774
floarea_soarelui,2015,0.0,0.42162657698930384,0.33393924507270745,0.0250515235955322,-0.0329293399570294,0.11493324430302554,-0.36686858502973685,0.13998476789855774
floarea_soarelui,2015,0.0,0.3690043818475258,0.32235330818557895,0.05225716184199625,-0.0445152768441579,0.19224192974055399,-0.36686858502973685,0.13998476789855774
floarea_soarelui,2015,0.0,0.36690235662070475,0.2616164920264499,0.18330611771260052,-0.10525209300328697,-0.04332134981404279,-0.36686858502973685,0.13998476789855774
floarea_soarelui,2015,0.0,0.43519482988545855,0.24281599961883815,0.2197987369039085,-0.1240525854108987,-0.07981396900535076,-0.36686858502973685,0.13998476789855774
floarea_soarelui,2015,0.0,0.6611684036416084,0.3729975770141807,0.1487118644512253,0.006128991984443832,-0.008727096552667568,-0.36686858502973685,0.13998476789855774
floarea_soarelui,2015,0.0,0.6106528350706446,0.60433096631502,0.11235498687138756,0.23746238128528319,0.2523397547699453,-0.36686858502973685,0.13998476789855774
floarea_soarelui,2015,0.0,0.35675923757344224,0.005068869648512386,0.7894561539877711,-0.37193745467824924,-0.6494713860892134,-0.36686858502973685,0.13998476789855774
floarea_soarelui,2015,0.0,0.6053450087656539,0.4946043827201896,0.034583825613860864,0.12773579769045273,0.1745685935124186,-0.36686858502973685,0.13998476789855774
floarea_soarelui,2015,0.0,0.6088646042030692,0.4259528729839075,0.11142967662711944,0.059084287954170644,0.028555091271438293,-0.36686858502973685,0.13998476789855774
floarea_soarelui,2015,0.0,0.3937576679248712,0.27929771626061406,0.2887209974710747,-0.08757086876912279,-0.14873622957251698,-0.36686858502973685,0.13998476789855774
floarea_soarelui,2015,0.0,0.3614321214539419,0.6643527550911097,0.07277696359985297,0.29748417006137284,0.2127617314984107,-0.36686858502973685,0.13998476789855774
floarea_soarelui,2015,0.0,0.3026149923819536,0.3293927794820837,0.3534701750627671,-0.037475805547653174,-0.21348540716420938,-0.36686858502973685,0.13998476789855774
floarea_soarelui,2015,0.0,0.4245056586438375,0.17413540470361522,0.2690037461974524,-0.19273318032612163,-0.12901897829889464,-0.36686858502973685,0.13998476789855774
floarea_soarelui,2015,0.0,0.37440559532273604,0.11268034422284412,0.6558594319311157,-0.47954892925258097,-0.515874664032558,-0.36686858502973685,0.13998476789855774
floarea_soarelui,2015,0.0,0.33989673796594705,0.07885410702674411,0.4542244710945442,-0.28801447800299274,-0.3142397031959865,-0.36686858502973685,0.13998476789855774
floarea_soarelui,2015,0.0,0.26128619085933324,0.13744365356605348,0.2777231155448874,-0.22942493146368337,-0.13773834764632964,-0.36686858502973685,0.13998476789855774
floarea_soarelui,2015,0.0,0.4747265186296302,0.2726803049446893,0.23043075169562544,-0.09418828008504754,-0.0904459837970677,-0.36686858502973685,0.13998476789855774
floarea_soarelui,2015,0.0,0.3679012114115149,0.36525615298738723,0.029959187744507787,-0.0016124320423496208,0.16994395564306553,-0.36686858502973685,0.13998476789855774
floarea_soarelui,2015,0.0,0.5698372722827519,0.6927493478272804,0.06886207800642774,0.3258807627975435,0.07112268989213,-0.36686858502973685,0.13998476789855774
floarea_soarelui,2015,0.0,0.6790523537056359,0.670310061256552,0.11417719461865428,0.30344147622681517,0.254161962517212,-0.36686858502973685,0.13998476789855774
floarea_soarelui,2015,0.08759393902092305,0.8541177303460806,0.607117701693813,0.02745949057478292,0.2402491166640761,0.16744425847334066,-0.36686858502973685,0.13998476789855774
floarea_soarelui,2015,0.0,0.6814238953530184,0.5346329184507632,0.14907830523915777,0.16776433342102637,-0.009093537340600033,-0.36686858502973685,0.13998476789855774
floarea_soarelui,2015,0.0,0.549080578664748,0.5211822417230727,0.18116603909301254,0.15431365669333585,-0.041181271194454805,-0.36686858502973685,0.13998476789855774
floarea_soarelui,2015,0.0,0.672204344334455,0.510621063346385,0.005362364611036785,0.14375247831664817,0.13462240328752095,-0.36686858502973685,0.13998476789855774
floarea_soarelui,2015,0.0,0.2718495591213853,0.5778173385584675,0.09156622429095629,0.21094875352873066,0.23155099218951403,-0.36686858502973685,0.13998476789855774
floarea_soarelui,2015,0.0,0.6027589662293084,0.5275090326210918,0.10637044674774909,0.16064044759135498,0.24635521464630683,-0.36686858502973685,0.13998476789855774
floarea_soarelui,2015,0.0,0.6040134466072965,0.7163765153513304,0.1962969501486227,0.34950793032159355,0.33628171804718043,-0.36686858502973685,0.13998476789855774
floarea_soarelui,2016,0.0,0.20043231892850083,0.24529707967805603,0.061088388848185904,0.13267101560637728,0.07001286284745145,-0.11262606407167874,0.008924473999265548
floarea_soarelui,2016,0.0,0.2211989984409132,0.020277348991468713,0.02170892315715811,-0.09234871508021003,-0.012784449157892563,-0.11262606407167874,0.008924473999265548
floarea_soarelui,2016,0.0,0.12096977101492619,0.13366554346275938,0.15059133545209757,-0.24629160753443813,-0.14166686145283203,-0.11262606407167874,0.008924473999265548
floarea_soarelui,2016,0.0,0.1559544997558418,0.10345272268078709,0.32724526795617903,-0.21607878675246583,-0.3183207939569135,-0.11262606407167874,0.008924473999265548
floarea_soarelui,2016,0.0,0.1378235303089765,0.17496623810249678,0.22902442777441667,-0.28759230217417553,-0.22009995377515112,-0.11262606407167874,0.008924473999265548
floarea_soarelui,2016,0.0,0.12092138415374631,0.11070247850609949,0.27003151848900586,-0.22332854257777823,-0.2611070444897403,-0.11262606407167874,0.008924473999265548
floarea_soarelui,2016,0.0,0.1834081049861306,0.042343577009165134,0.09075063586969812,-0.15496964108084388,-0.08182616187043257,-0.11262606407167874,0.008924473999265548
floarea_soarelui,2016,0.0,0.13683827630793782,0.02823529374022149,0.11599133605288392,-0.14086135781190023,-0.10706686205361837,-0.11262606407167874,0.008924473999265548
floarea_soarelui,2016,0.0,0.12714343729138458,0.17856595518955842,0.19681148871804632,-0.29119201926123717,-0.18788701471878078,-0.11262606407167874,0.008924473999265548
floarea_soarelui,2016,0.0,0.18180959890486342,0.017431437631927338,0.09427316217953807,-0.13005750170360608,-0.08534868818027253,-0.11262606407167874,0.008924473999265548
floarea_soarelui,2016,0.0,0.15260884703486638,0.18161014078537452,0.2590409203412265,-0.29423620485705326,-0.25011644634196095,-0.11262606407167874,0.008924473999265548
floarea_soarelui,2016,0.0,0.12362872942792373,0.09856670700553583,0.17429793669090365,-0.21119277107721457,-0.1653734626916381,-0.11262606407167874,0.008924473999265548
floarea_soarelui,2016,0.0,0.10090595370550186,0.03301209394113025,0.04605220097071738,-0.0796139701305485,-0.037127726971451835,-0.11262606407167874,0.008924473999265548
floarea_soarelui,2016,0.0,0.16970188051572882,0.30505633118357567,0.2608529279810545,0.19243026711189692,0.2697774019803201,-0.11262606407167874,0.008924473999265548
floarea_soarelui,2016,0.0,0.1693058789987006,0.12814901115012756,0.016471512425073165,0.015522947078448812,0.025395986424338712,-0.11262606407167874,0.008924473999265548
floarea_soarelui,2016,0.0,0.24160176883020737,0.12605147670408723,0.03578522548952945,0.013425412632408484,-0.0268607514902639,-0.11262606407167874,0.008924473999265548
floarea_soarelui,2016,0.0,0.23831423486084174,0.3940639922071201,0.15976648111279435,0.28143792813544133,0.1686909551120599,-0.11262606407167874,0.008924473999265548
floarea_soarelui,2016,0.0,0.25797619789097415,0.24761899382523378,0.07215296090864909,0.13499292975355504,0.08107743490791464,-0.11262606407167874,0.008924473999265548
floarea_soarelui,2016,0.0,0.23644021672409546,0.238241510339543,0.08498648268074893,0.12561544626786425,0.09391095668001448,-0.11262606407167874,0.008924473999265548
floarea_soarelui,2016,0.0,0.10714403676934614,0.21969467148791733,0.12721553956078235,0.10706860741623858,-0.1182910655615168,-0.11262606407167874,0.008924473999265548
floarea_soarelui,2016,0.0,0.2193182521668419,0.1572080281373025,0.026295611113906325,0.04458196406562376,0.03522008511317187,-0.11262606407167874,0.008924473999265548
floarea_soarelui,2016,0.0,0.16025456439030497,0.15635337515497927,0.06791963124397382,0.043727311083300524,-0.058995157244708274,-0.11262606407167874,0.008924473999265548
floarea_soarelui,2016,0.0,0.15425879229597977,0.09583513374641228,0.10783276960065047,-0.016790930325266462,-0.09890829560138492,-0.11262606407167874,0.008924473999265548
floarea_soarelui,2016,0.0,0.12281032237550452,0.1193459195483868,0.005288760118628222,0.006719855476708059,0.01421323411789377,-0.11262606407167874,0.008924473999265548
floarea_soarelui,2016,0.0,0.28237513652805524,0.06431947650590164,0.04836029812005549,-0.048306587565777104,-0.03943582412078994,-0.11262606407167874,0.008924473999265548
floarea_soarelui,2016,0.0,0.377927503496825,0.14407628198289846,0.02334453899796518,-0.2567023460545772,0.03226901299723073,-0.11262606407167874,0.008924473999265548
floarea_soarelui,2016,0.0,0.22020768268886037,0.3785313740019336,0.06671036045485446,0.26590530993025485,0.07563483445412,-0.11262606407167874,0.008924473999265548
floarea_soarelui,2016,0.0,0.3001075967730279,0.33458662303553144,0.2618232186516414,0.2219605589638527,0.2707476926509069,-0.11262606407167874,0.008924473999265548
floarea_soarelui,2016,0.0,0.25623328825517655,0.1779356591023964,0.15986368994044575,0.06530959503071765,0.1687881639397113,-0.11262606407167874,0.008924473999265548
floarea_soarelui,2016,0.0,0.20051838107885792,0.291489840790478,0.11289726902469255,0.17886377671879927,0.1218217430239581,-0.11262606407167874,0.008924473999265548
floarea_soarelui,2016,0.0,0.14802068950831396,0.3399004785100228,0.1384351380927593,0.22727441443834406,0.14735961209202486,-0.11262606407167874,0.008924473999265548
floarea_soarelui,2016,0.0,0.2529374504066132,0.22084744026984682,0.16618796262830715,0.10822137619816807,0.1751124366275727,-0.11262606407167874,0.008924473999265548
floarea_soarelui,2016,0.0,0.17052407544544704,0.3033417399251217,0.057947187480909434,0.19071567585344296,0.06687166148017498,-0.11262606407167874,0.008924473999265548
floarea_soarelui,2016,0.0,0.2332930072853221,0.2517043313819265,0.17592972718979727,0.13907826731024775,0.18485420118906282,-0.11262606407167874,0.008924473999265548
floarea_soarelui,2016,0.0,0.23770108890463532,0.30666668898709437,0.20053381004216675,0.19404062491541563,0.2094582840414323,-0.11262606407167874,0.008924473999265548
floarea_soarelui,2017,0.0,0.23022425037484323,0.27875445435263657,0.045951917878670034,-0.0008693680641633783,-0.0007462553803008198,-0.27962382241679995,-0.046698173258970854
floarea_soarelui,2017,0.0,0.3802086505052727,0.22589091918574633,0.043824060577769774,-0.05373290323105362,-0.09052223383674063,-0.27962382241679995,-0.046698173258970854
floarea_soarelui,2017,0.0,0.3431317417643577,0.3839700815765976,0.06408960887753112,0.10434625915979767,0.01739143561856027,-0.27962382241679995,-0.046698173258970854
floarea_soarelui,2017,0.0,0.3233891679267181,0.33764284743605444,0.008922798271198573,0.05801902501925449,-0.05562097153016943,-0.27962382241679995,-0.046698173258970854
floarea_soarelui,2017,0.0,0.2563253661359806,0.22528060999325428,0.054444600160763024,-0.05434321242354567,-0.10114277341973388,-0.27962382241679995,-0.046698173258970854
floarea_soarelui,2017,0.0,0.26290853444016554,0.2866420191908001,0.04697600016135839,0.007018196774000174,0.0002778269023875346,-0.27962382241679995,-0.046698173258970854
floarea_soarelui,2017,0.0,0.18063591321189007,0.22095980209209953,0.036413462561264875,-0.05866402032470042,-0.010284710697705979,-0.27962382241679995,-0.046698173258970854
floarea_soarelui,2017,0.0,0.2521302511687235,0.13029676509714916,0.028886221480549867,-0.1493270573196508,-0.07558439473952072,-0.27962382241679995,-0.046698173258970854
floarea_soarelui,2017,0.0,0.3559635521151177,0.2720396281492441,0.13107588038333917,-0.007584194267555855,0.08437770712436832,-0.27962382241679995,-0.046698173258970854
floarea_soarelui,2017,0.0,0.3578273864738135,0.16979094286107577,0.05177083106445979,-0.10983287955572418,0.005072657805488934,-0.27962382241679995,-0.046698173258970854
floarea_soarelui,2017,0.0,0.1994803715346535,0.29326110218563306,0.08396518012425602,0.01363727976883311,0.03726700686528517,-0.27962382241679995,-0.046698173258970854
floarea_soarelui,2017,0.0,0.2655082012624148,0.10121348439322864,0.0759286493064768,-0.1784103380235713,-0.12262682256544766,-0.27962382241679995,-0.046698173258970854
floarea_soarelui,2017,0.0,0.3755788598650765,0.1722598792367669,0.004732879455655592,-0.10736394318003306,-0.04196529380331526,-0.27962382241679995,-0.046698173258970854
floarea_soarelui,2017,0.0,0.38703788989647214,0.3255588538365042,0.4005204936913618,0.04593503141970423,0.3538223204323909,-0.27962382241679995,-0.046698173258970854
floarea_soarelui,2017,0.0,0.3129774519357474,0.24738323412411534,0.2780659758362978,-0.03224058829268461,-0.32476414909526863,-0.27962382241679995,-0.046698173258970854
floarea_soarelui,2017,0.0,0.32416213105083946,0.32051274894166504,0.0016875006072258891,0.04088892652486509,-0.04838567386619674,-0.27962382241679995,-0.046698173258970854
floarea_soarelui,2017,0.0,0.2933357251088866,0.4267971301630178,0.07994415783021802,0.14717330774621784,0.03324598457124717,-0.27962382241679995,-0.046698173258970854
floarea_soarelui,2017,0.0,0.3106128621490665,0.23441728229822578,0.10926259517921189,-0.04520654011857417,-0.15596076843818274,-0.27962382241679995,-0.046698173258970854
floarea_soarelui,2017,0.0,0.23719085494284303,0.5522036839448132,0.17808661231084333,0.2725798615280133,0.13138843905187247,-0.27962382241679995,-0.046698173258970854
floarea_soarelui,2017,0.0,0.27733783942702706,0.32152758122060376,0.09013997065532786,0.041903758803803814,-0.13683814391429872,-0.27962382241679995,-0.046698173258970854
floarea_soarelui,2017,0.0,0.26885526545312016,0.2800361818208441,0.048829884295235715,0.00041235940404416027,-0.09552805755420657,-0.27962382241679995,-0.046698173258970854
floarea_soarelui,2017,0.0,0.46577229348221155,0.12152098703063396,0.2653209659528435,-0.15810283538616599,-0.31201913921181434,-0.27962382241679995,-0.046698173258970854
floarea_soarelui,2017,0.0,0.27603619954290376,0.31346359315520367,0.03868471004274543,0.03383977073840372,-0.08538288330171628,-0.27962382241679995,-0.046698173258970854
floarea_soarelui,2017,0.0,0.4777472042586493,0.2054285043927062,0.06474325117062296,-0.07419531802409374,-0.11144142442959382,-0.27962382241679995,-0.046698173258970854
floarea_soarelui,2017,0.0,0.25719666769722627,0.10099217894400425,0.2361402512246471,-0.1786316434727957,-0.28283842448361796,-0.27962382241679995,-0.046698173258970854
floarea_soarelui,2017,0.0,0.21251521693210096,0.1917206605185462,0.08507152605718993,-0.08790316189825376,0.038373352798219074,-0.27962382241679995,-0.046698173258970854
floarea_soarelui,2017,0.0,0.49936370625058685,0.3652755674680779,0.2035586026798506,0.08565174505127793,0.15686042942087974,-0.27962382241679995,-0.046698173258970854
floarea_soarelui,2017,0.0,0.2685443985094283,0.26017755503286777,0.19090578840518813,-0.01944626738393218,0.14420761514621727,-0.27962382241679995,-0.046698173258970854
floarea_soarelui,2017,0.0,0.19398483050235038,0.2910679705027772,0.31991442298855244,0.011444148085977268,0.2732162497295816,-0.27962382241679995,-0.046698173258970854
floarea_soarelui,2017,0.0,0.46538412519786815,0.38560414202586113,0.22839190386254637,0.10598031960906118,0.18169373060357552,-0.27962382241679995,-0.046698173258970854
floarea_soarelui,2017,0.0,0.3168540646434748,0.3852578572530714,0.32122743530113684,0.10563403483627143,0.274529262042166,-0.27962382241679995,-0.046698173258970854
floarea_soarelui,2017,0.0,0.24144848004195502,0.24142663874330905,0.1582138408593856,-0.0381971836734909,0.11151566760041476,-0.27962382241679995,-0.046698173258970854
floarea_soarelui,2017,0.0,0.34820366406565595,0.3744789138858251,0.06868515360364169,0.09485509146902515,0.021986980344670837,-0.27962382241679995,-0.046698173258970854
floarea_soarelui,2017,0.0,0.27008769732648913,0.3937226834731038,0.23455347202963273,0.11409886105630385,0.18785529877066187,-0.27962382241679995,-0.046698173258970854
floarea_soarelui,2017,0.0,0.23957746261655047,0.3502573000619611,0.04526832869883002,0.07063347764516115,-0.001429844560140836,-0.27962382241679995,-0.046698173258970854
floarea_soarelui,2018,0.0,0.8326167089827177,0.15258619053489353,0.3456339016451273,-0.03518865244828229,-0.0515428302010803,-0.18777484298317582,-0.3971767318462076
floarea_soarelui,2018,0.0,0.27013620584487097,0.08996782431940709,0.36306513612559677,-0.09780701866376873,-0.03411159572061084,-0.18777484298317582,-0.3971767318462076
floarea_soarelui,2018,0.0,0.49285246700236646,0.10598978885126087,0.34730456309700086,-0.08178505413191495,-0.04987216874920675,-0.18777484298317582,-0.3971767318462076
floarea_soarelui,2018,0.004105020913216739,0.29875751015603835,0.12159754860121286,0.20709987173474964,-0.06617729438196296,-0.19007686011145797,-0.18777484298317582,-0.3971767318462076
floarea_soarelui,2018,0.0,0.2704862465702843,0.1664003675256649,0.2758224513828491,-0.021374475457510922,-0.1213542804633585,-0.18777484298317582,-0.3971767318462076
floarea_soarelui,2018,0.0019102557091468242,0.3183417010691819,0.0788278214361049,0.26639827443646613,-0.10894702154707092,-0.13077845740974148,-0.18777484298317582,-0.3971767318462076
floarea_soarelui,2018,0.0,0.27942479368145196,0.09706427445939303,0.5790514016160859,-0.09071056852378279,0.18187466976987832,-0.18777484298317582,-0.3971767318462076
floarea_soarelui,2018,0.0,0.5010288842222503,0.1843441837443116,0.3834125931882837,-0.0034306592388642088,-0.013764138657923919,-0.18777484298317582,-0.3971767318462076
floarea_soarelui,2018,0.0,0.3069198866589077,0.03921864852415746,0.5714235346260801,-0.14855619445901835,0.17424680277987248,-0.18777484298317582,-0.3971767318462076
floarea_soarelui,2018,0.004105020913216739,0.2595880170589721,0.1262416356931091,0.3270964404440835,-0.06153320729006673,-0.07008029140212413,-0.18777484298317582,-0.3971767318462076
floarea_soarelui,2018,0.0,0.29151126430845703,0.03911991787370939,0.44549296824165596,-0.14865492510946643,0.04831623639544835,-0.18777484298317582,-0.3971767318462076
floarea_soarelui,2018,0.0,0.3079136112452478,0.07066762264354276,0.3950358266753544,-0.11710722033963306,-0.002140905170853191,-0.18777484298317582,-0.3971767318462076
floarea_soarelui,2018,0.0,0.3085275408781107,0.10153631585033107,0.21813168619164358,-0.08623852713284474,-0.17904504565456403,-0.18777484298317582,-0.3971767318462076
floarea_soarelui,2018,0.0,0.8257537098483573,0.17242140568242625,0.5065222537487784,-0.015353437300749562,0.10934552190257074,-0.18777484298317582,-0.3971767318462076
floarea_soarelui,2018,0.0,0.5245162158262021,0.3565843853296977,0.4275121169009335,0.1688095423465219,0.030335385054725883,-0.18777484298317582,-0.3971767318462076
floarea_soarelui,2018,0.0,0.8892238421666226,0.18114267509150528,0.3791935475057122,-0.006632167891670537,-0.017983184340495395,-0.18777484298317582,-0.3971767318462076
floarea_soarelui,2018,0.0,0.8449699705929617,0.3607637057519044,0.5834801533376082,0.1729888627687286,0.18630342149140056,-0.18777484298317582,-0.3971767318462076
floarea_soarelui,2018,0.0,0.3935711993062395,0.05397220407695391,0.2778221713915241,-0.1338026389062219,-0.11935456045468351,-0.18777484298317582,-0.3971767318462076
floarea_soarelui,2018,0.0,0.8513471763697,0.20279349482818798,0.3478389451292392,0.015018651845012165,-0.049337786716968424,-0.18777484298317582,-0.3971767318462076
floarea_soarelui,2018,0.0,0.6138184966644964,0.24160900534857577,0.30522883406643153,0.05383416236539995,-0.09194789777977608,-0.18777484298317582,-0.3971767318462076
floarea_soarelui,2018,0.0,0.6290785357292038,0.19498599029927277,0.4272484442043667,0.007211147316096955,0.030071712358159086,-0.18777484298317582,-0.3971767318462076
floarea_soarelui,2018,0.0,0.6167342662697562,0.3593684662707375,0.4142406445092228,0.17159362328756167,0.017063912663015213,-0.18777484298317582,-0.3971767318462076
floarea_soarelui,2018,0.0,0.6918030239237596,0.17888997593509393,0.31195572871144206,-0.00888486704808189,-0.08522100313476555,-0.18777484298317582,-0.3971767318462076
floarea_soarelui,2018,0.0,0.5498238990709037,0.28274044955979205,0.18937779006955546,0.09496560657661623,-0.20779894177665215,-0.18777484298317582,-0.3971767318462076
floarea_soarelui,2018,0.0,0.3080638794123726,0.17876781615642834,0.3900316178440466,-0.009007026826747477,-0.0071451140021610016,-0.18777484298317582,-0.3971767318462076
floarea_soarelui,2018,0.0,0.5912613050863379,0.021691976489085718,0.4519617797111173,-0.1660828664940901,0.054785047864909675,-0.18777484298317582,-0.3971767318462076
floarea_soarelui,2018,0.0,0.849670275220325,0.4420902331502714,0.4368206335944391,0.2543153901670956,0.039643901748231514,-0.18777484298317582,-0.3971767318462076
floarea_soarelui,2018,0.0,1.1093839110003154,0.24029422605849682,0.5239237848236074,0.052519383075321,0.12674705297739974,-0.18777484298317582,-0.3971767318462076
floarea_soarelui,2018,0.0,1.1560787657830207,0.22271408686606353,0.4996596541736946,0.034939243882887716,0.10248292232748701,-0.18777484298317582,-0.3971767318462076
floarea_soarelui,2018,0.0,0.8725165928996784,0.2043565750171159,0.356172460055439,0.01658173203394009,-0.0410042717907686,-0.18777484298317582,-0.3971767318462076
floarea_soarelui,2018,0.0,0.8915232578446701,0.31033667647536456,0.4602026618129633,0.12256183349218874,0.06302592996675571,-0.18777484298317582,-0.3971767318462076
floarea_soarelui,2018,0.0,1.0768046709090402,0.2270417283190893,0.5703209008132815,0.03926688533591349,0.17314416896707385,-0.18777484298317582,-0.3971767318462076
floarea_soarelui,2018,0.0,0.802329310378299,0.22488140455405814,0.3116864597740667,0.037106561570882324,-0.08549027207214088,-0.18777484298317582,-0.3971767318462076
floarea_soarelui,2018,0.0,0.9945184130526862,0.25679569940816727,0.5784683317278394,0.06902085642499145,0.1812915998816318,-0.18777484298317582,-0.3971767318462076
floarea_soarelui,2018,0.0,0.8696979798809915,0.28431518368577224,0.4265480513069799,0.09654034070259643,0.029371319460772316,-0.18777484298317582,-0.3971767318462076
floarea_soarelui,2019,0.0,0.22701481371312493,0.1585265525570394,0.3115965059909276,-0.011863468015964163,-0.014974492610833057,-0.17039002057300356,-0.32657099860176064
floarea_soarelui,2019,0.0,0.12993843371281785,0.2889526665496276,0.4497727366412616,0.11856264597662403,0.12320173803950096,-0.17039002057300356,-0.32657099860176064
floarea_soarelui,2019,0.0,0.1848645963023417,0.05123936845157129,0.18836240571845186,-0.11915065212143228,-0.13820859288330878,-0.17039002057300356,-0.32657099860176064
floarea_soarelui,2019,0.0,0.2852856607775382,0.13733045399109756,0.3052897412565785,-0.03305956658190601,-0.02128125734518216,-0.17039002057300356,-0.32657099860176064
floarea_soarelui,2019,0.0,0.25168831851137036,0.14445629720088338,0.40780814512667707,-0.025933723372120188,0.08123714652491643,-0.17039002057300356,-0.32657099860176064
floarea_soarelui,2019,0.0,0.23039944925640085,0.007559419564082237,0.18212448333237719,-0.1779494401370858,-0.14444651526938346,-0.17039002057300356,-0.32657099860176064
floarea_soarelui,2019,0.0,0.19665977245431115,0.17456893031832532,0.3675435421871138,0.004178909745321757,0.04097254358535318,-0.17039002057300356,-0.32657099860176064
floarea_soarelui,2019,0.0,0.17402311896801298,0.302879721207697,0.5542744601105332,0.13248970063469345,0.22770346150877252,-0.17039002057300356,-0.32657099860176064
floarea_soarelui,2019,0.0,0.1948012999892843,0.005946460455392266,0.2150034711428921,-0.17633648102839583,-0.11156752745886855,-0.17039002057300356,-0.32657099860176064
floarea_soarelui,2019,0.0,0.21968169309684224,0.023384783070001358,0.3223239073775441,-0.1470052375030022,-0.004247091224216515,-0.17039002057300356,-0.32657099860176064
floarea_soarelui,2019,0.0,0.23119613240359618,0.0675175477987584,0.34974634619226963,-0.10287247277424516,0.023175347590508988,-0.17039002057300356,-0.32657099860176064
floarea_soarelui,2019,0.0,0.08054450220637424,0.19693760577341823,0.41797126415474084,0.02654758520041467,0.0914002655529802,-0.17039002057300356,-0.32657099860176064
floarea_soarelui,2019,0.0,0.07824977488864715,0.11526027119777416,0.37003492225493373,-0.05512974937522941,0.04346392365317309,-0.17039002057300356,-0.32657099860176064
floarea_soarelui,2019,0.0,0.1914201081219608,0.15158368575425962,0.476253739962055,-0.01880633481874394,0.14968274136029436,-0.17039002057300356,-0.32657099860176064
floarea_soarelui,2019,0.0,0.19761011855486899,0.3059896835674003,0.1899223335831115,0.13559966299439674,-0.13664866501864914,-0.17039002057300356,-0.32657099860176064
floarea_soarelui,2019,0.0,0.33891230456545063,0.33860043774680104,0.5294155550237409,0.16821041717379748,0.2028445564219803,-0.17039002057300356,-0.32657099860176064
floarea_soarelui,2019,0.0,0.2805436845422527,0.426423885323576,0.34058849936481694,0.25603386475057244,0.014017500763056301,-0.17039002057300356,-0.32657099860176064
floarea_soarelui,2019,0.0,0.3056285681027008,0.29149285582456885,0.3354222459937275,0.12110283525156529,0.008851247391966854,-0.17039002057300356,-0.32657099860176064
floarea_soarelui,2019,0.0,0.2320460680681859,0.33858171552059524,0.33454617471957127,0.16819169494759167,0.007975176117810623,-0.17039002057300356,-0.32657099860176064
floarea_soarelui,2019,0.0,0.17751245422915743,0.07050293120116669,0.11761791321487491,-0.09988708937183688,-0.20895308538688573,-0.17039002057300356,-0.32657099860176064
floarea_soarelui,2019,0.0,0.18865885157549572,0.24472428224357534,0.3697901531871075,0.07433426167057178,0.043219154585346864,-0.17039002057300356,-0.32657099860176064
floarea_soarelui,2019,0.0,0.22470311089155648,0.3890685166025829,0.2722789899396387,0.21867849602957934,-0.054292008662121916,-0.17039002057300356,-0.32657099860176064
floarea_soarelui,2019,0.0,0.33684835763280285,0.32772277574482045,0.3112379189557717,0.15733275517181688,-0.015333079645988956,-0.17039002057300356,-0.32657099860176064
floarea_soarelui,2019,0.0,0.3191615948802148,0.30330301668804704,0.271762596105801,0.13291299611504348,-0.05480840249595964,-0.17039002057300356,-0.32657099860176064
floarea_soarelui,2019,0.0,0.21439793053379672,0.24543602155057487,0.19675264983197138,0.0750460009775713,-0.12981834876978926,-0.17039002057300356,-0.32657099860176064
floarea_soarelui,2019,0.0,0.18493184553143993,0.1748420825255237,0.5501207487182116,0.0044520619525201255,0.22354975011645095,-0.17039002057300356,-0.32657099860176064
floarea_soarelui,2019,0.0,0.2582570030511655,0.1509890375670473,0.0559135432999045,-0.32137905814005086,-0.38248454190166514,-0.17039002057300356,-0.32657099860176064
floarea_soarelui,2019,0.0,0.282633693204151,0.12959336062768978,0.4492937229279157,-0.040796659945313785,0.12272272432615505,-0.17039002057300356,-0.32657099860176064
floarea_soarelui,2019,0.0,0.30651939084265684,0.17159570539774904,0.47590344584291433,0.0012056848247454788,0.1493324472411537,-0.17039002057300356,-0.32657099860176064
floarea_soarelui,2019,0.0,0.3674497268508423,0.020590107493886567,0.44206714780199263,-0.149799913079117,0.11549614920023199,-0.17039002057300356,-0.32657099860176064
floarea_soarelui,2019,0.0,0.2476028356336324,0.17268118493057427,0.33284847548774277,0.0022911643575707075,0.006277476885982125,-0.17039002057300356,-0.32657099860176064
floarea_soarelui,2019,0.0,0.2638271792525666,0.12654096960553618,0.4090268478659471,-0.043849050967467385,0.08245584926418648,-0.17039002057300356,-0.32657099860176064
floarea_soarelui,2019,0.0,0.3817543726493488,0.07809900716001072,0.22245607695275638,-0.09229101341299284,-0.10411492164900427,-0.17039002057300356,-0.32657099860176064
floarea_soarelui,2019,0.0,0.25789400090568854,0.14339415276907674,0.2549288384804491,-0.02699586780392682,-0.07164216012131153,-0.17039002057300356,-0.32657099860176064
floarea_soarelui,2019,0.0,0.15440650335381237,0.01632506124743216,0.16181248891507627,-0.1540649593255714,-0.16475850968668437,-0.17039002057300356,-0.32657099860176064
floarea_soarelui,2020,0.0,0.22852937342487997,0.3665068020726019,0.20630505445631186,0.14478965098702767,0.0929369971085694,0.5112964530596296,0.29924205156488126
floarea_soarelui,2020,0.0,0.16175217314309348,0.18191055282484747,0.023267365731911127,0.3293859002347821,0.3225094172967924,0.5112964530596296,0.29924205156488126
floarea_soarelui,2020,0.0,0.38516223929502225,0.047820513293646894,0.027921961761455005,0.46347593976598267,0.32716401332633627,0.5112964530596296,0.29924205156488126
floarea_soarelui,2020,0.0,0.14514424030388234,0.31225871448013764,0.2498885427157016,0.19903773857949192,0.04935350884917966,0.5112964530596296,0.29924205156488126
floarea_soarelui,2020,0.0,0.16195382874331837,0.41723488493344796,0.18896911575487074,0.0940615681261816,0.11027293581001052,0.5112964530596296,0.29924205156488126
floarea_soarelui,2020,0.0,0.3223765483188975,0.32862846009412205,0.12345850869523067,0.1826679929655075,0.1757835428696506,0.5112964530596296,0.29924205156488126
floarea_soarelui,2020,0.0,0.14193980963209168,0.2690683160451117,0.020364971655023822,0.24222813701451784,0.3196070232199051,0.5112964530596296,0.29924205156488126
floarea_soarelui,2020,0.0,0.19112328109336216,0.5481462036042086,0.26723026005222206,-0.03684975054457906,0.032011791512659205,0.5112964530596296,0.29924205156488126
floarea_soarelui,2020,0.0,0.1548862757908522,0.2817170792002295,0.00862105410831182,0.22957937385940008,0.29062099745656944,0.5112964530596296,0.29924205156488126
floarea_soarelui,2020,0.0,0.2830999960261401,0.17709054192323626,0.03336572533434001,0.3342059111363933,0.26587632623054125,0.5112964530596296,0.29924205156488126
floarea_soarelui,2020,0.0,0.17764501122873666,0.2599739547827027,0.0968663467734463,0.2513224982769269,0.39610839833832756,0.5112964530596296,0.29924205156488126
floarea_soarelui,2020,0.0,0.22976307858240824,0.41398148714991967,0.12943714031308984,0.0973149659097099,0.16980491125179142,0.5112964530596296,0.29924205156488126
floarea_soarelui,2020,0.0,0.14028576533664477,0.2748131367259776,0.018437083897894446,0.23648331633365194,0.3176791354627757,0.5112964530596296,0.29924205156488126
floarea_soarelui,2020,0.0,0.36517774402609715,0.5894823081232996,0.25765979943192585,-0.07818585506367004,0.04158225213295541,0.5112964530596296,0.29924205156488126
floarea_soarelui,2020,0.0,0.13680922098705914,0.8835996340516861,0.9367177841372967,-0.3723031809920565,-0.6374757325724154,0.5112964530596296,0.29924205156488126
floarea_soarelui,2020,0.0,0.26226328057980747,0.5535425697685734,0.25642074306851503,-0.04224611670894385,0.04282130849636623,0.5112964530596296,0.29924205156488126
floarea_soarelui,2020,0.0,0.16035870643153483,0.6523449397687462,0.3501963539119446,-0.14104848670911663,-0.05095430234706333,0.5112964530596296,0.29924205156488126
floarea_soarelui,2020,0.0,0.10173646567936516,0.7959566563733107,0.5801264786249734,-0.28466020331368114,-0.2808844270600921,0.5112964530596296,0.29924205156488126
floarea_soarelui,2020,0.0,0.27857131971082627,0.6497948626589745,0.5041191741391793,-0.1384984095993449,-0.20487712257429802,0.5112964530596296,0.29924205156488126
floarea_soarelui,2020,0.0,0.14011897500104004,0.5942357700379346,0.5428384278572485,-0.08293931697830503,-0.2435963762923672,0.5112964530596296,0.29924205156488126
floarea_soarelui,2020,0.0,0.21845957205394448,0.6599947335696599,0.3947396459496555,-0.1486982805100303,-0.09549759438477423,0.5112964530596296,0.29924205156488126
floarea_soarelui,2020,0.0,0.26182712041615475,0.4124973272208825,0.30699642410529915,0.09879912583874706,-0.0077543725404178865,0.5112964530596296,0.29924205156488126
floarea_soarelui,2020,0.0,0.14994129151872243,0.6270677831427705,0.45355321440406904,-0.11577133008314089,-0.15431116283918778,0.5112964530596296,0.29924205156488126
floarea_soarelui,2020,0.0,0.18561413792994813,0.373272342212811,0.18421769189005577,0.13802411084681854,0.1150243596748255,0.5112964530596296,0.29924205156488126
floarea_soarelui,2020,0.0,0.11889122226550031,0.8684930981104104,0.7237825804681761,-0.35719664505078086,-0.42454052890329486,0.5112964530596296,0.29924205156488126
floarea_soarelui,2020,0.0,0.1998043620232745,0.5486365957075683,0.245798173697648,-0.03734014264793872,0.05344387786723326,0.5112964530596296,0.29924205156488126
floarea_soarelui,2020,0.0,0.3202589525156826,0.880398682063326,0.8116900399413709,-0.3691022290036965,-0.5124479883764896,0.5112964530596296,0.29924205156488126
floarea_soarelui,2020,0.0,0.1824701154157218,0.4969302057224372,0.14058605790123124,0.014366247337192384,0.15865599366365002,0.5112964530596296,0.29924205156488126
floarea_soarelui,2020,0.0,0.20377244368949002,0.27453781478362016,0.028585630891399205,0.2367586382760094,0.32782768245628047,0.5112964530596296,0.29924205156488126
floarea_soarelui,2020,0.0,0.16114557833162346,0.7118269898530629,0.429434617546272,-0.20053053679343336,-0.13019256598139073,0.5112964530596296,0.29924205156488126
floarea_soarelui,2020,0.0,0.28447768857504635,0.6544927080365115,0.5623277380373266,-0.14319625497688193,-0.26308568647244535,0.5112964530596296,0.29924205156488126
floarea_soarelui,2020,0.0,0.22238755033100216,0.9887424871780599,0.6332200429466552,-0.47744603411843034,-0.333977991381774,0.5112964530596296,0.29924205156488126
floarea_soarelui,2020,0.0,0.167826951884608,0.7549564198135705,0.505731716880109,-0.24365996675394097,-0.20648966531522772,0.5112964530596296,0.29924205156488126
floarea_soarelui,2020,0.0,0.24575298430612835,0.22363884246790589,0.0022396628356875503,0.2876576105917237,0.3014817144005688,0.5112964530596296,0.29924205156488126
floarea_soarelui,2020,0.0,0.3444015921284856,0.8217824392917308,0.6637227219486324,-0.3104859862321012,-0.3644806703837511,0.5112964530596296,0.29924205156488126
floarea_soarelui,2021,0.0,0.3047257548036897,0.09535260572741677,0.21925412483493112,0.015424475550144479,-0.10699433217291343,-0.0799281301772723,-0.32624845700784455
floarea_soarelui,2021,0.0,0.29353282017522175,0.05552976307391466,0.3434305052899229,-0.024398367103357632,0.017182048282078366,-0.0799281301772723,-0.32624845700784455
floarea_soarelui,2021,0.0,0.419435472078767,0.13881315343176137,0.23498827810128686,-0.21874128360903367,-0.09126017890655769,-0.0799281301772723,-0.32624845700784455
floarea_soarelui,2021,0.0,0.3839473489970361,0.12900156142259922,0.5132672053348442,0.049073431245326926,0.1870187483269996,-0.0799281301772723,-0.32624845700784455
floarea_soarelui,2021,0.0,0.33974681087283454,0.09873203770586425,0.5709887853807794,0.018803907528591957,0.2447403283729348,-0.0799281301772723,-0.32624845700784455
floarea_soarelui,2021,0.0,0.4081833991056653,0.1146220981499746,0.3188007477660255,-0.1945502283272469,-0.007447709241819034,-0.0799281301772723,-0.32624845700784455
floarea_soarelui,2021,0.0,0.2332611714197658,0.005296449008558746,0.3205201133572997,-0.08522457918583104,-0.005728343650544865,-0.0799281301772723,-0.32624845700784455
floarea_soarelui,2021,0.0,0.24818000367048104,0.10985595282035865,0.3861233468378651,0.029927822643086355,0.05987488983002054,-0.0799281301772723,-0.32624845700784455
floarea_soarelui,2021,0.0,0.22991142654053087,0.1103001563643553,0.35446550250153397,-0.1902282865416276,0.02821704549368942,-0.0799281301772723,-0.32624845700784455
floarea_soarelui,2021,0.0,0.4183853126794821,0.006767586243130896,0.4932602477938923,-0.0731605439341414,0.16701179078604778,-0.0799281301772723,-0.32624845700784455
floarea_soarelui,2021,0.0,0.3997259975190026,0.09535437994602258,0.33419658397677043,-0.17528251012329488,0.007948126968925884,-0.0799281301772723,-0.32624845700784455
floarea_soarelui,2021,0.0,0.38741765012615603,0.0281809465535936,0.21414521669929298,-0.051747183623678694,-0.11210324030855157,-0.0799281301772723,-0.32624845700784455
floarea_soarelui,2021,0.0,0.46031820187643024,0.01734593000908946,0.3594722153744563,-0.09727406018636175,0.03322375836661173,-0.0799281301772723,-0.32624845700784455
floarea_soarelui,2021,0.0,0.1759610355406189,0.13952758320008884,0.4903645916219199,0.05959945302281655,0.16411613461407537,-0.0799281301772723,-0.32624845700784455
floarea_soarelui,2021,0.0,0.4408196423315257,0.3103616567619869,0.33295708591982276,0.2304335265847146,0.006708628911978209,-0.0799281301772723,-0.32624845700784455
floarea_soarelui,2021,0.0,0.277903315507629,0.1286736436761684,0.41703993210614554,0.04874551349889611,0.09079147509830099,-0.0799281301772723,-0.32624845700784455
floarea_soarelui,2021,0.0,0.24314212415418499,0.1250181728553703,0.3788947024071003,0.04509004267809802,0.052646245399255776,-0.0799281301772723,-0.32624845700784455
floarea_soarelui,2021,0.0,0.3952542014996788,0.16328234146778486,0.3568193641245494,0.08335421129051257,0.03057090711670485,-0.0799281301772723,-0.32624845700784455
floarea_soarelui,2021,0.0,0.2851338646168355,0.16644720698281112,0.2351900214712992,0.08651907680553883,-0.09105843553654536,-0.0799281301772723,-0.32624845700784455
floarea_soarelui,2021,0.0,0.41367481078666335,0.13976129461527131,0.2631006063120167,0.05983316443799902,-0.06314785069582785,-0.0799281301772723,-0.32624845700784455
floarea_soarelui,2021,0.0,0.4712932537781674,0.10622963366428095,0.21880868420290955,0.02630150348700866,-0.107439772804935,-0.0799281301772723,-0.32624845700784455
floarea_soarelui,2021,0.0,0.4413149304349077,0.09902095852338277,0.22325044020322027,0.01909282834611048,-0.10299801680462428,-0.0799281301772723,-0.32624845700784455
floarea_soarelui,2021,0.0,0.2601837263489098,0.22398836382784548,0.3637784634643353,0.1440602336505732,0.03753000645649074,-0.0799281301772723,-0.32624845700784455
floarea_soarelui,2021,0.0,0.21204809308267772,0.12455743232807182,0.0806034357138472,-0.2044855625053441,-0.24564502129399735,-0.0799281301772723,-0.32624845700784455
floarea_soarelui,2021,0.0,0.3160353808535193,0.17493375903387864,0.14633790043751116,0.09500562885660635,-0.1799105565703334,-0.0799281301772723,-0.32624845700784455
floarea_soarelui,2021,0.0,0.2642462437938944,0.06724162611443862,0.39371476151767704,-0.01268650406283367,0.06746630450983249,-0.0799281301772723,-0.32624845700784455
floarea_soarelui,2021,0.33563535684649004,0.6425385273539241,0.1707343265157859,0.1744960977581873,0.09080619633851361,-0.15175235924965724,-0.0799281301772723,-0.32624845700784455
floarea_soarelui,2021,0.0,0.23983680373673927,0.1333189294594801,0.4024270706915387,0.0533907992822078,0.07617861368369416,-0.0799281301772723,-0.32624845700784455
floarea_soarelui,2021,0.0,0.1774828152817527,0.10901352549639487,0.4656281249607592,0.029085395319122576,0.13937966795291468,-0.0799281301772723,-0.32624845700784455
floarea_soarelui,2021,0.0,0.22025867724276527,0.0775408894124463,0.2510894547281852,-0.002387240764825993,-0.07515900227965933,-0.0799281301772723,-0.32624845700784455
floarea_soarelui,2021,0.0,0.19171462885296525,0.16127499936237388,0.37486722360432445,0.08134686918510159,0.0486187665964799,-0.0799281301772723,-0.32624845700784455
floarea_soarelui,2021,0.0,0.23260967747593098,0.05972026385459106,0.3571759978590392,-0.020207866322681234,0.030927540851194646,-0.0799281301772723,-0.32624845700784455
floarea_soarelui,2021,0.0,0.2334142031406016,0.09699040758986355,0.212943419480081,0.017062277412591254,-0.11330503752776355,-0.0799281301772723,-0.32624845700784455
floarea_soarelui,2021,0.0,0.4578031006382851,0.10926358743177111,0.3793639729938869,0.02933545725449882,0.05311551598604236,-0.0799281301772723,-0.32624845700784455
floarea_soarelui,2021,0.0,0.25183138195530064,0.11801053204945955,0.2369317704472742,0.038082401872187255,-0.08931668656057035,-0.0799281301772723,-0.32624845700784455
floarea_soarelui,2022,0.0,0.13201922993452647,0.21019347954971224,0.015587769312368494,0.1535834478295799,0.21482762076855932,0.3637769273792921,0.19923985145619083
floarea_soarelui,2022,0.0,0.17524130469915863,0.5329812392238038,0.3057239628151418,-0.16920431184451168,-0.10648411135895097,0.3637769273792921,0.19923985145619083
floarea_soarelui,2022,0.0,0.15628377865854542,0.13666442315281158,0.08588523121105895,0.22711250422648055,0.11335462024513188,0.3637769273792921,0.19923985145619083
floarea_soarelui,2022,0.0,0.19431069311352286,0.46627340793860617,0.36904501578393223,-0.10249648055931404,-0.1698051643277414,0.3637769273792921,0.19923985145619083
floarea_soarelui,2022,0.0,0.09778184382602545,0.48850180624522155,0.33140331866121064,-0.12472487886592942,-0.1321634672050198,0.3637769273792921,0.19923985145619083
floarea_soarelui,2022,0.0,0.1651649505825053,0.38955038707690637,0.37368070611745585,-0.025773459697614243,-0.17444085466126502,0.3637769273792921,0.19923985145619083
floarea_soarelui,2022,0.0,0.13120369426913503,0.5419477045298571,0.3722614250747456,-0.17817077715056495,-0.17302157361855475,0.3637769273792921,0.19923985145619083
floarea_soarelui,2022,0.0,0.2458069125893017,0.41375639171383494,0.19383365331944358,-0.04997946433454281,0.005406198136747253,0.3637769273792921,0.19923985145619083
floarea_soarelui,2022,0.0,0.14141162588208722,0.5046909157609845,0.316735463852555,-0.14091398838169233,-0.11749561239636419,0.3637769273792921,0.19923985145619083
floarea_soarelui,2022,0.0,0.320188519860772,0.4029488558131371,0.22103620973102656,-0.03917192843384498,-0.021796358274835725,0.3637769273792921,0.19923985145619083
floarea_soarelui,2022,0.0,0.20320463699748448,0.4909579365362755,0.2739584623331046,-0.12718100915698338,-0.07471861087691378,0.3637769273792921,0.19923985145619083
floarea_soarelui,2022,0.0,0.18560933709831615,0.4739879556680804,0.1570961561234503,-0.11021102828878826,0.04214369533274054,0.3637769273792921,0.19923985145619083
floarea_soarelui,2022,0.0,0.2526370971278594,0.3373214607018338,0.2527456064674629,0.02645546667745835,-0.05350575501127208,0.3637769273792921,0.19923985145619083
floarea_soarelui,2022,0.0,0.23523167710788417,0.30556772100509866,0.07450410600832402,0.05820920637419347,0.12473574544786681,0.3637769273792921,0.19923985145619083
floarea_soarelui,2022,0.0,0.09930889481887875,0.10796746572747828,0.2502551719995916,0.25580946165181384,-0.051015320543400744,0.3637769273792921,0.19923985145619083
floarea_soarelui,2022,0.0,0.16675703419243765,0.35101626530004415,0.32490341093467423,0.012760662079247975,-0.1256635594784834,0.3637769273792921,0.19923985145619083
floarea_soarelui,2022,0.0,0.19473337271585694,0.23588582311450512,0.09757602167954937,0.127891104264787,0.10166382977664146,0.3637769273792921,0.19923985145619083
floarea_soarelui,2022,0.0,0.14014275745109547,0.27269325416033974,0.012075761966586995,0.09108367321895239,0.18716408948960384,0.3637769273792921,0.19923985145619083
floarea_soarelui,2022,0.0,0.1880869334626063,0.44350003123477366,0.25090765917180846,-0.07972310385548154,-0.05166780771561763,0.3637769273792921,0.19923985145619083
floarea_soarelui,2022,0.0,0.06297883494990608,0.26371351040804214,0.10909568138072334,0.10006341697124999,0.09014417007546749,0.3637769273792921,0.19923985145619083
floarea_soarelui,2022,0.0,0.18247442823433113,0.34422932302690334,0.03690523559870362,0.01954760435238878,0.1623346158574872,0.3637769273792921,0.19923985145619083
floarea_soarelui,2022,0.0,0.17602486476923626,0.36932353801652207,0.20550336281148818,-0.005546610637229943,-0.0062635113552973465,0.3637769273792921,0.19923985145619083
floarea_soarelui,2022,0.0,0.15440208809558176,0.20876756858298284,0.18759529071026249,0.15500935879630928,0.011644560745928345,0.3637769273792921,0.19923985145619083
floarea_soarelui,2022,0.0,0.13057579520829704,0.40757570710331414,0.32049804537239357,-0.04379877972402202,-0.12125819391620274,0.3637769273792921,0.19923985145619083
floarea_soarelui,2022,0.0,0.10974042317169477,0.4177143796951466,0.4361101879507978,-0.05393745231585445,-0.23687033649460698,0.3637769273792921,0.19923985145619083
floarea_soarelui,2022,0.0,0.172353646646616,0.42224296375626214,0.02421114755916065,-0.05846603637697001,0.22345099901535148,0.3637769273792921,0.19923985145619083
floarea_soarelui,2022,0.0,0.2979217170343166,0.3486711802090219,0.21432805304758862,0.015105747170270245,-0.015088201591397787,0.3637769273792921,0.19923985145619083
floarea_soarelui,2022,0.0,0.47276960648745475,0.5526785362214435,0.27720404705816515,-0.18890160884215135,-0.07796419560197432,0.3637769273792921,0.19923985145619083
floarea_soarelui,2022,0.0,0.4295091370906297,0.5087307097296252,0.07992201612385363,-0.14495378235033307,0.1193178353323372,0.3637769273792921,0.19923985145619083
floarea_soarelui,2022,0.0,0.36210286183708934,0.47271679387440013,0.354525553969947,-0.108939866495108,-0.15528570251375617,0.3637769273792921,0.19923985145619083
floarea_soarelui,2022,0.0,0.2388458644251627,0.19545804351170615,0.06323280672830744,0.16831888386758598,0.2624726581844983,0.3637769273792921,0.19923985145619083
floarea_soarelui,2022,0.0,0.26618170188172924,0.2702732998852859,0.0845645970659965,0.0935036274940062,0.28380444852218734,0.3637769273792921,0.19923985145619083
floarea_soarelui,2022,0.0,0.20499569480041716,0.14516853219792925,0.21942013589910436,0.21860839518136288,-0.020180284442913532,0.3637769273792921,0.19923985145619083
floarea_soarelui,2022,0.0,0.37995603079951573,0.3570705322039953,0.19967819511807194,0.006706395175296809,-0.0004383436618811132,0.3637769273792921,0.19923985145619083
floarea_soarelui,2022,0.0,0.24575088519505303,0.3414513153993486,0.25657797334031196,0.022325611979943538,-0.05733812188412113,0.3637769273792921,0.19923985145619083
floarea_soarelui,2023,0.0,0.49338227752587593,0.23890783384502923,0.13460673851833205,0.19809595896035903,-0.004240930604114457,-0.040811874884670196,-0.1388476691224465
floarea_soarelui,2023,0.0,0.21893236395965565,0.07700123454480634,0.022844932852643662,0.036189359660136144,-0.11600273626980284,-0.040811874884670196,-0.1388476691224465
floarea_soarelui,2023,0.0,0.3262976937600438,0.00794738578736709,0.5830570738221619,-0.048759260672037286,0.44420940469971537,-0.040811874884670196,-0.1388476691224465
floarea_soarelui,2023,0.0,0.20234688595908223,0.09783028633002822,0.646316096366164,0.05701841144535802,0.5074684272437175,-0.040811874884670196,-0.1388476691224465
floarea_soarelui,2023,0.0,0.21697912857617735,0.13005443476081657,0.5861680552635771,0.08924255987614638,0.44732038614113057,-0.040811874884670196,-0.1388476691224465
floarea_soarelui,2023,0.0,0.24246481216711158,0.041334524517291804,0.6026954176225989,0.0005226496326216079,0.4638477485001524,-0.040811874884670196,-0.1388476691224465
floarea_soarelui,2023,0.0,0.23324068840308015,0.11803010559489557,0.10971985845894583,0.07721823071022538,-0.029127810663500675,-0.040811874884670196,-0.1388476691224465
floarea_soarelui,2023,0.0,0.18909736152782106,0.15584002244416206,0.5918134648576463,0.11502814755949187,0.4529657957351998,-0.040811874884670196,-0.1388476691224465
floarea_soarelui,2023,0.0,0.18340683262850307,0.04795351909787282,0.17215612465058694,0.007141644213202625,0.033308455528140435,-0.040811874884670196,-0.1388476691224465
floarea_soarelui,2023,0.0,0.30659998372653974,0.11826045086486214,0.8186416334612541,0.07744857598019195,0.6797939643388076,-0.040811874884670196,-0.1388476691224465
floarea_soarelui,2023,0.0,0.2808911148489034,0.06834443160750414,0.2683699639211725,0.027532556722833945,0.129522294798726,-0.040811874884670196,-0.1388476691224465
floarea_soarelui,2023,0.0,0.22344781418659415,0.014484670185425319,0.021129262487426193,-0.055296545070095515,-0.11771840663502031,-0.040811874884670196,-0.1388476691224465
floarea_soarelui,2023,0.0,0.23002998430433536,0.041005098338722235,0.6266292485325207,0.00019322345405203833,0.48778157941007416,-0.040811874884670196,-0.1388476691224465
floarea_soarelui,2023,0.0,0.44434314759196114,0.049035218525385726,0.054137703433903006,0.00822334364071553,-0.0847099656885435,-0.040811874884670196,-0.1388476691224465
floarea_soarelui,2023,0.0,0.2740279828415094,0.19740775862358673,0.22703149767777875,0.15659588373891653,-0.36587916680022525,-0.040811874884670196,-0.1388476691224465
floarea_soarelui,2023,0.0,0.47370297982177495,0.18333912261562801,0.14728190678793363,0.14252724773095782,0.008434237665487121,-0.040811874884670196,-0.1388476691224465
floarea_soarelui,2023,0.0,0.3399369178165862,0.38204445378205465,0.15176269847926305,0.34123257889738445,0.012915029356816543,-0.040811874884670196,-0.1388476691224465
floarea_soarelui,2023,0.0,0.20343249210947706,0.06088283815240558,0.15698389416491265,0.020070963267735387,-0.29583156328735916,-0.040811874884670196,-0.1388476691224465
floarea_soarelui,2023,0.0,0.3770430939013891,0.08105726511249456,0.3323489733673841,-0.12186913999716475,-0.4711966424898306,-0.040811874884670196,-0.1388476691224465
floarea_soarelui,2023,0.0,0.219894177621397,0.20353296855610514,0.012807345728105712,0.16272109367143495,-0.1260403233943408,-0.040811874884670196,-0.1388476691224465
floarea_soarelui,2023,0.0,0.21756198887449313,0.05057361356472745,0.03829187524141009,0.009761738680057253,-0.1771395443638566,-0.040811874884670196,-0.1388476691224465
floarea_soarelui,2023,0.0,0.2915093227282651,0.08615543883684795,0.31198074302541645,0.04534356395217776,0.17313307390296995,-0.040811874884670196,-0.1388476691224465
floarea_soarelui,2023,0.0,0.226313150858315,0.27121359297988956,0.13485343273610617,0.23040171809521937,-0.003994236386340333,-0.040811874884670196,-0.1388476691224465
floarea_soarelui,2023,0.0,0.2354172133693241,0.0713139409632162,0.5617828434642891,-0.11212581584788639,0.4229351743418426,-0.040811874884670196,-0.1388476691224465
floarea_soarelui,2023,0.0,0.21817357950618907,0.04884913286521808,0.10443085587532819,0.008037257980547885,-0.2432785249977747,-0.040811874884670196,-0.1388476691224465
floarea_soarelui,2023,0.0,0.37177486298645246,0.2055978174564621,0.2844775065098224,0.1647859425717919,0.1456298373873759,-0.040811874884670196,-0.1388476691224465
floarea_soarelui,2023,0.0,0.45176179845429676,0.06139478222825634,0.10727363352690755,0.020582907343586143,-0.24612130264935406,-0.040811874884670196,-0.1388476691224465
floarea_soarelui,2023,0.0,0.3365803466272289,0.33780610736529715,0.29454695930111985,-0.37861798224996734,-0.43339462842356635,-0.040811874884670196,-0.1388476691224465
floarea_soarelui,2023,0.0,0.5808691414735776,0.35877917833068773,0.11426315654987418,-0.3995910532153579,-0.2531108256723207,-0.040811874884670196,-0.1388476691224465
floarea_soarelui,2023,0.0,0.47385283386840404,0.02393403290498064,0.050253634555516236,-0.016877841979689556,-0.18910130367796274,-0.040811874884670196,-0.1388476691224465
floarea_soarelui,2023,0.0,0.31583102234206006,0.04319028992268503,0.10193951388804878,0.002378415038014836,-0.2407871830104953,-0.040811874884670196,-0.1388476691224465
floarea_soarelui,2023,0.0,0.3421459618091772,0.08218650025635554,0.07411577918528822,-0.12299837514102574,-0.06473188993715828,-0.040811874884670196,-0.1388476691224465
floarea_soarelui,2023,0.0,0.2826580352655093,0.1968852735894382,0.26242245461256397,-0.2376971484741084,-0.4012701237350105,-0.040811874884670196,-0.1388476691224465
floarea_soarelui,2023,0.0,0.3386214352015825,0.18859832457673997,0.03563277781204066,-0.22941019946141017,-0.17448044693448717,-0.040811874884670196,-0.1388476691224465
floarea_soarelui,2023,0.0,0.29514689579316017,0.23423873582973398,0.23226018430665052,-0.2750506107144042,-0.371107853429097,-0.040811874884670196,-0.1388476691224465
floarea_soarelui,2024,0.0,0.34760888462035555,0.37828846599413923,0.3624708004425883,0.43819049515405784,0.457500907962757,0.0599020291599186,0.09503010752016872
floarea_soarelui,2024,0.0,0.4650010498769415,0.28660452382427337,0.05855080259095535,-0.22670249466435477,0.03647930492921336,0.0599020291599186,0.09503010752016872
floarea_soarelui,2024,0.0,0.3590911814179067,0.014732334810429126,0.04343857403374063,0.045169694349489475,0.05159153348642809,0.0599020291599186,0.09503010752016872
floarea_soarelui,2024,0.0,0.4436340583633697,0.133406599590975,0.2617572968006181,-0.0735045704310564,-0.16672718928044938,0.0599020291599186,0.09503010752016872
floarea_soarelui,2024,0.0,0.4184318266638143,0.35794809436417196,0.41163052091680896,-0.29804606520425336,-0.31660041339664025,0.0599020291599186,0.09503010752016872
floarea_soarelui,2024,0.0,0.35663949656826527,0.15781461279327846,0.24118404056350595,-0.09791258363335986,-0.14615393304333724,0.0599020291599186,0.09503010752016872
floarea_soarelui,2024,0.0,0.7228048887680232,0.14419668845726008,0.014754437150345634,-0.08429465929734148,0.08027567036982308,0.0599020291599186,0.09503010752016872
floarea_soarelui,2024,0.0,0.35819019740584274,0.1712517801950919,0.052144156098100414,-0.1113497510351733,0.0428859514220683,0.0599020291599186,0.09503010752016872
floarea_soarelui,2024,0.0,0.435926350351984,0.2755282527741967,0.334748955160197,-0.21562622361427808,-0.23971884764002827,0.0599020291599186,0.09503010752016872
floarea_soarelui,2024,0.0,0.3648974290626781,0.3030510182878148,0.19985647938493223,-0.24314898912789618,-0.10482637186476351,0.0599020291599186,0.09503010752016872
floarea_soarelui,2024,0.0,0.4971383417529259,0.18932771840492757,0.16362692595310957,-0.12942568924500897,-0.06859681843294085,0.0599020291599186,0.09503010752016872
floarea_soarelui,2024,0.0,0.49082684367839635,0.14894431771465833,0.25646469672956806,-0.08904228855473972,-0.16143458920939935,0.0599020291599186,0.09503010752016872
floarea_soarelui,2024,0.0,0.3650462494756269,0.18947099334824902,0.12280705361670785,-0.12956896418833042,-0.027776946096539135,0.0599020291599186,0.09503010752016872
floarea_soarelui,2024,0.0,0.36833950937435594,0.2520856480376197,0.6216762227255752,0.3119876771975383,0.7167063302457439,0.0599020291599186,0.09503010752016872
floarea_soarelui,2024,0.0,0.19439367134201593,0.30207996647745583,0.05482635444823725,0.36198199563737443,0.04020375307193147,0.0599020291599186,0.09503010752016872
floarea_soarelui,2024,0.0,0.3384120533438741,0.05793567720880688,0.08351608696852963,0.11783770636872548,0.011514020551639081,0.0599020291599186,0.09503010752016872
floarea_soarelui,2024,0.0,0.3640273124221777,0.11718308913990283,0.21633471447561092,0.17708511829982143,0.31136482199577964,0.0599020291599186,0.09503010752016872
floarea_soarelui,2024,0.0,0.6633631600400658,0.07947150413399795,0.16317418051476862,0.13937353329391655,-0.0681440729945999,0.0599020291599186,0.09503010752016872
floarea_soarelui,2024,0.0,0.5636166335277084,0.09892791731436734,0.1410149423546483,0.15882994647428594,-0.04598483483447957,0.0599020291599186,0.09503010752016872
floarea_soarelui,2024,0.0,0.3956528461217088,0.41338068980628684,0.20353856552474126,0.47328271896620544,0.29856867304490997,0.0599020291599186,0.09503010752016872
floarea_soarelui,2024,0.0,0.41765467200269474,0.007000166134516483,0.22618093528352468,0.05290186302540212,-0.13115082776335596,0.0599020291599186,0.09503010752016872
floarea_soarelui,2024,0.0,0.2201450108764187,0.11836758119235968,0.015297487808403343,0.17826961035227828,0.11032759532857206,0.0599020291599186,0.09503010752016872
floarea_soarelui,2024,0.0,0.590590533655525,0.0019423971364478376,0.19123801928992235,0.057959632023470764,-0.09620791176975363,0.0599020291599186,0.09503010752016872
floarea_soarelui,2024,0.0,0.41533926350304673,0.16604764458192056,0.19813467142930818,-0.10614561542200196,-0.10310456390913947,0.0599020291599186,0.09503010752016872
floarea_soarelui,2024,0.0,0.5320707453361162,0.24097315369144212,0.5399287951745921,-0.18107112453152352,-0.4448986876544234,0.0599020291599186,0.09503010752016872
floarea_soarelui,2024,0.0,0.3022922688177118,0.028563247522100266,0.17032798244584768,0.08846527668201887,0.2653580899660164,0.0599020291599186,0.09503010752016872
floarea_soarelui,2024,0.0,0.5599982831717247,0.1006495807552259,0.3137731442469134,-0.040747551595307296,-0.21874303672674467,0.0599020291599186,0.09503010752016872
floarea_soarelui,2024,0.0,0.492360280141061,0.2706389553885389,0.14263302055848293,-0.21073692622862028,-0.04760291303831421,0.0599020291599186,0.09503010752016872
floarea_soarelui,2024,0.0,0.3415972743785006,0.4189438182128824,0.24210485214119304,-0.3590417890529638,-0.14707474462102432,0.0599020291599186,0.09503010752016872
floarea_soarelui,2024,0.0,0.6742921832905726,0.03877557212021543,0.2574862164671754,0.021126457039703173,-0.16245610894700668,0.0599020291599186,0.09503010752016872
floarea_soarelui,2024,0.0,0.2866107188688303,0.11853141019270241,0.050657821604653375,0.17843343935262101,0.04437228591551534,0.0599020291599186,0.09503010752016872
floarea_soarelui,2024,0.0,0.29115733985334286,0.1289518166321657,0.017778298812267668,-0.0690497874722471,0.07725180870790105,0.0599020291599186,0.09503010752016872
floarea_soarelui,2024,0.0,0.6398805954501859,0.10499004656406363,0.07241731479697311,0.16489207572398223,0.16744742231714183,0.0599020291599186,0.09503010752016872
floarea_soarelui,2024,0.0,0.41004546034848816,0.1874825163762659,0.05530306731354884,-0.1275804872163473,0.03972704020661988,0.0599020291599186,0.09503010752016872
floarea_soarelui,2024,0.0,0.3619443769672463,0.23269370858604033,0.14940250581932935,-0.17279167942612172,-0.05437239829916063,0.0599020291599186,0.09503010752016872
floarea_soarelui,2025,0.0,0.3197146879832693,0.18769585773257846,0.23505151509863076,0.08186933810638575,0.0734226128646287,-0.10582651962619272,-0.16162890223400206
floarea_soarelui,2025,0.0,0.2906845936209327,0.29309042332040125,0.29980962170473724,0.18726390369420853,0.13818071947073518,-0.10582651962619272,-0.16162890223400206
floarea_soarelui,2025,0.0,0.5084655483595617,0.11190228649306277,0.12823247058337772,0.006075766866870058,-0.033396431650624336,-0.10582651962619272,-0.16162890223400206
floarea_soarelui,2025,0.0,0.3177586557774875,0.2215873531341339,0.3007351857989975,0.1157608335079412,0.13910628356499544,-0.10582651962619272,-0.16162890223400206
floarea_soarelui,2025,0.0,0.26341331941597534,0.17949387534418548,0.2744612089793792,0.07366735571799277,0.11283230674537714,-0.10582651962619272,-0.16162890223400206
floarea_soarelui,2025,0.0,0.374239654418331,0.15660802983978872,0.3436328379452176,0.050781510213596004,0.18200393571121554,-0.10582651962619272,-0.16162890223400206
floarea_soarelui,2025,0.0,0.2048473868902226,0.19159852243197362,0.266864177578336,0.0857720028057809,0.10523527534433397,-0.10582651962619272,-0.16162890223400206
floarea_soarelui,2025,0.0,0.17997595869912755,0.04730992341276474,0.22705737280159255,-0.058516596213427974,0.06542847056759049,-0.10582651962619272,-0.16162890223400206
floarea_soarelui,2025,0.0,0.15060710801775756,0.1287070036700162,0.4026193859059459,0.02288048404382348,0.24099048367194387,-0.10582651962619272,-0.16162890223400206
floarea_soarelui,2025,0.0,0.6107571034443577,0.1597424394202993,0.3645798291809985,0.05391591979410659,0.20295092694699646,-0.10582651962619272,-0.16162890223400206
floarea_soarelui,2025,0.0,0.2642227516738055,0.12929570706345306,0.20938483428990562,0.02346918743726034,0.04775593205590356,-0.10582651962619272,-0.16162890223400206
floarea_soarelui,2025,0.0,0.19424229973338297,0.09922269178747323,0.08972365617268974,-0.006603827838719489,-0.07190524606131232,-0.10582651962619272,-0.16162890223400206
floarea_soarelui,2025,0.0,0.25554386065932366,0.018890939663741335,0.10108573936932341,-0.12471745928993405,-0.060543162864678646,-0.10582651962619272,-0.16162890223400206
floarea_soarelui,2025,0.0,0.40758004491507716,0.17166918756821303,0.12098805425419146,-0.27749570719440575,-0.0406408479798106,-0.10582651962619272,-0.16162890223400206
floarea_soarelui,2025,0.0,0.27193894510360955,0.5279449317857248,0.3183461270533696,0.42211841215953205,0.15671722481936756,-0.10582651962619272,-0.16162890223400206
floarea_soarelui,2025,0.0,0.5251437780102927,0.2028183081697783,0.2829581965640635,0.09699178854358559,0.12132929433006145,-0.10582651962619272,-0.16162890223400206
floarea_soarelui,2025,0.0,0.4000805223621257,0.01149791068282191,0.041047935497204424,-0.11732443030901463,-0.12058096673679763,-0.10582651962619272,-0.16162890223400206
floarea_soarelui,2025,0.0,0.3636873031370461,0.2867545141399961,0.2220463575768128,0.18092799451380337,0.06041745534281073,-0.10582651962619272,-0.16162890223400206
floarea_soarelui,2025,0.0,0.25245456502532615,0.08402930342050441,0.053667685899138284,-0.18985582304669713,-0.21529658813314034,-0.10582651962619272,-0.16162890223400206
floarea_soarelui,2025,0.0,0.24124497351910928,0.33461729697292153,0.22979965438236283,0.2287907773467288,0.06817075214836077,-0.10582651962619272,-0.16162890223400206
floarea_soarelui,2025,0.0,0.41227009789452485,0.15241422572716745,0.09997553589371178,0.046587706100974735,-0.06165336634029028,-0.10582651962619272,-0.16162890223400206
floarea_soarelui,2025,0.0,0.4150449882399184,0.20645963714346127,0.0868242234694101,0.10063311751726856,-0.07480467876459196,-0.10582651962619272,-0.16162890223400206
floarea_soarelui,2025,0.0,0.4823845214591665,0.29531722565093776,0.10885527807826278,0.18949070602474505,-0.052773624155739274,-0.10582651962619272,-0.16162890223400206
floarea_soarelui,2025,0.0,0.21568132054381958,0.029594549342614407,0.01863062435684082,-0.13542106896880712,-0.18025952659084288,-0.10582651962619272,-0.16162890223400206
floarea_soarelui,2025,0.0,0.22156464266479237,0.18255994577436097,0.0629943562829931,0.07673342614816825,-0.09863454595100896,-0.10582651962619272,-0.16162890223400206
floarea_soarelui,2025,0.0,0.18870956507964953,0.2799991326210689,0.5477592993820237,0.17417261299487619,0.38613039714802166,-0.10582651962619272,-0.16162890223400206
floarea_soarelui,2025,0.0,0.55814938667654,0.27908634256477294,0.2222623589687842,0.17325982293858022,0.060633456734782154,-0.10582651962619272,-0.16162890223400206
floarea_soarelui,2025,0.0,0.23690401126090643,0.05363911966572221,0.3218208109373437,-0.15946563929191493,0.16019190870334166,-0.10582651962619272,-0.16162890223400206
floarea_soarelui,2025,0.0,0.6314077238226476,0.19981587407170798,0.2509682384363985,0.09398935444551526,0.08933933620239642,-0.10582651962619272,-0.16162890223400206
floarea_soarelui,2025,0.0,0.45013323499917013,0.32360457850067004,0.18367134951766761,-0.42943109812686275,-0.3453002517516697,-0.10582651962619272,-0.16162890223400206
floarea_soarelui,2025,0.0,0.2882014428037536,0.11452024510937653,0.04889154632131776,0.008693725483183812,-0.1127373559126843,-0.10582651962619272,-0.16162890223400206
floarea_soarelui,2025,0.0,0.5027996747965068,0.3072339508654611,0.3512350239987816,0.2014074312392684,0.18960612176477953,-0.10582651962619272,-0.16162890223400206
floarea_soarelui,2025,0.0,0.2550091146110982,0.8275609642124975,0.5830866206993348,-0.9333874838386902,-0.7447155229333369,-0.10582651962619272,-0.16162890223400206
floarea_soarelui,2025,0.0,0.24065403548262587,0.023936865229491122,0.1284631324231098,-0.12976338485568384,-0.033165769810892254,-0.10582651962619272,-0.16162890223400206
floarea_soarelui,2025,0.0,0.5623049268957964,0.027444139043865334,0.19240610626622656,-0.13327065867005805,-0.3540350085002286,-0.10582651962619272,-0.16162890223400206
griu,2007,0.0,0.27257719594936347,0.08786116983145886,0.33799545421315047,0.10216330958830167,0.09259533228107575,0.19002447941976053,0.4305907864942262
griu,2007,0.0,0.3350811716495891,0.33835224449451795,0.7589446873435599,-0.14832776507475742,-0.3283539008493337,0.19002447941976053,0.4305907864942262
griu,2007,0.0,0.2181082993370788,0.1786244475867207,0.09516032837182564,0.3686489270064812,0.5257511148660519,0.19002447941976053,0.4305907864942262
griu,2007,0.0,0.246987872155858,0.5749878568143574,0.6156208784032433,-0.38496337739459685,-0.1850300919090171,0.19002447941976053,0.4305907864942262
griu,2007,0.0,0.3353939062177106,0.6846382537620914,0.844916667242761,-0.4946137743423309,-0.4143258807485348,0.19002447941976053,0.4305907864942262
griu,2007,0.0,0.27386453152084,0.6502677037649414,0.8030725804103129,-0.46024322434518083,-0.3724817939160867,0.19002447941976053,0.4305907864942262
griu,2007,0.0,0.3707633268233665,0.30253216208047684,0.5331198912455122,-0.11250768266071631,-0.10252910475128596,0.19002447941976053,0.4305907864942262
griu,2007,0.0,0.3211522124432274,0.5446087671353559,0.7766354070081172,-0.35458428771559536,-0.34604462051389095,0.19002447941976053,0.4305907864942262
griu,2007,0.0,0.30896104255441403,0.06500192001669758,0.18033677316946317,0.2550263994364581,0.25025401332476305,0.19002447941976053,0.4305907864942262
griu,2007,0.0,0.2963329328558357,0.016145337287286843,0.0011118076097820229,0.17387914213247369,0.4294789788844442,0.19002447941976053,0.4305907864942262
griu,2007,0.0,0.31460790791496407,0.3478546503983475,0.5652229012895971,-0.15783017097858698,-0.13463211479537085,0.19002447941976053,0.4305907864942262
griu,2007,0.0,0.2686105338912832,0.24002031678368851,0.6107136188508062,-0.049995837363927986,-0.18012283235658,0.19002447941976053,0.4305907864942262
griu,2007,0.0,0.2760815403199552,0.5873098665432837,0.8173279796710884,-0.3972853871235231,-0.38673719317686217,0.19002447941976053,0.4305907864942262
griu,2007,0.0,0.5925981299389761,0.04233695090462719,0.08766955277012567,0.14768752851513334,0.34292123372410055,0.19002447941976053,0.4305907864942262
griu,2007,0.0,0.3671716469346057,0.009718264239773955,0.4716397718447416,0.18030621517998657,-0.04104898535051538,0.19002447941976053,0.4305907864942262
griu,2007,0.0,0.6562986280267447,0.2045385060197069,0.4291191679505686,-0.014514026599946384,0.0014716185436576268,0.19002447941976053,0.4305907864942262
griu,2007,0.0,0.6781914217409847,0.2992663665215707,0.5827579952341275,-0.10924188710181015,-0.1521672087399013,0.19002447941976053,0.4305907864942262
griu,2007,0.0,0.36943795913471195,0.23002947792789774,0.6192580400823378,-0.04000499850813721,-0.18866725358811154,0.19002447941976053,0.4305907864942262
griu,2007,0.0,0.3489631869447573,0.12363202359746506,0.44938032006018735,0.06639245582229547,-0.018789533565961136,0.19002447941976053,0.4305907864942262
griu,2007,0.0,0.35387877052777206,0.13756131757894519,0.34453608797105506,0.3275857969987057,0.08605469852317116,0.19002447941976053,0.4305907864942262
griu,2007,0.0,0.3704456778497637,0.3481358653842004,0.5991784377222191,-0.15811138596443985,-0.1685876512279929,0.19002447941976053,0.4305907864942262
griu,2007,0.0,0.3757161947620574,0.11857028941782843,0.5723668558416883,0.0714541900019321,-0.14177606934746212,0.19002447941976053,0.4305907864942262
griu,2007,0.0,0.33747285751988676,0.20980064418269828,0.6479862293564191,-0.019776164762937753,-0.21739544286219292,0.19002447941976053,0.4305907864942262
griu,2007,0.0,0.3283296870348759,0.3452534836272809,0.634763312884191,-0.1552290042075204,-0.20417252638996475,0.19002447941976053,0.4305907864942262
griu,2007,0.0,0.32435450247295955,0.6616471254724068,1.1602192084944762,-0.47162264605264625,-0.72962842200025,0.19002447941976053,0.4305907864942262
griu,2007,0.0,0.23481368643858963,0.12268448631585782,0.38930815268046004,0.0673399931039027,0.04128263381376618,0.19002447941976053,0.4305907864942262
griu,2007,0.0,0.8680613665408293,0.059699471750430444,0.116566868453436,0.24972395117019097,0.3140239180407902,0.19002447941976053,0.4305907864942262
griu,2007,0.0,0.6571186178900377,0.017490164721587043,0.0002492753655594093,0.17253431469817349,0.43084006185978563,0.19002447941976053,0.4305907864942262
griu,2007,0.0,0.8994604234988668,0.10974146287670328,0.08860861607159842,0.08028301654305725,0.3419821704226278,0.19002447941976053,0.4305907864942262
griu,2007,0.0,0.7039759387820305,0.0713898104443591,0.046974821065204786,0.26141428986411963,0.38361596542902143,0.19002447941976053,0.4305907864942262
griu,2007,0.0,0.4321753903480484,0.12062379578902993,0.46782672690408944,0.0694006836307306,-0.03723594040986322,0.19002447941976053,0.4305907864942262
griu,2007,0.0,0.7206569956389476,0.004549959567878403,0.1410163089130938,0.19457443898763893,0.2895744775811324,0.19002447941976053,0.4305907864942262
griu,2007,0.0,0.22729224780922772,0.03256116632979378,0.3605551723066802,0.2225856457495543,0.070035614187546,0.19002447941976053,0.4305907864942262
griu,2007,0.0,0.7585341885680081,0.05739538245950415,0.023633373617947928,0.24741986187926468,0.45422416011217415,0.19002447941976053,0.4305907864942262
griu,2007,0.0,0.928601009580292,0.08040698046851258,0.1349702115891449,0.2704314598882731,0.2956205749050813,0.19002447941976053,0.4305907864942262
griu,2008,0.0,0.2661134356217678,0.34244861947691163,0.29524422145834617,0.052994243712704225,0.013212814503793524,-0.2894543757642074,-0.28203140695455264
griu,2008,0.0,0.18779486421099573,0.41493576464513593,0.5087814891382321,0.12548138888092852,0.22675008218367942,-0.2894543757642074,-0.28203140695455264
griu,2008,0.02186881121668094,0.48711711306394256,0.03505024116362421,0.3429049085179563,-0.2544041346005832,0.060873501563403654,-0.2894543757642074,-0.28203140695455264
griu,2008,0.0,0.4678223944325306,0.11036372850143517,0.22725258833479778,-0.39981810426564257,-0.054778818619754865,-0.2894543757642074,-0.28203140695455264
griu,2008,0.0,0.35964769085590287,0.05586814497398107,0.19913784728673445,-0.3453225207381885,-0.0828935596678182,-0.2894543757642074,-0.28203140695455264
griu,2008,0.0,0.30955529781348623,0.06256168479627933,0.22389793838426586,-0.22689269096792808,-0.058133468570286784,-0.2894543757642074,-0.28203140695455264
griu,2008,0.0,0.1785386870919881,0.1807478947625425,0.25893008662285233,-0.10870648100166491,-0.023101320331700315,-0.2894543757642074,-0.28203140695455264
griu,2008,0.0,0.28141665812481487,0.2511122432045645,0.33387621359689934,-0.038342132559642916,0.0518448066423467,-0.2894543757642074,-0.28203140695455264
griu,2008,0.0,0.18911681095108962,0.10797033681249557,0.28400839815830903,-0.18148403895171183,0.001976991203756384,-0.2894543757642074,-0.28203140695455264
griu,2008,0.0,0.3489881050876453,0.14431645203101517,0.43425695656416163,-0.14513792373319223,0.152225549609609,-0.2894543757642074,-0.28203140695455264
griu,2008,0.0,0.4572746378340404,0.04616310735120743,0.2593731137549229,-0.24329126841299997,-0.022658293199629753,-0.2894543757642074,-0.28203140695455264
griu,2008,0.0,0.20976562631189805,0.32784524562957573,0.3862741481378751,0.03839086986536833,0.10424274118332244,-0.2894543757642074,-0.28203140695455264
griu,2008,0.0,0.30364796670834915,0.21090724805895622,0.2600730954361308,-0.07854712770525119,-0.02195831151842187,-0.2894543757642074,-0.28203140695455264
griu,2008,0.0,0.20524680315443602,0.2968556453026192,0.28632302285101474,0.007401269538411803,0.004291615896462098,-0.2894543757642074,-0.28203140695455264
griu,2008,0.0,0.2408187122849858,0.453105381823673,0.2241300675301079,0.1636510060594656,-0.05790133942444475,-0.2894543757642074,-0.28203140695455264
griu,2008,0.0,0.2527649963178114,0.19175732478940022,0.15669970622638996,-0.09769705097480719,-0.1253317007281627,-0.2894543757642074,-0.28203140695455264
griu,2008,0.0,0.24970136348331567,0.3125180837831665,0.2222280020058025,0.023063708018959073,-0.05980340494875014,-0.2894543757642074,-0.28203140695455264
griu,2008,0.0,0.13672073839073423,0.44564613218941185,0.21427248487178607,0.15619175642520444,-0.06775892208276657,-0.2894543757642074,-0.28203140695455264
griu,2008,0.0,0.2611949897312646,0.444020079916315,0.18567633030490738,0.15456570415210757,-0.09635507664964527,-0.2894543757642074,-0.28203140695455264
griu,2008,0.0,0.31583856958731654,0.7503018964519983,0.4803476958257744,0.4608475206877909,0.19831628887122177,-0.2894543757642074,-0.28203140695455264
griu,2008,0.0,0.26677322010808613,0.23558473994147366,0.15897936281440916,-0.05386963582273374,-0.12305204414014348,-0.2894543757642074,-0.28203140695455264
griu,2008,0.0,0.2370561341242139,0.22277866799760293,0.19351496401656965,-0.06667570776660448,-0.088516442937983,-0.2894543757642074,-0.28203140695455264
griu,2008,0.0,0.2740931135368318,0.3830112159478052,0.2320567598806731,0.09355684018359778,-0.04997464707387955,-0.2894543757642074,-0.28203140695455264
griu,2008,0.0,0.1970891291932116,0.18189831735443152,0.25853352788358785,-0.10755605840977589,-0.02349787907096479,-0.2894543757642074,-0.28203140695455264
griu,2008,0.0,0.3674082317785149,0.3135195900152574,0.08124581664365982,0.024065214251050016,-0.20078559031089283,-0.2894543757642074,-0.28203140695455264
griu,2008,0.0,0.3382402439786999,0.21347446652187996,0.10490903834219756,-0.07597990924232745,-0.17712236861235509,-0.2894543757642074,-0.28203140695455264
griu,2008,0.0,0.2509757792637521,0.5090474358356518,0.23106662934135658,0.2195930600714444,-0.050964777613196066,-0.2894543757642074,-0.28203140695455264
griu,2008,0.0,0.24247586288444642,0.5212851165405561,0.5757965276451062,0.2318307407763487,0.2937651206905536,-0.2894543757642074,-0.28203140695455264
griu,2008,0.0,0.2394291169665061,0.37230767984617197,0.45049495025124076,0.08285330408196456,0.1684635432966881,-0.2894543757642074,-0.28203140695455264
griu,2008,0.0,0.17377638638986426,0.3372619449009009,0.27413711926418705,0.047807569136693484,-0.007894287690365598,-0.2894543757642074,-0.28203140695455264
griu,2008,0.0,0.30353653291036975,0.4232262968768268,0.24583439336248292,0.13377192111261937,-0.03619701359206973,-0.2894543757642074,-0.28203140695455264
griu,2008,0.0,0.1867350420144189,0.41509133558073996,0.44107446078825197,0.12563695981653256,0.15904305383369932,-0.2894543757642074,-0.28203140695455264
griu,2008,0.0,0.24272644824449632,0.24729082029454164,0.14275131901735705,-0.04216355546966577,-0.1392800879371956,-0.2894543757642074,-0.28203140695455264
griu,2008,0.0,0.22651683246035903,0.3689887253564157,0.37408916426187755,0.07953434959220829,0.0920577573073249,-0.2894543757642074,-0.28203140695455264
griu,2008,0.0,0.29111652888730094,0.5341052900235264,0.3229268948891346,0.24465091425931895,0.040895487934581976,-0.2894543757642074,-0.28203140695455264
griu,2009,0.0,0.415421876482075,0.1366275292723631,0.27330068667970453,0.14500708749351876,0.024080402801168965,0.008379558221155659,0.2973810894808735
griu,2009,0.0,0.35744448139886387,0.11875612874634056,0.241056970720269,0.12713568696749622,0.0563241187606045,0.008379558221155659,0.2973810894808735
griu,2009,0.0,0.3032429365908988,0.07493132682839843,0.15855306366533428,0.08331088504955408,0.1388280258155392,0.008379558221155659,0.2973810894808735
griu,2009,0.0,0.2905613716842638,0.044636177512716646,0.13625179218288075,0.053015735733872305,0.16112929729799275,0.008379558221155659,0.2973810894808735
griu,2009,0.0,0.5141030539645085,0.16014614418047346,0.13257670929883147,0.16852570240162912,0.16480438018204202,0.008379558221155659,0.2973810894808735
griu,2009,0.0,0.22622680159408132,0.13859972273497112,0.19313833137605574,0.14697928095612678,0.10424275810481776,0.008379558221155659,0.2973810894808735
griu,2009,0.0,0.3286385102091419,0.17283174190560757,0.07393059401128621,0.18121130012676323,0.22345049546958728,0.008379558221155659,0.2973810894808735
griu,2009,0.0,0.45793255497934415,0.06932475429214113,0.34193902407648613,-0.060945196070985475,-0.044557934595612636,0.008379558221155659,0.2973810894808735
griu,2009,0.0,0.39825672900918446,0.12869526594734193,0.05725383130141326,0.1370748241684976,0.24012725817946023,0.008379558221155659,0.2973810894808735
griu,2009,0.0,0.4136135457809413,0.06555489379311563,0.09066017510289948,0.07393445201427129,0.20672091437797402,0.008379558221155659,0.2973810894808735
griu,2009,0.0,0.2713017840817211,0.17534485452530157,0.024628160084971817,0.18372441274645723,0.3220092495658453,0.008379558221155659,0.2973810894808735
griu,2009,0.0,0.46644919611673386,0.06064401835794753,0.47252030772865217,-0.05226446013679187,-0.17513921824777867,0.008379558221155659,0.2973810894808735
griu,2009,0.0,0.7809301086155288,0.04631609672640069,0.29942378262380354,0.05469565494755635,-0.002042693142930041,0.008379558221155659,0.2973810894808735
griu,2009,0.0,0.4876358337320824,0.06227339209353566,0.43761404199844156,-0.053893833872380004,-0.14023295251756807,0.008379558221155659,0.2973810894808735
griu,2009,0.0,0.27674794194523694,0.2592116307458796,0.2930599464218977,0.26759118896703527,0.004321143058975796,0.008379558221155659,0.2973810894808735
griu,2009,0.0,0.532255228921314,0.05521882387022092,0.2979836879504072,-0.046839265649065265,-0.0006025984695336994,0.008379558221155659,0.2973810894808735
griu,2009,0.0,0.5223930994832752,0.27459716404739654,0.569832136204846,-0.2662176058262409,-0.27245104672397247,0.008379558221155659,0.2973810894808735
griu,2009,0.0,0.27751950278677334,0.09243374787031078,0.3444725768090837,0.10081330609146644,-0.047091487328210224,0.008379558221155659,0.2973810894808735
griu,2009,0.0,0.4355486499472258,0.0006274889521944438,0.49625723403673794,0.007752069268961215,-0.19887614455586444,0.008379558221155659,0.2973810894808735
griu,2009,0.0,0.18353696488303126,0.11198297235058119,0.4530960226306333,0.12036253057173685,-0.15571493314975982,0.008379558221155659,0.2973810894808735
griu,2009,0.0,0.4073556882909144,0.17476795067833173,0.5699250464488448,-0.16638839245717607,-0.2725439569679713,0.008379558221155659,0.2973810894808735
griu,2009,0.0,0.6323849472827534,0.34017119075343727,0.6817045808997282,-0.3317916325322816,-0.3843234914188547,0.008379558221155659,0.2973810894808735
griu,2009,0.0,0.294318607292961,0.03947806917301744,0.4296393155057747,0.0478576273941731,-0.13225822602490123,0.008379558221155659,0.2973810894808735
griu,2009,0.0,0.5530592176434674,0.20133099323826054,0.46830363599560876,-0.19295143501710488,-0.17092254651473526,0.008379558221155659,0.2973810894808735
griu,2009,0.0,0.3762754279507857,0.036264525495195876,0.401806373906457,0.044644083716351535,-0.10442528442558352,0.008379558221155659,0.2973810894808735
griu,2009,0.0,0.22766674140175008,0.1040823944580147,0.18017708319795567,0.11246195267917036,0.11720400628291783,0.008379558221155659,0.2973810894808735
griu,2009,0.0,0.4716454471618465,0.20906721354404922,0.2252568222541309,-0.20068765532289357,0.07212426722674259,0.008379558221155659,0.2973810894808735
griu,2009,0.0,0.675225235363526,0.13724310751953528,0.5390053691769592,-0.12886354929837962,-0.2416242796960857,0.008379558221155659,0.2973810894808735
griu,2009,0.0,0.659089107044756,0.018584928639827414,0.2645958268669033,-0.010205370418671755,0.03278526261397019,0.008379558221155659,0.2973810894808735
griu,2009,0.0,0.4662773212228588,0.012573479628191997,0.1452095012974981,0.020953037849347655,0.4425905907783716,0.008379558221155659,0.2973810894808735
griu,2009,0.0,0.4239213471086245,0.13655278017591765,0.5205067672458994,-0.128173221954762,-0.2231256777650259,0.008379558221155659,0.2973810894808735
griu,2009,0.0,0.37452556993554614,0.12948315658359144,0.03006008819935113,0.1378627148047471,0.3274411776802246,0.008379558221155659,0.2973810894808735
griu,2009,0.0,0.7097914961679057,0.021487892650848828,0.08587801397107642,-0.01310833442969317,0.21150307550979708,0.008379558221155659,0.2973810894808735
griu,2009,0.0,0.38744861310476786,0.32294594353456807,0.5010176077535746,-0.3145663853134124,-0.20363651827270113,0.008379558221155659,0.2973810894808735
griu,2009,0.0,0.43061064300092033,0.2563967538700531,0.3774985233698156,-0.24801719564889746,-0.0801174338889421,0.008379558221155659,0.2973810894808735
griu,2010,0.0,0.8713661038904746,0.2943410269034832,0.5259822329887687,-0.1372499908865481,-0.2031497010470753,0.15709103601693508,0.32283253194169337
griu,2010,0.0,0.7832075639009873,0.15586099433541056,0.2922342931652002,0.0012300416815245185,0.030598238776493147,0.15709103601693508,0.32283253194169337
griu,2010,0.0,0.16356449014259394,0.29229547233248043,0.13440036759412521,-0.13520443631554535,0.18843216434756815,0.15709103601693508,0.32283253194169337
griu,2010,0.0,0.2587211407362629,0.3495896229972635,0.16597840546860398,-0.1924985869803284,0.15685412647308938,0.15709103601693508,0.32283253194169337
griu,2010,0.0,0.38307796173929687,0.1967775250141619,0.15961456804865692,-0.03968648899722682,0.16321796389303644,0.15709103601693508,0.32283253194169337
griu,2010,0.0,0.2732534511680014,0.2132692306612034,0.16902945964827687,-0.05617819464426832,0.1538030722934165,0.15709103601693508,0.32283253194169337
griu,2010,0.0,0.6900274824854646,0.08310252005033947,0.11549534936191197,0.07398851596659561,0.2073371825797814,0.15709103601693508,0.32283253194169337
griu,2010,0.0,0.7053647311816118,0.248328772251734,0.19417132188255648,-0.09123773623479892,0.1286612100591369,0.15709103601693508,0.32283253194169337
griu,2010,0.0,0.6487240997830521,0.13463101794933818,0.15979691349681158,0.0224600180675969,0.1630356184448818,0.15709103601693508,0.32283253194169337
griu,2010,0.0,0.16946889024798034,0.3371896386360902,0.09488459714599573,-0.1800986026191551,0.22794793479569764,0.15709103601693508,0.32283253194169337
griu,2010,0.0,0.7580339131461965,0.2237066606031104,0.21180389061393212,-0.06661562458617531,0.11102864132776125,0.15709103601693508,0.32283253194169337
griu,2010,0.0,0.8034968031067731,0.17553958700318884,0.33551208496928275,-0.018448550986253753,-0.012679553027589385,0.15709103601693508,0.32283253194169337
griu,2010,0.0,0.3616726086472998,0.2680337146974816,0.3539720855021815,-0.11094267868054652,-0.031139553560488142,0.15709103601693508,0.32283253194169337
griu,2010,0.0,0.4523742163243856,0.36656849763753163,0.49515262276713967,-0.20947746162059655,-0.1723200908254463,0.15709103601693508,0.32283253194169337
griu,2010,0.0,0.7943506077991322,0.12049144773606546,0.3827356728222133,0.03659958828086962,-0.059903140880519956,0.15709103601693508,0.32283253194169337
griu,2010,0.0,0.48487849715609566,0.16682454567621807,0.32820967496440456,-0.00973350965928299,-0.005377143022711195,0.15709103601693508,0.32283253194169337
griu,2010,0.0,0.48467417655531514,0.11672403209955773,0.3485615572320211,0.04036700391737735,-0.025729025290327723,0.15709103601693508,0.32283253194169337
griu,2010,0.0,0.5986741273396128,0.23978065275216487,0.5771280880995477,-0.08268961673522979,-0.2542955561578544,0.15709103601693508,0.32283253194169337
griu,2010,0.0,0.7288721225756428,0.056595072377832345,0.3904469212868351,0.10049596363910274,-0.06761438934514175,0.15709103601693508,0.32283253194169337
griu,2010,0.0,0.8406421775787827,0.12154770163388706,0.4238842615589786,0.03554333438304802,-0.10105172961728526,0.15709103601693508,0.32283253194169337
griu,2010,0.0,0.8291702185734179,0.027540974724031386,0.2979216679699914,0.1295500612929037,0.024910863971701946,0.15709103601693508,0.32283253194169337
griu,2010,0.0,0.5463015121858387,0.21407630354966933,0.43851986742035676,-0.05698526753273425,-0.11568733547866339,0.15709103601693508,0.32283253194169337
griu,2010,0.0,0.8887837579264846,0.1536871285978596,0.4224925011016527,0.0034039074190754803,-0.09965996915995934,0.15709103601693508,0.32283253194169337
griu,2010,0.0,0.7450726512224725,0.205557258698855,0.26727919205813366,-0.04846622268191991,0.055553339883559705,0.15709103601693508,0.32283253194169337
griu,2010,0.0,0.8322745262213107,0.08692407829896043,0.34116913298856133,0.2440151143158955,-0.018336601046867962,0.15709103601693508,0.32283253194169337
griu,2010,0.0,0.7096736678085291,0.04702542015219846,0.1553204662493166,0.11006561586473662,0.16751206569237675,0.15709103601693508,0.32283253194169337
griu,2010,0.0,0.5298356211655925,0.04270165936229553,0.616920273802096,0.11438937665463955,-0.29408774186040265,0.15709103601693508,0.32283253194169337
griu,2010,0.0,0.40178071929417697,0.22551757445028908,0.45432999080418845,-0.068426538433354,-0.1314974588624951,0.15709103601693508,0.32283253194169337
griu,2010,0.0,0.40481881676017667,0.12698662036018193,0.28802512517085255,0.030104415656753147,0.03480740677084082,0.15709103601693508,0.32283253194169337
griu,2010,0.0,0.6038462695482563,0.08838316474460717,0.2688489645306533,0.24547420076154225,0.053983567411040045,0.15709103601693508,0.32283253194169337
griu,2010,0.0,0.39090728555179566,0.22951501233804406,0.5256640716163172,-0.07242397632110897,-0.20283153967462386,0.15709103601693508,0.32283253194169337
griu,2010,0.0,0.6223223574193082,0.17726401259446156,0.3501993296811463,-0.02017297657752648,-0.02736679773945294,0.15709103601693508,0.32283253194169337
griu,2010,0.0,0.4140927498873304,0.17018488772946982,0.19447941169420568,0.3272759237464049,0.12835312024748768,0.15709103601693508,0.32283253194169337
griu,2010,0.0,0.44376937780426984,0.1762987646830907,0.3602791968735337,-0.01920772866615561,-0.037446664931840346,0.15709103601693508,0.32283253194169337
griu,2010,0.0,0.46922753128109074,0.05630992850621519,0.4586950573808197,0.10078110751071989,-0.13586252543912636,0.15709103601693508,0.32283253194169337
griu,2011,0.0,0.21729877802564235,0.043845308096500446,0.2257657318758941,0.07215782876731769,0.212345906632871,0.028312520670817243,-0.013419825243023098
griu,2011,0.0,0.13447902667228123,0.1738216539137527,0.18240366567300415,-0.14550913324293546,-0.19582349091602724,0.028312520670817243,-0.013419825243023098
griu,2011,0.0,0.2589012668260683,0.036991913284952105,0.09628443531090225,0.06530443395576935,0.08286461006787915,0.028312520670817243,-0.013419825243023098
griu,2011,0.0,0.2524459542422435,0.007006801663274054,0.034732365653571406,0.02130571900754319,0.02131254041054831,0.028312520670817243,-0.013419825243023098
griu,2011,0.0,0.20037216861605658,0.08124010072741994,0.05022265917307811,0.10955262139823718,0.03680283393005501,0.028312520670817243,-0.013419825243023098
griu,2011,0.0,0.20032195757348975,0.13872603860106025,0.08297057091019733,0.1670385592718775,0.06955074566717423,0.028312520670817243,-0.013419825243023098
griu,2011,0.0,0.1561841703827145,0.0007762632834444894,0.07205419765229282,0.027536257387372753,0.05863437240926972,0.028312520670817243,-0.013419825243023098
griu,2011,0.0,0.2383011662746986,0.08149434688966961,0.043003364069361893,-0.05318182621885237,-0.05642318931238499,0.028312520670817243,-0.013419825243023098
griu,2011,0.0,0.2745273163083085,0.01683894429590982,0.07158576363966196,0.04515146496672706,0.05816593839663886,0.028312520670817243,-0.013419825243023098
griu,2011,0.0,0.2311688508739898,0.02092365781025851,0.03778077560813342,0.049236178481075754,0.024360950365110323,0.028312520670817243,-0.013419825243023098
griu,2011,0.0,0.17939269386217066,0.156534316306415,0.17212083472057804,0.18484683697723225,0.15870100947755494,0.028312520670817243,-0.013419825243023098
griu,2011,0.0,0.18847634369046984,0.1033731298644609,0.12392141141918733,-0.07506060919364366,-0.13734123666221043,0.028312520670817243,-0.013419825243023098
griu,2011,0.0,0.2518986275069447,0.00901163267361893,0.1221079695286269,0.03732415334443617,-0.13552779477165,0.028312520670817243,-0.013419825243023098
griu,2011,0.0,0.1275184693567896,0.2817965209986575,0.0062477845420301215,-0.25348400032784024,-0.01966760978505322,0.028312520670817243,-0.013419825243023098
griu,2011,0.0,0.18180804209788834,0.18728851536595803,0.330375164508506,-0.1589759946951408,-0.3437949897515291,0.028312520670817243,-0.013419825243023098
griu,2011,0.0,0.10458860801614245,0.16683674787267577,0.03891370859274179,-0.13852422720185853,-0.05233353383576489,0.028312520670817243,-0.013419825243023098
griu,2011,0.0,0.10222842758173953,0.2677499617629371,0.18171395060463302,-0.23943744109211984,-0.19513377584765612,0.028312520670817243,-0.013419825243023098
griu,2011,0.0,0.11619378595065688,0.0032933575637654755,0.07715076457888959,0.025019163107051767,-0.09057058982191268,0.028312520670817243,-0.013419825243023098
griu,2011,0.0,0.1797245827356802,0.008134059097140156,0.03825023037810871,0.020178461573677087,-0.051670055621131805,0.028312520670817243,-0.013419825243023098
griu,2011,0.0,0.16717218760939612,0.22336886363101938,0.41172086019702236,-0.19505634296020213,-0.42514068544004546,0.028312520670817243,-0.013419825243023098
griu,2011,0.0,0.21136090459393583,0.12287594349762676,0.1125285070514721,-0.09456342282680952,-0.1259483322944952,0.028312520670817243,-0.013419825243023098
griu,2011,0.0,0.18446790193947513,0.33713733855898775,0.4602491390965686,-0.3088248178881705,-0.4736689643395917,0.028312520670817243,-0.013419825243023098
griu,2011,0.0,0.20085326597510633,0.2827856685513166,0.1686568089460403,0.31109818922213384,0.1552369837030172,0.028312520670817243,-0.013419825243023098
griu,2011,0.0,0.16852308625889234,0.2938894931164069,0.24531453897934696,-0.26557697244558964,-0.25873436422237006,0.028312520670817243,-0.013419825243023098
griu,2011,0.0,0.13222399594327047,0.0336392370255898,0.1035911912029217,-0.005326716354772554,-0.1170110164459448,0.028312520670817243,-0.013419825243023098
griu,2011,0.0,0.13408157239218094,0.03512353823511161,0.27442552952988253,0.06343605890592885,0.26100570428685943,0.028312520670817243,-0.013419825243023098
griu,2011,0.0,0.18112654030826061,0.1228767653567524,0.06417677123174315,0.15118928602756965,0.05075694598872005,0.028312520670817243,-0.013419825243023098
griu,2011,0.0,0.12347023965119557,0.04365486914852923,0.31502066443700194,0.07196738981934647,0.30160083919397884,0.028312520670817243,-0.013419825243023098
griu,2011,0.0,0.1526467562797392,0.024313321219379347,0.2878336868378901,0.003999199451437896,0.274413861594867,0.028312520670817243,-0.013419825243023098
griu,2011,0.0,0.12146049759259174,0.004504699616095564,0.057881870187352025,0.03281722028691281,0.04446204494432893,0.028312520670817243,-0.013419825243023098
griu,2011,0.0,0.11622479889603603,0.012029039022546595,0.053697871251383145,0.016283481648270648,0.04027804600836005,0.028312520670817243,-0.013419825243023098
griu,2011,0.0,0.15988585895474283,0.06928150492671437,0.30350228246148525,0.09759402559753161,0.29008245721846215,0.028312520670817243,-0.013419825243023098
griu,2011,0.0,0.12093703572285723,0.11110936928629567,0.0792025863049215,0.1394218899571129,0.0657827610618984,0.028312520670817243,-0.013419825243023098
griu,2011,0.0,0.18010696566501688,0.11437868975234844,0.4289928258479465,0.14269121042316568,0.4155730006049234,0.028312520670817243,-0.013419825243023098
griu,2011,0.0,0.14799451115421125,0.05005935419937613,0.0702779023482778,0.07837187487019337,0.0568580771052547,0.028312520670817243,-0.013419825243023098
griu,2012,0.08267988469953691,0.6392663983535521,0.5378347956570337,0.7021063842812931,-0.26180540513005557,-0.21270209552015995,0.27602939052697817,0.4894042887611332
griu,2012,0.0,0.4237638061331864,0.17789444806193666,0.3059772820652955,0.45392383858891483,0.18342700669583767,0.27602939052697817,0.4894042887611332
griu,2012,0.0,0.3714175187189192,0.19877634960314117,0.24204244194497004,0.47480574013011934,0.7314467307061032,0.27602939052697817,0.4894042887611332
griu,2012,0.0,0.3643011624335351,0.1697669576453289,0.22399129650756544,0.44579634817230707,0.7133955852686986,0.27602939052697817,0.4894042887611332
griu,2012,0.0,0.28346908778451,0.1918299029885122,0.04388942311870592,0.4678592935154904,0.5332937118798391,0.27602939052697817,0.4894042887611332
griu,2012,0.0,0.3971665342420934,0.06228562215941258,0.18513967283207977,0.33831501268639075,0.3042646159290534,0.27602939052697817,0.4894042887611332
griu,2012,0.0,0.40364978016107916,0.011449445093659527,0.36459271454364783,0.26457994543331864,0.12481157421748534,0.27602939052697817,0.4894042887611332
griu,2012,0.0,0.3421064529130679,0.024797214279313806,0.07460308767576729,0.300826604806292,0.4148012010853659,0.27602939052697817,0.4894042887611332
griu,2012,0.0,0.40487376800395314,0.03122114502445683,0.21778458452547644,0.307250535551435,0.27161970423565673,0.27602939052697817,0.4894042887611332
griu,2012,0.0,0.3812167777641758,0.013485286983025535,0.2745611987107828,0.2895146775100037,0.763965487471916,0.27602939052697817,0.4894042887611332
griu,2012,0.0,0.2266365961206464,0.12274331181184062,0.0563557325232904,0.3987727023388188,0.5457600212844236,0.27602939052697817,0.4894042887611332
griu,2012,0.0,0.4072554536254721,0.026615922044396,0.3602559432035908,0.24941346848258217,0.1291483455575424,0.27602939052697817,0.4894042887611332
griu,2012,0.0,0.3844553437613163,0.0504812346778043,0.2390648380929714,0.22554815584917387,0.25033945066816177,0.27602939052697817,0.4894042887611332
griu,2012,0.3191354558583974,0.7033193207614143,0.5168418697270751,0.5553060346372276,-0.24081247920009696,-0.06590174587609443,0.27602939052697817,0.4894042887611332
griu,2012,0.0,0.4049191817830917,0.5232602339056132,1.1479064695898313,-0.247230843378635,-0.6585021808286982,0.27602939052697817,0.4894042887611332
griu,2012,0.0,0.4386147965142534,0.5024385531596471,0.49605072375337667,-0.22640916263266897,-0.0066464349922434884,0.27602939052697817,0.4894042887611332
griu,2012,0.0,0.43102985091544915,0.800634614594812,0.8347698156911161,-0.5246052240678338,-0.3453655269299829,0.27602939052697817,0.4894042887611332
griu,2012,0.0,0.4800036581580985,0.29419026565102424,0.6857326590301946,-0.018160875124046072,-0.19632837026906147,0.27602939052697817,0.4894042887611332
griu,2012,0.0,0.46652986415358566,0.3378753607256022,0.624758488587617,-0.061845970198624034,-0.13535419982648378,0.27602939052697817,0.4894042887611332
griu,2012,0.0,0.423851290220295,0.6917289753437965,1.2630364696213674,-0.41569958481681835,-0.7736321808602342,0.27602939052697817,0.4894042887611332
griu,2012,0.0,0.42928747776020587,0.39316701792030884,0.6259506534052051,-0.11713762739333067,-0.13654636464407188,0.27602939052697817,0.4894042887611332
griu,2012,0.0,0.2052569487332158,0.5860331201684486,0.7806426644788065,-0.3100037296414704,-0.2912383757176733,0.27602939052697817,0.4894042887611332
griu,2012,0.0,0.4426483141750962,0.3711919970997424,0.6799762711955131,-0.09516260657276421,-0.1905719824343799,0.27602939052697817,0.4894042887611332
griu,2012,0.0,0.21560079580574348,0.0490752654980926,0.17373725838638743,0.22695412502888557,0.31566703037474575,0.27602939052697817,0.4894042887611332
griu,2012,0.0,0.43907072756865945,0.45729852009194794,0.865615773618186,-0.18126912956496977,-0.3762114848570528,0.27602939052697817,0.4894042887611332
griu,2012,0.0,0.46096867062786034,0.29983117595395825,0.4928188061659262,-0.023801785426980082,-0.0034145174047930382,0.27602939052697817,0.4894042887611332
griu,2012,0.36076297010455205,0.9593470370018451,0.7322503649942791,1.0948150147142506,-0.4562209744673009,-0.6054107259531174,0.27602939052697817,0.4894042887611332
griu,2012,0.27406921115707705,1.141214892478839,0.6041909905353138,0.7143652945311247,-0.3281616000083356,-0.22496100576999156,0.27602939052697817,0.4894042887611332
griu,2012,0.1652590039585733,0.7847836698545604,0.2869476777733255,0.4186149454481529,-0.010918287246347358,0.07078934331298026,0.27602939052697817,0.4894042887611332
griu,2012,0.41495139557283034,0.7188647383528879,0.4499448648114468,0.7348955619653137,-0.17391547428446863,-0.24549127320418052,0.27602939052697817,0.4894042887611332
griu,2012,0.0168268432538059,0.6220709723852594,0.6917840709525791,1.0178765756493338,-0.41575468042560093,-0.5284722868882006,0.27602939052697817,0.4894042887611332
griu,2012,0.27315561688180345,0.9705596414826415,0.6512126806345941,0.8632241565181684,-0.375183290107616,-0.37381986775703524,0.27602939052697817,0.4894042887611332
griu,2012,0.0,0.3863099276415044,0.10541908696029001,0.4642256981190962,0.17061030356668816,0.02517859064203698,0.27602939052697817,0.4894042887611332
griu,2012,0.3751152985707322,1.0667859762982703,0.27307597364791647,0.36606307703335084,0.002953416879061699,0.12334121172778234,0.27602939052697817,0.4894042887611332
griu,2012,0.437239788012886,1.210237555286144,0.40905482937850746,0.6200832800853009,-0.1330254388515293,-0.13067899132416771,0.27602939052697817,0.4894042887611332
griu,2013,0.0,0.3394681254498633,0.3015122181737424,0.4219964567709438,0.26362245494174763,0.32093734551737985,-0.03788976323199478,-0.10105911125356393
griu,2013,0.0,0.32683561457598775,0.005594656015369903,0.008239161066143641,-0.04348441924736468,-0.10929827231970757,-0.03788976323199478,-0.10105911125356393
griu,2013,0.0,0.290562753456095,0.2598177431391595,0.067143786105198,-0.2977075063711543,-0.16820289735876193,-0.03788976323199478,-0.10105911125356393
griu,2013,0.0,0.28041016660864626,0.12312006226724348,0.09907773742898396,-0.16100982549923826,-0.0019813738245799684,-0.03788976323199478,-0.10105911125356393
griu,2013,0.0,0.20432040942806862,0.19964989574221148,0.07058854471852838,-0.23753965897420626,-0.1716476559720923,-0.03788976323199478,-0.10105911125356393
griu,2013,0.0,0.26878964370434083,0.113038717682175,0.05945577786026046,-0.15092848091416977,-0.1605148891138244,-0.03788976323199478,-0.10105911125356393
griu,2013,0.0,0.33179729993225865,0.09939505895660306,0.2658895243775694,0.06150529572460828,0.16483041312400548,-0.03788976323199478,-0.10105911125356393
griu,2013,0.0,0.34579920369919487,0.108344788328822,0.18570837106939253,0.07045502509682722,0.0846492598158286,-0.03788976323199478,-0.10105911125356393
griu,2013,0.0,0.2567652924132504,0.27077855664676953,0.163822875934017,-0.3086683198787643,-0.26488198718758094,-0.03788976323199478,-0.10105911125356393
griu,2013,0.0,0.2550476064284274,0.3079891806280921,0.03101331432494625,-0.3458789438600869,-0.13207242557851018,-0.03788976323199478,-0.10105911125356393
griu,2013,0.0,0.23768975853871327,0.32500526289845677,0.24456830275910413,-0.36289502613045155,-0.34562741401266805,-0.03788976323199478,-0.10105911125356393
griu,2013,0.0,0.306402142190189,0.11810775104722282,0.04723131661048097,0.08021798781522804,-0.05382779464308296,-0.03788976323199478,-0.10105911125356393
griu,2013,0.0,0.23385723973253247,0.12860516731604177,0.04916309453184109,-0.16649493054803655,-0.15022220578540502,-0.03788976323199478,-0.10105911125356393
griu,2013,0.0,0.4406233585479266,0.05938723965297754,0.2503363471944784,0.021497476420982764,0.14927723594091447,-0.03788976323199478,-0.10105911125356393
griu,2013,0.0,0.4258587012407097,0.09710457474343714,0.04476653326950775,0.05921481151144237,-0.14582564452307167,-0.03788976323199478,-0.10105911125356393
griu,2013,0.0,0.25969021214161525,0.16987978441914464,0.39035141861679934,0.13199002118714986,0.2892923073632354,-0.03788976323199478,-0.10105911125356393
griu,2013,0.0,0.2705245513600584,0.14091911915366095,0.3026135471824003,0.10302935592166618,0.20155443592883637,-0.03788976323199478,-0.10105911125356393
griu,2013,0.0,0.5827534787615037,0.05534210315297505,0.06456205465506493,-0.09323186638496983,-0.16562116590862885,-0.03788976323199478,-0.10105911125356393
griu,2013,0.0,0.288304014078501,0.23968617290772576,0.17995321369868167,0.20179640967573098,0.07889410244511774,-0.03788976323199478,-0.10105911125356393
griu,2013,0.0,0.5296853750978816,0.14649568267251922,0.041199972950072716,0.10860591944052445,-0.14225908420363664,-0.03788976323199478,-0.10105911125356393
griu,2013,0.0,0.3237172320264524,0.1571743449678933,0.05988601147342987,0.11928458173589851,-0.04117309978013406,-0.03788976323199478,-0.10105911125356393
griu,2013,0.0,0.40131694522060257,0.12626021328656112,0.04581303963739902,0.08837045005456634,-0.14687215089096295,-0.03788976323199478,-0.10105911125356393
griu,2013,0.0,0.41930209130022134,0.12657065240822574,0.0787595902896907,0.08868088917623096,-0.02229952096387322,-0.03788976323199478,-0.10105911125356393
griu,2013,0.0,0.3659119868911295,0.23674655413813506,0.08108200262674048,0.19885679090614028,-0.019977108626823448,-0.03788976323199478,-0.10105911125356393
griu,2013,0.0,0.3460987595416288,0.24041306270899065,0.05277248853725869,0.20252329947699588,-0.04828662271630524,-0.03788976323199478,-0.10105911125356393
griu,2013,0.0,0.468662529953163,0.12530573240529286,0.18753797428628438,0.08741596917329808,0.08647886303272045,-0.03788976323199478,-0.10105911125356393
griu,2013,0.0,0.395835776503408,0.22335765818554387,0.13334052411649777,0.1854678949535491,0.032281412862933845,-0.03788976323199478,-0.10105911125356393
griu,2013,0.0,0.6563478895672047,0.11714937729393604,0.3772448562444981,0.07925961406194126,0.2761857449909342,-0.03788976323199478,-0.10105911125356393
griu,2013,0.0,0.3979365076861071,0.08194814619944202,0.3693422027416968,-0.1198379094314368,0.2682830914881329,-0.03788976323199478,-0.10105911125356393
griu,2013,0.0,0.5326631342635938,0.11281651869650844,0.1615186768350929,0.07492675546451366,0.060459565581528985,-0.03788976323199478,-0.10105911125356393
griu,2013,0.0,0.542843658353841,0.00452830734237164,0.054535737414117325,-0.04241807057436642,-0.0465233738394466,-0.03788976323199478,-0.10105911125356393
griu,2013,0.0,0.5812026446534727,0.05351812583004234,0.26170670891507175,-0.09140788906203712,0.16064759766150782,-0.03788976323199478,-0.10105911125356393
griu,2013,0.0,0.29143282069412646,0.16915633454667445,0.07711997323777142,0.13126657131467967,-0.023939138015792505,-0.03788976323199478,-0.10105911125356393
griu,2013,0.0,0.5506512325667926,0.055809945196174215,0.26339499949289946,0.017920181964179438,0.16233588823933554,-0.03788976323199478,-0.10105911125356393
griu,2013,0.0,0.5776056253128431,0.08348485409036766,0.1260056725260279,0.04559509085837288,0.024946561272463974,-0.03788976323199478,-0.10105911125356393
griu,2014,0.0,0.22904455941142018,0.037167812458350546,0.2806074521453392,-0.007283169921021848,-0.002436723395597973,-0.044450982379372395,-0.2830441755409372
griu,2014,0.0,0.24081577127802092,0.1610103726908223,0.10418151580810786,-0.2054613550701947,-0.17886265973282933,-0.044450982379372395,-0.2830441755409372
griu,2014,0.0,0.42166135098338076,0.09145018094708801,0.34976193130323496,-0.1359011633264604,0.06671775576229777,-0.044450982379372395,-0.2830441755409372
griu,2014,0.0,0.24748535812619146,0.13563716027571493,0.3685768453739251,-0.18008814265508732,0.0855326698329879,-0.044450982379372395,-0.2830441755409372
griu,2014,0.0,0.3326618580094912,0.11228094138151423,0.33654813358076474,-0.15673192376088663,0.05350395803982755,-0.044450982379372395,-0.2830441755409372
griu,2014,0.0,0.27467043261516577,0.0034361066912156346,0.3702345333019461,-0.04788708907058803,0.08719035776100892,-0.044450982379372395,-0.2830441755409372
griu,2014,0.0,0.25230462942778314,0.0012750970853190324,0.39382491919655616,-0.04317588529405336,0.11078074365561896,-0.044450982379372395,-0.2830441755409372
griu,2014,0.0,0.21821936116929147,0.0022299688799387596,0.37804094904380836,-0.042221013499433635,0.09499677350287117,-0.044450982379372395,-0.2830441755409372
griu,2014,0.0,0.3022741456616245,0.10425892441698448,0.35204139062165485,-0.14870990679635687,0.06899721508071766,-0.044450982379372395,-0.2830441755409372
griu,2014,0.0,0.30268624714947195,0.09096950553418592,0.3221457047940621,-0.13542048791355832,0.039101529253124934,-0.044450982379372395,-0.2830441755409372
griu,2014,0.0,0.2749748410401168,0.20872717181102063,0.2626825432698561,-0.253178154190393,-0.02036163227108112,-0.044450982379372395,-0.2830441755409372
griu,2014,0.0,0.269411627363145,0.006375303396421561,0.09291516666139676,-0.038075678982950834,-0.19012900887954043,-0.044450982379372395,-0.2830441755409372
griu,2014,0.0,0.15980192446486757,0.039315898094664625,0.3003560932220024,-0.08376688047403702,0.017311917681065214,-0.044450982379372395,-0.2830441755409372
griu,2014,0.0,0.30247379785309886,0.3246819680150299,0.49714411294668714,0.2802309856356575,0.21409993740574995,-0.044450982379372395,-0.2830441755409372
griu,2014,0.0,0.226568351560134,0.10974518244397125,0.1140960659896777,-0.15419616482334364,-0.3971402415306149,-0.044450982379372395,-0.2830441755409372
griu,2014,0.0,0.2529401686425841,0.11593347579472457,0.43600879228440936,0.07148249341535218,0.15296461674347217,-0.044450982379372395,-0.2830441755409372
griu,2014,0.0,0.276715416012892,0.13789984058429905,0.10910879556502318,-0.18235082296367144,-0.17393537997591402,-0.044450982379372395,-0.2830441755409372
griu,2014,0.0,0.13987935394766002,0.16799544001683842,0.3848224378967431,0.12354445763746602,0.10177826235580589,-0.044450982379372395,-0.2830441755409372
griu,2014,0.0,0.15035736505475134,0.22907770169398667,0.3320968818368426,0.18462671931461427,0.04905270629590541,-0.044450982379372395,-0.2830441755409372
griu,2014,0.0,0.20715125423837924,0.339126286643737,0.41944229358953455,-0.3835772690231094,-0.7024864691304717,-0.044450982379372395,-0.2830441755409372
griu,2014,0.0,0.14259851572022267,0.15486958191675715,0.3717580811234993,0.11041859953738475,0.08871390558256209,-0.044450982379372395,-0.2830441755409372
griu,2014,0.0,0.22849282751868166,0.03182342591388165,0.1411364845126526,-0.012627556465490741,-0.1419076910282846,-0.044450982379372395,-0.2830441755409372
griu,2014,0.0,0.1770503750388967,0.12473660481215187,0.02780243759084744,-0.16918758719152427,-0.25524173795008975,-0.044450982379372395,-0.2830441755409372
griu,2014,0.0,0.25755804676790994,0.16007598608731177,0.32783980708910265,0.11562500370793938,0.04479563154816546,-0.044450982379372395,-0.2830441755409372
griu,2014,0.0,0.1963325740103497,0.16551847123284746,0.007094176464821356,0.12106748885347507,-0.27594999907611584,-0.044450982379372395,-0.2830441755409372
griu,2014,0.0,0.32377679156908457,0.04367235274660608,0.26708091517824384,-0.0007786296327663145,-0.015963260362693354,-0.044450982379372395,-0.2830441755409372
griu,2014,0.0,0.2693841663478005,0.3652101978214315,0.4671475804047267,0.3207592154420591,0.1841034048637895,-0.044450982379372395,-0.2830441755409372
griu,2014,0.0,0.2703508723133508,0.10078978271717931,0.3007382822835143,0.056338800337806916,0.017694106742577098,-0.044450982379372395,-0.2830441755409372
griu,2014,0.0,0.14816569408837194,0.09562870541350765,0.49550787379360184,0.05117772303413526,0.21246369825266465,-0.044450982379372395,-0.2830441755409372
griu,2014,0.0,0.29816841923273046,0.21298315935173795,0.3251641798176954,0.16853217697236555,0.042120004276758216,-0.044450982379372395,-0.2830441755409372
griu,2014,0.0,0.26583858704400826,0.1964174183223566,0.3769910569030843,0.1519664359429842,0.09394688136214713,-0.044450982379372395,-0.2830441755409372
griu,2014,0.0,0.1438704243684958,0.13697462925555515,0.55337857062199,0.09252364687618275,0.27033439508105284,-0.044450982379372395,-0.2830441755409372
griu,2014,0.0,0.20372506802687007,0.2939381652046542,0.4922122135706619,0.24948718282528182,0.20916803802972472,-0.044450982379372395,-0.2830441755409372
griu,2014,0.0,0.30036986049619496,0.1755392894353749,0.3543381190111945,0.1310883070560025,0.0712939434702573,-0.044450982379372395,-0.2830441755409372
griu,2014,0.0,0.35171675182070017,0.19620062684559958,0.26079652629402705,0.15174964446622718,-0.02224764924691014,-0.044450982379372395,-0.2830441755409372
griu,2015,0.0,0.45305519522812404,0.18358584856605864,0.41592787918082763,-0.12327989391994221,-0.14736817969150717,-0.30686574248600085,0.26855969948932046
griu,2015,0.0,0.4660778012777106,0.20837307772383884,0.5304695862188389,-0.09849266476216201,-0.2619098867295184,-0.30686574248600085,0.26855969948932046
griu,2015,0.0,0.3536947267644992,0.44779742448369086,0.18871841953180946,0.14093168199769002,0.4572781190211299,-0.30686574248600085,0.26855969948932046
griu,2015,0.0,0.3141905176325537,0.3462165617700017,0.004139108561221683,0.03935081928400086,0.27269880805054214,-0.30686574248600085,0.26855969948932046
griu,2015,0.0,0.3657827279850765,0.23975331594207017,0.2706516053062402,-0.06711242654393068,-0.002091905816919759,-0.30686574248600085,0.26855969948932046
griu,2015,0.0,0.28785432477099865,0.45721100969417927,0.027778302054704884,0.15034526720817842,0.24078139743461557,-0.30686574248600085,0.26855969948932046
griu,2015,0.0,0.3760269257722312,0.37317673741083146,0.1576894832137663,0.06631099492483061,0.11087021627555416,-0.30686574248600085,0.26855969948932046
griu,2015,0.0,0.5390947277141229,0.4191074334218645,0.1815192477945784,0.11224169093586367,0.08704045169474206,-0.30686574248600085,0.26855969948932046
griu,2015,0.0,0.42162657698930384,0.3297033870898094,0.21482242829725573,0.02283764460380855,0.05373727119206473,-0.30686574248600085,0.26855969948932046
griu,2015,0.0,0.3690043818475258,0.3662436241203726,0.10894223959977678,0.05937788163437174,0.37750193908909724,-0.30686574248600085,0.26855969948932046
griu,2015,0.0,0.36690235662070475,0.3065694698257131,0.2363205649918636,-0.00029627266028775523,0.032239134497456856,-0.30686574248600085,0.26855969948932046
griu,2015,0.0,0.43519482988545855,0.29867857790073193,0.38984728176270833,-0.008187164585268913,-0.12128758227338787,-0.30686574248600085,0.26855969948932046
griu,2015,0.0,0.6611684036416084,0.4054706766066736,0.19700130948828098,0.09860493412067273,0.07155839000103947,-0.30686574248600085,0.26855969948932046
griu,2015,0.0,0.6106528350706446,0.5054251503692129,0.07414767662147836,0.19855940788321202,0.1944120228678421,-0.30686574248600085,0.26855969948932046
griu,2015,0.0,0.35675923757344224,0.11072024292331761,0.7316773805193963,-0.19614549956268323,-0.4631176810300759,-0.30686574248600085,0.26855969948932046
griu,2015,0.0,0.6053450087656539,0.4209351621602888,0.08081482918025706,0.11406941967428796,0.1877448703090634,-0.30686574248600085,0.26855969948932046
griu,2015,0.0,0.6088646042030692,0.36084356133422313,0.20892464677693168,0.05397781884822228,0.05963505271238878,-0.30686574248600085,0.26855969948932046
griu,2015,0.0,0.3937576679248712,0.19878952973570607,0.5058218349997561,-0.10807621275029478,-0.23726213551043562,-0.30686574248600085,0.26855969948932046
griu,2015,0.0,0.3614321214539419,0.35423757364142006,0.3562341073548718,0.04737183115541921,-0.08767440786555136,-0.30686574248600085,0.26855969948932046
griu,2015,0.0,0.3026149923819536,0.0195135594889968,0.8308695185049437,-0.32637930197499765,-0.5623098190156233,-0.30686574248600085,0.26855969948932046
griu,2015,0.0,0.4245056586438375,0.15941511470379766,0.42640659176437756,-0.1474506277822032,-0.1578468922750571,-0.30686574248600085,0.26855969948932046
griu,2015,0.0,0.37440559532273604,0.13394569025990766,0.3929357438312717,-0.1729200522260932,-0.12437604434195126,-0.30686574248600085,0.26855969948932046
griu,2015,0.0,0.33989673796594705,0.10598628672264176,0.7996393878788108,-0.4128520292086426,-0.5310796883894904,-0.30686574248600085,0.26855969948932046
griu,2015,0.0,0.26128619085933324,0.32727134162430227,0.23731502969517315,0.020405599138301422,0.031244669794147306,-0.30686574248600085,0.26855969948932046
griu,2015,0.0,0.4747265186296302,0.30101522096516753,0.3891522459844001,-0.005850521520833318,-0.12059254649507967,-0.30686574248600085,0.26855969948932046
griu,2015,0.0,0.3679012114115149,0.35818915231859316,0.10682177168340257,0.051323409832592315,0.1617379278059179,-0.30686574248600085,0.26855969948932046
griu,2015,0.0,0.5698372722827519,0.5344598141505523,0.2396234642216064,0.22759407166455148,0.02893623526771405,-0.30686574248600085,0.26855969948932046
griu,2015,0.0,0.6790523537056359,0.34180524144890656,0.19792504553351487,0.03493949896290571,0.07063465395580559,-0.30686574248600085,0.26855969948932046
griu,2015,0.08759393902092305,0.8541177303460806,0.36526568670208714,0.15836528695663477,0.0583999442160863,0.11019441253268569,-0.30686574248600085,0.26855969948932046
griu,2015,0.0,0.6814238953530184,0.38606719031871783,0.2818642489821781,0.07920144783271699,-0.013304549492857642,-0.30686574248600085,0.26855969948932046
griu,2015,0.0,0.549080578664748,0.31208708573888977,0.3408532391683696,0.005221343252888921,-0.07229353967904917,-0.30686574248600085,0.26855969948932046
griu,2015,0.0,0.672204344334455,0.3807499028344039,0.14465256360686896,0.07388416034840306,0.1239071358824515,-0.30686574248600085,0.26855969948932046
griu,2015,0.0,0.2718495591213853,0.2635721603199839,0.19673878360168473,-0.043293582166016975,0.07182091588763573,-0.30686574248600085,0.26855969948932046
griu,2015,0.0,0.6027589662293084,0.26712924767075386,0.1714402059585316,-0.03973649481524699,0.09711949353078886,-0.30686574248600085,0.26855969948932046
griu,2015,0.0,0.6040134466072965,0.4019896194456156,0.207137958685486,0.09512387695961477,0.061421740803834446,-0.30686574248600085,0.26855969948932046
griu,2016,0.0,0.20043231892850083,0.1868126358384714,0.19969119337114716,-0.05087877830960874,0.01777697339252038,-0.23769141414808015,-0.18191421997862678
griu,2016,0.0,0.2211989984409132,0.061962041068386764,0.052878651365076745,-0.17572937307969339,-0.12903556861355003,-0.23769141414808015,-0.18191421997862678
griu,2016,0.0,0.12096977101492619,0.2834263646387445,0.201594268031712,-0.5211177787868246,-0.38350848801033877,-0.23769141414808015,-0.18191421997862678
griu,2016,0.0,0.1559544997558418,0.1776995011396898,0.10765816330578026,-0.05999191300839035,-0.07425605667284652,-0.23769141414808015,-0.18191421997862678
griu,2016,0.0,0.1378235303089765,0.1537496115796677,0.18420554279428325,-0.08394180256841244,0.0022913228156564713,-0.23769141414808015,-0.18191421997862678
griu,2016,0.0,0.12092138415374631,0.12859880652211775,0.2595754449650802,-0.3662902206701979,-0.441489664943707,-0.23769141414808015,-0.18191421997862678
griu,2016,0.0,0.1834081049861306,0.07474273987711966,0.08076404154729921,-0.1629486742709605,-0.10115017843132756,-0.23769141414808015,-0.18191421997862678
griu,2016,0.0,0.13683827630793782,0.35330162432701195,0.36021660113738774,0.1156102101789318,0.17830238115876096,-0.23769141414808015,-0.18191421997862678
griu,2016,0.0,0.12714343729138458,0.07679523508476782,0.022040803433750256,-0.16089617906331233,-0.20395502341237703,-0.23769141414808015,-0.18191421997862678
griu,2016,0.0,0.18180959890486342,0.0921169267901969,0.08840418288309548,-0.14557448735788325,-0.0935100370955313,-0.23769141414808015,-0.18191421997862678
griu,2016,0.0,0.15260884703486638,0.05291017286168964,0.0011929904831173843,-0.1847812412863905,-0.1807212294955094,-0.23769141414808015,-0.18191421997862678
griu,2016,0.0,0.12362872942792373,0.16563631058502803,0.1080778438669614,-0.07205510356305211,-0.07383637611166538,-0.23769141414808015,-0.18191421997862678
griu,2016,0.0,0.10090595370550186,0.38257076624306796,0.422527840688828,0.1448793520949878,0.2406136207102012,-0.23769141414808015,-0.18191421997862678
griu,2016,0.0,0.16970188051572882,0.3298570160602061,0.32632533014088594,0.09216560191212597,0.14441111016225916,-0.23769141414808015,-0.18191421997862678
griu,2016,0.0,0.1693058789987006,0.2936492250808329,0.1506206890060593,0.05595781093275276,-0.031293530972567485,-0.23769141414808015,-0.18191421997862678
griu,2016,0.0,0.24160176883020737,0.3162955207060065,0.27686099959790456,0.07860410655792638,0.09494677961927778,-0.23769141414808015,-0.18191421997862678
griu,2016,0.0,0.23831423486084174,0.36337575358064056,0.26457063987025764,0.1256843394325604,0.08265641989163086,-0.23769141414808015,-0.18191421997862678
griu,2016,0.0,0.25797619789097415,0.34468832515369785,0.18073921304109275,0.1069969110056177,-0.0011750069375340289,-0.23769141414808015,-0.18191421997862678
griu,2016,0.0,0.23644021672409546,0.3958772727162896,0.258157638914029,0.15818585856820944,0.07624341893540221,-0.23769141414808015,-0.18191421997862678
griu,2016,0.0,0.10714403676934614,0.5944590486076224,0.38178316128498535,0.3567676344595423,0.19986894130635857,-0.23769141414808015,-0.18191421997862678
griu,2016,0.0,0.2193182521668419,0.3031128444918214,0.21854121988292974,0.06542143034374126,0.03662699990430296,-0.23769141414808015,-0.18191421997862678
griu,2016,0.0,0.16025456439030497,0.30171101483349316,0.19604131750003395,0.06401960068541301,0.014127097521407173,-0.23769141414808015,-0.18191421997862678
griu,2016,0.0,0.15425879229597977,0.17447127561173081,0.0745256646716892,-0.06322013853634934,-0.10738855530693758,-0.23769141414808015,-0.18191421997862678
griu,2016,0.0,0.12281032237550452,0.31509851589047067,0.2887767991265351,0.07740710174239052,0.10686257914790831,-0.23769141414808015,-0.18191421997862678
griu,2016,0.0,0.28237513652805524,0.31829493191763225,0.20712677849326644,0.0806035177695521,0.02521255851463966,-0.23769141414808015,-0.18191421997862678
griu,2016,0.0,0.377927503496825,0.15833181074577984,0.2657004824717477,-0.0793596034023003,0.08378626249312093,-0.23769141414808015,-0.18191421997862678
griu,2016,0.0,0.22020768268886037,0.30967248043864837,0.10019119179895908,0.07198106629056822,-0.0817230281796677,-0.23769141414808015,-0.18191421997862678
griu,2016,0.0,0.3001075967730279,0.33485696818236077,0.3885115256718299,0.09716555403428062,0.20659730569320311,-0.23769141414808015,-0.18191421997862678
griu,2016,0.0,0.25623328825517655,0.32559681718529054,0.397003856279313,0.0879054030372104,0.21508963630068623,-0.23769141414808015,-0.18191421997862678
griu,2016,0.0,0.20051838107885792,0.29086851641988654,0.10848777379622643,0.05317710227180639,-0.07342644618240035,-0.23769141414808015,-0.18191421997862678
griu,2016,0.0,0.14802068950831396,0.38228776920064034,0.24757168686595454,0.1445963550525602,0.06565746688732776,-0.23769141414808015,-0.18191421997862678
griu,2016,0.0,0.2529374504066132,0.35669403415881984,0.36532525220618917,0.11900262001073969,0.1834110322275624,-0.23769141414808015,-0.18191421997862678
griu,2016,0.0,0.17052407544544704,0.18564470340083528,0.023635842937683726,-0.05204671074724487,-0.15827837704094305,-0.23769141414808015,-0.18191421997862678
griu,2016,0.0,0.2332930072853221,0.2679424710835834,0.3045589784507232,0.03025105693550323,0.12264475847209644,-0.23769141414808015,-0.18191421997862678
griu,2016,0.0,0.23770108890463532,0.2901407854822593,0.21953512223121097,0.05244937133417915,0.03762090225258419,-0.23769141414808015,-0.18191421997862678
griu,2017,0.0,0.23022425037484323,0.2308667177576771,0.013189357608244912,0.0020724549110746615,0.006426587076061807,-0.22879426284660243,-0.006762770532183104
griu,2017,0.0,0.3802086505052727,0.1959940658920014,0.1115601315622814,-0.03280019695460101,-0.1183229020944645,-0.22879426284660243,-0.006762770532183104
griu,2017,0.0,0.3431317417643577,0.360213416238798,0.16299285146651643,0.13141915339219556,0.15623008093433333,-0.22879426284660243,-0.006762770532183104
griu,2017,0.0,0.3233891679267181,0.4050582234978899,0.1875460365002306,0.17626396065128747,0.1807832659680475,-0.22879426284660243,-0.006762770532183104
griu,2017,0.0,0.2563253661359806,0.2668670132417814,0.007156736814251552,0.03807275039517899,0.0003939662820684475,-0.22879426284660243,-0.006762770532183104
griu,2017,0.0,0.26290853444016554,0.422839940607592,0.10528089274330821,0.19404567776098958,0.0985181222111251,-0.22879426284660243,-0.006762770532183104
griu,2017,0.0,0.18063591321189007,0.18165556414019024,0.059434467371249244,-0.047138698706412185,0.05267169683906614,-0.22879426284660243,-0.006762770532183104
griu,2017,0.0,0.2521302511687235,0.20118955904920455,0.012431102028259478,-0.027604703797397878,0.005668331496076373,-0.22879426284660243,-0.006762770532183104
griu,2017,0.0,0.3559635521151177,0.18821790506072889,0.029485525583714978,-0.04057635778587354,-0.03624829611589808,-0.22879426284660243,-0.006762770532183104
griu,2017,0.0,0.3578273864738135,0.3538611642328813,0.22736319722102705,0.12506690138627885,0.22060042668884394,-0.22879426284660243,-0.006762770532183104
griu,2017,0.0,0.1994803715346535,0.34702149842011787,0.10937128503911175,0.11822723557351544,0.10260851450692865,-0.22879426284660243,-0.006762770532183104
griu,2017,0.0,0.2655082012624148,0.1971954407264862,0.08807978704326391,-0.03159882212011622,-0.09484255757544702,-0.22879426284660243,-0.006762770532183104
griu,2017,0.0,0.3755788598650765,0.2849052530684131,0.17618708370417258,0.05611099022181065,0.16942431317198947,-0.22879426284660243,-0.006762770532183104
griu,2017,0.0,0.38703788989647214,0.13249343653666124,0.17416692409758783,-0.09630082630994119,0.16740415356540472,-0.22879426284660243,-0.006762770532183104
griu,2017,0.0,0.3129774519357474,0.04335777190157675,0.45752575190550404,-0.18543649094502568,-0.46428852243768715,-0.22879426284660243,-0.006762770532183104
griu,2017,0.0,0.32416213105083946,0.26532531509381574,0.013616396348021809,0.036531052247213314,0.006853625815838704,-0.22879426284660243,-0.006762770532183104
griu,2017,0.0,0.2933357251088866,0.32528620119895013,0.05677995839232963,0.0964919383523477,0.05001718786014653,-0.22879426284660243,-0.006762770532183104
griu,2017,0.0,0.3106128621490665,0.07934276589589695,0.33023791189545015,-0.14945149695070548,-0.33700068242763326,-0.22879426284660243,-0.006762770532183104
griu,2017,0.0,0.23719085494284303,0.24526803537900976,0.08803620434919601,0.016473772532407338,-0.09479897488137912,-0.22879426284660243,-0.006762770532183104
griu,2017,0.0,0.27733783942702706,0.26651727653876645,0.25912715144386933,0.03772301369216402,-0.26588992197605243,-0.22879426284660243,-0.006762770532183104
griu,2017,0.0,0.26885526545312016,0.251471644010119,0.15716666669429458,0.022677381163516586,-0.16392943722647768,-0.22879426284660243,-0.006762770532183104
griu,2017,0.0,0.46577229348221155,0.2651244320377075,0.13859736137864553,0.0363301691911051,-0.14536013191082864,-0.22879426284660243,-0.006762770532183104
griu,2017,0.0,0.27603619954290376,0.05366819501076714,0.4040500812605341,-0.28246245785736956,-0.4108128517927172,-0.22879426284660243,-0.006762770532183104
griu,2017,0.0,0.4777472042586493,0.3372608007963529,0.06579118879230395,0.10846653794975047,0.05902841826012084,-0.22879426284660243,-0.006762770532183104
griu,2017,0.0,0.25719666769722627,0.15402881661638945,0.20133471349619736,-0.07476544623021297,-0.20809748402838046,-0.22879426284660243,-0.006762770532183104
griu,2017,0.0,0.21251521693210096,0.2023563718264172,0.07058423006747994,-0.026437891020185234,0.06382145953529683,-0.22879426284660243,-0.006762770532183104
griu,2017,0.0,0.49936370625058685,0.28952875562365454,0.1384621845299625,0.06073449277705212,0.1316994139977794,-0.22879426284660243,-0.006762770532183104
griu,2017,0.0,0.2685443985094283,0.15688273449864276,0.2688774915173142,-0.07191152834795966,0.2621147209851311,-0.22879426284660243,-0.006762770532183104
griu,2017,0.0,0.19398483050235038,0.13077064865435872,0.12624262907182837,-0.0980236141922437,0.11947985853964527,-0.22879426284660243,-0.006762770532183104
griu,2017,0.0,0.46538412519786815,0.1906538977441219,0.016807399346808527,-0.03814036510248053,-0.02357016987899163,-0.22879426284660243,-0.006762770532183104
griu,2017,0.0,0.3168540646434748,0.2560426536125546,0.060521076922020356,0.027248390765952202,0.05375830638983725,-0.22879426284660243,-0.006762770532183104
griu,2017,0.0,0.24144848004195502,0.16765266380116017,0.10188212110977624,-0.06114159904544225,0.09511935057759313,-0.22879426284660243,-0.006762770532183104
griu,2017,0.0,0.34820366406565595,0.21652775489037968,0.07100962887869011,-0.01226650795622275,0.06424685834650701,-0.22879426284660243,-0.006762770532183104
griu,2017,0.0,0.27008769732648913,0.28211558302811035,0.27943707632175263,0.053321320181507925,0.2726743057895695,-0.22879426284660243,-0.006762770532183104
griu,2017,0.0,0.23957746261655047,0.1675740730234252,0.030381738040715422,-0.06122018982317723,0.023618967508532318,-0.22879426284660243,-0.006762770532183104
griu,2018,0.0,0.8326167089827177,0.09585267564710875,0.10063078781258428,-0.21289637936785422,-0.16177682108764513,-0.11704370372074546,-0.06114603327506085
griu,2018,0.0,0.27013620584487097,0.0898406395974618,0.018740652860509854,-0.02720306412328366,-0.0798866861355707,-0.11704370372074546,-0.06114603327506085
griu,2018,0.0,0.49285246700236646,0.1603802253454374,0.16731117457144418,0.043336521624691926,0.10616514129638333,-0.11704370372074546,-0.06114603327506085
griu,2018,0.004105020913216739,0.29875751015603835,0.11852226608337268,0.11350893173230236,0.0014785623626272226,0.052362898457241513,-0.11704370372074546,-0.06114603327506085
griu,2018,0.0,0.2704862465702843,0.17347517088602205,0.033326642614432966,0.05643146716527658,-0.09447267588949382,-0.11704370372074546,-0.06114603327506085
griu,2018,0.0019102557091468242,0.3183417010691819,0.05501059946149223,0.03273198922787657,-0.062033104259253236,-0.028414044047184284,-0.11704370372074546,-0.06114603327506085
griu,2018,0.0,0.27942479368145196,0.05474752326901955,0.1709983912216324,-0.171791226989765,0.10985235794657155,-0.11704370372074546,-0.06114603327506085
griu,2018,0.0,0.5010288842222503,0.10016150015336533,0.018901059184084357,-0.016882203567380127,-0.042244974090976495,-0.11704370372074546,-0.06114603327506085
griu,2018,0.0,0.3069198866589077,0.024568799008730657,0.10390645225513762,-0.14161250272947612,0.042760418980076764,-0.11704370372074546,-0.06114603327506085
griu,2018,0.004105020913216739,0.2595880170589721,0.05255638243227878,0.1616425930141454,-0.06448732128846668,0.10049655973908456,-0.11704370372074546,-0.06114603327506085
griu,2018,0.0,0.29151126430845703,0.12717093394200552,0.12370530189898199,0.010127230221260053,0.06255926862392114,-0.11704370372074546,-0.06114603327506085
griu,2018,0.0,0.3079136112452478,0.056306335283572206,0.014333392072203743,-0.17335003900431767,-0.0754794253472646,-0.11704370372074546,-0.06114603327506085
griu,2018,0.0,0.3085275408781107,0.09657461868489525,0.06652807007327377,-0.02046908503585021,0.005382036798212919,-0.11704370372074546,-0.06114603327506085
griu,2018,0.0,0.8257537098483573,0.2037140509430091,0.1845298321560569,0.08667034722226363,0.12338379888099604,-0.11704370372074546,-0.06114603327506085
griu,2018,0.0,0.5245162158262021,0.03938591157552729,0.1583383710967472,-0.07765779214521817,-0.21948440437180805,-0.11704370372074546,-0.06114603327506085
griu,2018,0.0,0.8892238421666226,0.16949364811280443,0.08704100925987968,0.05244994439205897,0.025894975984818824,-0.11704370372074546,-0.06114603327506085
griu,2018,0.0,0.8449699705929617,0.3956098666639347,0.3060099544526773,0.27856616294318925,0.24486392117761646,-0.11704370372074546,-0.06114603327506085
griu,2018,0.0,0.3935711993062395,0.07743727863256566,0.04286778820774639,-0.19448098235331113,-0.10401382148280724,-0.11704370372074546,-0.06114603327506085
griu,2018,0.0,0.8513471763697,0.03955497395307228,0.11566651059686972,-0.07748872976767318,-0.17681254387193057,-0.11704370372074546,-0.06114603327506085
griu,2018,0.0,0.6138184966644964,0.018808922155136187,0.09573998315636834,-0.09823478156560927,-0.1568860164314292,-0.11704370372074546,-0.06114603327506085
griu,2018,0.0,0.6290785357292038,0.2415474197573566,0.13606896739876673,0.12450371603661115,0.07492293412370588,-0.11704370372074546,-0.06114603327506085
griu,2018,0.0,0.6167342662697562,0.3392944050310609,0.15961551530312912,0.22225070131031543,0.09846948202806827,-0.11704370372074546,-0.06114603327506085
griu,2018,0.0,0.6918030239237596,0.012238179016535788,0.12053415092376518,-0.12928188273728125,-0.18168018419882603,-0.11704370372074546,-0.06114603327506085
griu,2018,0.0,0.5498238990709037,0.15972717942049552,0.10887869633027236,0.04268347569975006,-0.1700247296053332,-0.11704370372074546,-0.06114603327506085
griu,2018,0.0,0.3080638794123726,0.29050826583846456,0.17279051804107182,0.1734645621177191,0.11164448476601097,-0.11704370372074546,-0.06114603327506085
griu,2018,0.0,0.5912613050863379,0.21489883833533474,0.1103725705541736,-0.3319425420560802,-0.17151860382923445,-0.11704370372074546,-0.06114603327506085
griu,2018,0.0,0.849670275220325,0.12185860199458842,0.15078859875727302,0.00481489827384296,-0.21193463203233387,-0.11704370372074546,-0.06114603327506085
griu,2018,0.0,1.1093839110003154,0.20971322455846186,0.1819502141603233,0.0926695208377164,0.12080418088526246,-0.11704370372074546,-0.06114603327506085
griu,2018,0.0,1.1560787657830207,0.1470623094143817,0.1521152370007144,0.030018605693636236,0.09096920372565354,-0.11704370372074546,-0.06114603327506085
griu,2018,0.0,0.8725165928996784,0.14605144499239042,0.03163636880774856,0.02900774127164496,-0.02950966446731229,-0.11704370372074546,-0.06114603327506085
griu,2018,0.0,0.8915232578446701,0.13422051172976968,0.07975575045946659,0.017176808009024214,-0.14090178373452744,-0.11704370372074546,-0.06114603327506085
griu,2018,0.0,1.0768046709090402,0.004545413860749914,0.0393426522283562,-0.11249828985999555,-0.02180338104670465,-0.11704370372074546,-0.06114603327506085
griu,2018,0.0,0.802329310378299,0.4095456863326361,0.33274862132690197,0.29250198261189064,0.2716025880518411,-0.11704370372074546,-0.06114603327506085
griu,2018,0.0,0.9945184130526862,0.3904030561157601,0.4398658599951655,0.27335935239501463,0.3787198267201046,-0.11704370372074546,-0.06114603327506085
griu,2018,0.0,0.8696979798809915,0.19784203038299708,0.10713634675987116,0.08079832666225162,0.04599031348481031,-0.11704370372074546,-0.06114603327506085
griu,2019,0.0,0.22701481371312493,0.07099171360394063,0.13243681812991026,0.01970383092965644,-0.13175723334048905,-0.05128788267428419,0.0006795847894212059
griu,2019,0.0,0.12993843371281785,0.0667600887253581,0.0899086996550853,0.015472206051073911,-0.0892291148656641,-0.05128788267428419,0.0006795847894212059
griu,2019,0.0,0.1848645963023417,0.12326154425427882,0.050190953724809084,-0.174549426928563,0.05087053851423029,-0.05128788267428419,0.0006795847894212059
griu,2019,0.0,0.2852856607775382,0.19041759056038554,0.25508142026766434,0.13912970788610135,0.25576100505708554,-0.05128788267428419,0.0006795847894212059
griu,2019,0.0,0.25168831851137036,0.19780653663266934,0.12777425458950464,0.14651865395838515,0.12845383937892585,-0.05128788267428419,0.0006795847894212059
griu,2019,0.0,0.23039944925640085,0.07454302683203373,0.107000515518195,0.02325514415774954,0.10768010030761621,-0.05128788267428419,0.0006795847894212059
griu,2019,0.0,0.19665977245431115,0.10151665364210061,0.046695742636482684,0.050228770967816416,0.04737532742590389,-0.05128788267428419,0.0006795847894212059
griu,2019,0.0,0.17402311896801298,0.01283441910182459,0.05872887568140639,-0.0384534635724596,-0.058049290891985184,-0.05128788267428419,0.0006795847894212059
griu,2019,0.0,0.1948012999892843,0.022429414668247993,0.07938838241286827,-0.028858468006036198,-0.07870879762344707,-0.05128788267428419,0.0006795847894212059
griu,2019,0.0,0.21968169309684224,0.0823543512568321,0.24336549129117913,0.031066468582547913,0.24404507608060033,-0.05128788267428419,0.0006795847894212059
griu,2019,0.0,0.23119613240359618,0.11632451530999921,0.19937525934345945,0.06503663263571502,0.20005484413288066,-0.05128788267428419,0.0006795847894212059
griu,2019,0.0,0.08054450220637424,0.21152506138001526,0.06678777508093736,0.16023717870573106,0.06746735987035857,-0.05128788267428419,0.0006795847894212059
griu,2019,0.0,0.07824977488864715,0.14385599536031224,0.12163146403624259,0.09256811268602805,0.12231104882566379,-0.05128788267428419,0.0006795847894212059
griu,2019,0.0,0.1914201081219608,0.06620787768904002,0.011876446730274104,-0.11749576036332421,-0.011196861940852898,-0.05128788267428419,0.0006795847894212059
griu,2019,0.0,0.19761011855486899,0.029207704683677616,0.38022642579287025,-0.022080177990606575,-0.37954684100344904,-0.05128788267428419,0.0006795847894212059
griu,2019,0.0,0.33891230456545063,0.11148119184173444,0.17702135683230358,0.06019330916745025,0.17770094162172478,-0.05128788267428419,0.0006795847894212059
griu,2019,0.0,0.2805436845422527,0.11589814674143906,0.23572154388915,0.06461026406715487,-0.2350419590997288,-0.05128788267428419,0.0006795847894212059
griu,2019,0.0,0.3056285681027008,0.06403227695262181,0.2098043665335143,0.012744394278337623,-0.2091247817440931,-0.05128788267428419,0.0006795847894212059
griu,2019,0.0,0.2320460680681859,0.10198677193276406,0.4846272674587153,-0.15327465460704826,-0.4839476826692941,-0.05128788267428419,0.0006795847894212059
griu,2019,0.0,0.17751245422915743,0.045311883449040025,0.21748862315694373,-0.005975999225244166,-0.21680903836752252,-0.05128788267428419,0.0006795847894212059
griu,2019,0.0,0.18865885157549572,0.21204797146427445,0.057343162219976485,0.16076008878999026,-0.05666357743055528,-0.05128788267428419,0.0006795847894212059
griu,2019,0.0,0.22470311089155648,0.31219594340507983,0.05648361683799541,0.26090806073079564,0.057163201627416615,-0.05128788267428419,0.0006795847894212059
griu,2019,0.0,0.33684835763280285,0.21648615456046283,0.07116264657132465,0.16519827188617864,-0.07048306178190344,-0.05128788267428419,0.0006795847894212059
griu,2019,0.0,0.3191615948802148,0.2570286558692727,0.06776339679317589,0.2057407731949885,0.0684429815825971,-0.05128788267428419,0.0006795847894212059
griu,2019,0.0,0.21439793053379672,0.16840840887179054,0.1378287906573501,0.11712052619750635,-0.1371492058679289,-0.05128788267428419,0.0006795847894212059
griu,2019,0.0,0.18493184553143993,0.11380145390791441,0.01581166267196199,0.06251357123363022,0.016491247461383196,-0.05128788267428419,0.0006795847894212059
griu,2019,0.0,0.2582570030511655,0.1927229504468082,0.28043650050894575,-0.2440108331210924,-0.27975691571952455,-0.05128788267428419,0.0006795847894212059
griu,2019,0.0,0.282633693204151,0.20988800705130473,0.0159218775648009,-0.2611758897255889,0.016601462354222107,-0.05128788267428419,0.0006795847894212059
griu,2019,0.0,0.30651939084265684,0.046855222746643665,0.18350751763714745,-0.09814310542092786,0.18418710242656866,-0.05128788267428419,0.0006795847894212059
griu,2019,0.0,0.3674497268508423,0.13874165563011553,0.10894034342868997,-0.19002953830439973,0.10961992821811117,-0.05128788267428419,0.0006795847894212059
griu,2019,0.0,0.2476028356336324,0.12006659881386694,0.1740856136090554,0.06877871613958275,0.1747651983984766,-0.05128788267428419,0.0006795847894212059
griu,2019,0.0,0.2638271792525666,0.07602399741041488,0.12968862985364682,-0.12731188008469907,0.13036821464306803,-0.05128788267428419,0.0006795847894212059
griu,2019,0.0,0.3817543726493488,0.1145301161827268,0.19067954895822847,-0.16581799885701098,0.19135913374764968,-0.05128788267428419,0.0006795847894212059
griu,2019,0.0,0.25789400090568854,0.08455538117647698,0.18494572244848184,-0.13584326385076118,0.18562530723790305,-0.05128788267428419,0.0006795847894212059
griu,2019,0.0,0.15440650335381237,0.10747633951435187,0.09955908135536307,-0.15876422218863606,-0.09887949656594186,-0.05128788267428419,0.0006795847894212059
griu,2020,0.0,0.22852937342487997,1.890164195800398,1.6275423067893628,-0.9065070488573492,-0.8135980153478246,0.9836571469430488,0.8139442914415382
griu,2020,0.0,0.16175217314309348,1.183698443166179,1.0873616513239872,-0.20004129622313016,-0.273417359882449,0.9836571469430488,0.8139442914415382
griu,2020,0.0,0.38516223929502225,0.34454211102543697,0.1020419634264913,0.6391150359176119,0.7119023280150469,0.9836571469430488,0.8139442914415382
griu,2020,0.0,0.14514424030388234,0.6865006693242566,0.4387985728954811,0.29715647761879227,0.37514571854605716,0.9836571469430488,0.8139442914415382
griu,2020,0.0,0.16195382874331837,0.6010838909545972,0.38596113141052735,0.3825732559884516,0.4279831600310109,0.9836571469430488,0.8139442914415382
griu,2020,0.0,0.3223765483188975,0.6090834313251756,0.374374444183907,0.3745737156178732,0.43956984725763126,0.9836571469430488,0.8139442914415382
griu,2020,0.0,0.14193980963209168,1.054726734342021,0.8114470137730372,-0.07106958739897218,0.0024972776685010523,0.9836571469430488,0.8139442914415382
griu,2020,0.0,0.19112328109336216,0.7451053595682815,0.5040048571891074,0.23855178737476734,0.30993943425243087,0.9836571469430488,0.8139442914415382
griu,2020,0.0,0.1548862757908522,0.41825484342006636,0.18680661750960192,0.5654023035229825,0.6271376739319363,0.9836571469430488,0.8139442914415382
griu,2020,0.0,0.2830999960261401,0.28852071333958573,0.02449535786831669,0.6951364336034631,0.7894489335732215,0.9836571469430488,0.8139442914415382
griu,2020,0.0,0.17764501122873666,0.4489754867841027,0.1587416792981684,0.5346816601589461,0.6552026121433698,0.9836571469430488,0.8139442914415382
griu,2020,0.0,0.22976307858240824,0.9557534544350035,0.8372367556143976,0.027903692508045363,-0.02329246417285935,0.9836571469430488,0.8139442914415382
griu,2020,0.0,0.14028576533664477,0.49265867996520063,0.2782742724596292,0.4909984669778482,0.535670018981909,0.9836571469430488,0.8139442914415382
griu,2020,0.0,0.36517774402609715,1.0383470680215305,0.8637510485884246,-0.054689921078481696,-0.049806757146886316,0.9836571469430488,0.8139442914415382
griu,2020,0.0,0.13680922098705914,1.3800390977222707,1.3283508305578997,-0.3963819507792219,-0.5144065391163615,0.9836571469430488,0.8139442914415382
griu,2020,0.0,0.26226328057980747,1.2493331898566469,1.04371042379069,-0.26567604291359803,-0.22976613234915177,0.9836571469430488,0.8139442914415382
griu,2020,0.0,0.16035870643153483,1.1235582074245056,0.9514325994391712,-0.13990106048145678,-0.137488307997633,0.9836571469430488,0.8139442914415382
griu,2020,0.0,0.10173646567936516,1.331079460404724,1.1897606683980655,-0.3474223134616752,-0.37581637695652725,0.9836571469430488,0.8139442914415382
griu,2020,0.0,0.27857131971082627,1.6086499359036592,1.4375294098853337,-0.6249927889606104,-0.6235851184437955,0.9836571469430488,0.8139442914415382
griu,2020,0.0,0.14011897500104004,1.4288676058733687,1.4525813145596338,-0.44521045893031985,-0.6386370231180956,0.9836571469430488,0.8139442914415382
griu,2020,0.0,0.21845957205394448,1.0868126570299959,1.0202832106557498,-0.10315551008694701,-0.20633891921421155,0.9836571469430488,0.8139442914415382
griu,2020,0.0,0.26182712041615475,0.9088822632188283,0.9158587644885512,0.07477488372422059,-0.10191447304701295,0.9836571469430488,0.8139442914415382
griu,2020,0.0,0.14994129151872243,1.1360011933670142,1.0054735428785162,-0.15234404642396537,-0.19152925143697797,0.9836571469430488,0.8139442914415382
griu,2020,0.0,0.18561413792994813,0.6545649739272239,0.6311278700506717,0.32909217301582494,0.1828164213908665,0.9836571469430488,0.8139442914415382
griu,2020,0.0,0.11889122226550031,1.2474795881411058,1.2660858303191116,-0.263822441198057,-0.45214153887757336,0.9836571469430488,0.8139442914415382
griu,2020,0.0,0.1998043620232745,1.3256595193673157,1.1384878523843804,-0.3420023724242669,-0.3245435609428422,0.9836571469430488,0.8139442914415382
griu,2020,0.0,0.3202589525156826,1.7323900540392174,1.6826906405448139,-0.7487329070961686,-0.8687463491032756,0.9836571469430488,0.8139442914415382
griu,2020,0.0,0.1824701154157218,0.29710430339207505,0.019849281328359503,0.6865528435509738,0.7940950101131787,0.9836571469430488,0.8139442914415382
griu,2020,0.0,0.20377244368949002,0.45554007449054223,0.14251734861408005,0.5281170724525066,0.6714269428274582,0.9836571469430488,0.8139442914415382
griu,2020,0.0,0.16114557833162346,1.2308122921631939,1.0011490812465427,-0.24715514522014503,-0.18720478980500443,0.9836571469430488,0.8139442914415382
griu,2020,0.0,0.28447768857504635,1.4261096129986988,1.3586928589073182,-0.4424524660556499,-0.5447485674657799,0.9836571469430488,0.8139442914415382
griu,2020,0.0,0.22238755033100216,1.274243329564876,0.9945596754968209,-0.2905861826218272,-0.18061538405528266,0.9836571469430488,0.8139442914415382
griu,2020,0.0,0.167826951884608,1.2858630817740115,1.1409974947248305,-0.3022059348309627,-0.32705320328329224,0.9836571469430488,0.8139442914415382
griu,2020,0.0,0.24575298430612835,0.5550056423681271,0.2554291835191913,0.42865150457492174,0.5585151079223469,0.9836571469430488,0.8139442914415382
griu,2020,0.0,0.3444015921284856,0.9325889785074843,0.8306446463336896,0.0510681684355645,-0.01670035489215138,0.9836571469430488,0.8139442914415382
griu,2021,0.0,0.3047257548036897,0.23630445035794567,0.5508502362676038,0.21796588528661687,0.22674839331519747,-0.018338565071328805,-0.3241018429524063
griu,2021,0.0,0.29353282017522175,0.09473917659138698,0.33425296337772004,0.07640061152005817,0.010151120425313742,-0.018338565071328805,-0.3241018429524063
griu,2021,0.0,0.419435472078767,0.033263650578283066,0.39075996483080333,-0.05160221564961187,0.06665812187839704,-0.018338565071328805,-0.3241018429524063
griu,2021,0.0,0.3839473489970361,0.16180027298452782,0.48179826237210666,0.143461707913199,0.15769641941970036,-0.018338565071328805,-0.3241018429524063
griu,2021,0.0,0.33974681087283454,0.12045004689261196,0.46590786854007327,0.10211148182128316,0.14180602558766697,-0.018338565071328805,-0.3241018429524063
griu,2021,0.0,0.4081833991056653,0.04935613546168538,0.38949858294832884,0.031017570390356575,0.06539673999592255,-0.018338565071328805,-0.3241018429524063
griu,2021,0.0,0.2332611714197658,0.08926687771545394,0.35600149084419774,0.07092831264412514,0.03189964789179145,-0.018338565071328805,-0.3241018429524063
griu,2021,0.0,0.24818000367048104,0.03339109158509501,0.2979882348666485,-0.05172965665642382,-0.0261136080857578,-0.018338565071328805,-0.3241018429524063
griu,2021,0.0,0.22991142654053087,0.008580760370295426,0.3437669138827162,-0.02691932544162423,0.01966507093030989,-0.018338565071328805,-0.3241018429524063
griu,2021,0.0,0.4183853126794821,0.006675238154886909,0.4777083454399196,-0.011663326916441896,0.15360650248751329,-0.018338565071328805,-0.3241018429524063
griu,2021,0.0,0.3997259975190026,0.013793982284643569,0.37019283856715646,-0.004544582786685236,0.04609099561475016,-0.018338565071328805,-0.3241018429524063
griu,2021,0.0,0.38741765012615603,0.049198994421571385,0.2461812487043633,0.03086042935024258,-0.07792059424804298,-0.018338565071328805,-0.3241018429524063
griu,2021,0.0,0.46031820187643024,0.018723028761865823,0.39836242507661934,-0.03706159383319463,0.07426058212421305,-0.018338565071328805,-0.3241018429524063
griu,2021,0.0,0.1759610355406189,0.12481937526595566,0.4034733997541653,-0.14315794033728446,0.079371556801759,-0.018338565071328805,-0.3241018429524063
griu,2021,0.0,0.4408196423315257,0.24412608307337047,0.3917590558557702,0.22578751800204166,0.0676572129033639,-0.018338565071328805,-0.3241018429524063
griu,2021,0.0,0.277903315507629,0.021039058924200216,0.2811445806344577,-0.03937762399552902,-0.04295726231794861,-0.018338565071328805,-0.3241018429524063
griu,2021,0.0,0.24314212415418499,0.0105760964786894,0.32961762218659185,-0.007762468592639404,0.005515779234185558,-0.018338565071328805,-0.3241018429524063
griu,2021,0.0,0.3952542014996788,0.09035998627268382,0.4432221328253525,0.07202142120135502,0.1191202898729462,-0.018338565071328805,-0.3241018429524063
griu,2021,0.0,0.2851338646168355,0.11750574847147544,0.2661789042517304,0.09916718340014663,-0.057922938700675886,-0.018338565071328805,-0.3241018429524063
griu,2021,0.0,0.41367481078666335,0.06649673415523738,0.1834642773650339,0.048158169083908575,-0.1406375655873724,-0.018338565071328805,-0.3241018429524063
griu,2021,0.0,0.4712932537781674,0.08001736256849634,0.14012392190305212,-0.09835592763982515,-0.18397792104935418,-0.018338565071328805,-0.3241018429524063
griu,2021,0.0,0.4413149304349077,0.12904160012351618,0.09499429312994145,-0.14738016519484498,-0.22910754982246484,-0.018338565071328805,-0.3241018429524063
griu,2021,0.0,0.2601837263489098,0.07524741767147791,0.13990470691897006,-0.09358598274280672,-0.18419713603343624,-0.018338565071328805,-0.3241018429524063
griu,2021,0.0,0.21204809308267772,0.2714981167808279,0.10455796053146127,-0.2898366818521567,-0.21954388242094502,-0.018338565071328805,-0.3241018429524063
griu,2021,0.0,0.3160353808535193,0.10620911731785876,0.16600470611593598,0.08787055224652995,-0.1580971368364703,-0.018338565071328805,-0.3241018429524063
griu,2021,0.0,0.2642462437938944,0.04849661293519869,0.3449994130935816,0.030158047863869886,0.020897570141175326,-0.018338565071328805,-0.3241018429524063
griu,2021,0.33563535684649004,0.6425385273539241,0.21409054051713472,0.18119809693654787,-0.23242910558846352,-0.14290374601585842,-0.018338565071328805,-0.3241018429524063
griu,2021,0.0,0.23983680373673927,0.1751748287586956,0.48461383558205506,0.1568362636873668,0.16051199262964877,-0.018338565071328805,-0.3241018429524063
griu,2021,0.0,0.1774828152817527,0.15146055112514434,0.43820116674752363,0.13312198605381553,0.11409932379511734,-0.018338565071328805,-0.3241018429524063
griu,2021,0.0,0.22025867724276527,0.11608545890847033,0.21880862864265227,-0.13442402397979913,-0.10529321430975402,-0.018338565071328805,-0.3241018429524063
griu,2021,0.0,0.19171462885296525,0.040678301965295205,0.261789187615987,0.0223397368939664,-0.062312655336419276,-0.018338565071328805,-0.3241018429524063
griu,2021,0.0,0.23260967747593098,0.17148069618580397,0.449459474680459,0.15314213111447517,0.1253576317280527,-0.018338565071328805,-0.3241018429524063
griu,2021,0.0,0.2334142031406016,0.30963534991901476,0.19184039225378013,-0.32797391499034356,-0.13226145069862616,-0.018338565071328805,-0.3241018429524063
griu,2021,0.0,0.4578031006382851,0.043262369542576895,0.4780047071322153,-0.0616009346139057,0.15390286417980903,-0.018338565071328805,-0.3241018429524063
griu,2021,0.0,0.25183138195530064,0.07639502740953619,0.24693466345868975,0.05805646233820738,-0.07716717949371654,-0.018338565071328805,-0.3241018429524063
griu,2022,0.0,0.13201922993452647,0.29343300910917947,0.12484093956007225,-0.010023637524453122,0.05975266828368353,0.28340937158472634,0.18459360784375578
griu,2022,0.0,0.17524130469915863,0.3765537138620969,0.3473474255261406,-0.09314434227737056,-0.16275381768238484,0.28340937158472634,0.18459360784375578
griu,2022,0.0,0.15628377865854542,0.27653899285892214,0.33844782066327417,0.006870378725804205,-0.1538542128195184,0.28340937158472634,0.18459360784375578
griu,2022,0.0,0.19431069311352286,0.3420545696629169,0.3081249804237216,-0.058645198078190575,-0.12353137257996583,0.28340937158472634,0.18459360784375578
griu,2022,0.0,0.09778184382602545,0.36183359493342415,0.46042255698440204,-0.07842422334869781,-0.27582894914064626,0.28340937158472634,0.18459360784375578
griu,2022,0.0,0.1651649505825053,0.31689446224187723,0.3862919954655486,-0.033485090657150884,-0.20169838762179282,0.28340937158472634,0.18459360784375578
griu,2022,0.0,0.13120369426913503,0.3979210265857942,0.29560830658205717,-0.11451165500106786,-0.11101469873830139,0.28340937158472634,0.18459360784375578
griu,2022,0.0,0.2458069125893017,0.215650980278566,0.16911640011542906,0.06775839130616035,0.015477207728326725,0.28340937158472634,0.18459360784375578
griu,2022,0.0,0.14141162588208722,0.3071668822408098,0.1737284446416978,-0.023757510656083447,0.010865163202057992,0.28340937158472634,0.18459360784375578
griu,2022,0.0,0.320188519860772,0.49502216215002237,0.3888168166107242,-0.21161279056529603,-0.20422320876696842,0.28340937158472634,0.18459360784375578
griu,2022,0.0,0.20320463699748448,0.3519476650454121,0.186619528614687,-0.06853829346068574,-0.002025920770931222,0.28340937158472634,0.18459360784375578
griu,2022,0.0,0.18560933709831615,0.3903856987601104,0.30288228687834673,-0.10697632717538408,-0.11828867903459095,0.28340937158472634,0.18459360784375578
griu,2022,0.0,0.2526370971278594,0.31385395927479465,0.29274905802591933,-0.030444587690068303,-0.10815545018216355,0.28340937158472634,0.18459360784375578
griu,2022,0.0,0.23523167710788417,0.257107879037191,0.09537757632008415,0.026301492547535332,0.08921603152367164,0.28340937158472634,0.18459360784375578
griu,2022,0.0,0.09930889481887875,0.07390948139542663,0.17962419342675817,0.2094998901892997,0.0049694144169976084,0.28340937158472634,0.18459360784375578
griu,2022,0.0,0.16675703419243765,0.10297139439277059,0.10917234108500828,0.18043797719195576,0.0754212667587475,0.28340937158472634,0.18459360784375578
griu,2022,0.0,0.19473337271585694,0.0440760712592172,0.014682706599247641,0.23933330032550915,0.16991090124450814,0.28340937158472634,0.18459360784375578
griu,2022,0.0,0.14014275745109547,0.11514678730385075,0.003754806903105923,0.1682625842808756,0.18083880094064986,0.28340937158472634,0.18459360784375578
griu,2022,0.0,0.1880869334626063,0.6175243217662127,0.5486851555741712,-0.3341149501814864,-0.3640915477304154,0.28340937158472634,0.18459360784375578
griu,2022,0.0,0.06297883494990608,0.12140006993990138,0.21343943187685532,0.16200930164482497,-0.028845824033099543,0.28340937158472634,0.18459360784375578
griu,2022,0.0,0.18247442823433113,0.22465723118574443,0.1551625935205312,0.05875214039898191,0.02943101432322459,0.28340937158472634,0.18459360784375578
griu,2022,0.0,0.17602486476923626,0.16143741583308424,0.00030597505702623096,0.1219719557516421,0.18428763278672955,0.28340937158472634,0.18459360784375578
griu,2022,0.0,0.15440208809558176,0.09147912358759536,0.05676645074945341,0.3748884951723217,0.2413600585932092,0.28340937158472634,0.18459360784375578
griu,2022,0.0,0.13057579520829704,0.3239547623590342,0.20611481985493318,-0.040545390774307855,-0.021521212011177404,0.28340937158472634,0.18459360784375578
griu,2022,0.0,0.10974042317169477,0.24157809989634327,0.2440532154881132,0.041831271688383076,-0.059459607644357426,0.28340937158472634,0.18459360784375578
griu,2022,0.0,0.172353646646616,0.18137902597565114,0.06628312937019354,0.1020303456090752,0.2508767372139493,0.28340937158472634,0.18459360784375578
griu,2022,0.0,0.2979217170343166,0.48530958659512136,0.33340182552465114,-0.201900215010395,-0.14880821768089536,0.28340937158472634,0.18459360784375578
griu,2022,0.0,0.47276960648745475,0.3389066027288674,0.08952949755179329,-0.05549723114414107,0.09506411029196249,0.28340937158472634,0.18459360784375578
griu,2022,0.0,0.4295091370906297,0.4248164214493486,0.06439096621495732,-0.14140704986462227,0.2489845740587131,0.28340937158472634,0.18459360784375578
griu,2022,0.0,0.36210286183708934,0.3552457019046664,0.3451878850951071,-0.07183633031994008,-0.16059427725135134,0.28340937158472634,0.18459360784375578
griu,2022,0.0,0.2388458644251627,0.3107570985584327,0.10166323522220111,-0.027347726973706354,0.08293037262155467,0.28340937158472634,0.18459360784375578
griu,2022,0.0,0.26618170188172924,0.2207786576771409,0.13940866935293927,0.06263071390758546,0.32400227719669505,0.28340937158472634,0.18459360784375578
griu,2022,0.0,0.20499569480041716,0.24401839638894307,0.1962159938146093,0.03939097519578327,-0.011622385970853522,0.28340937158472634,0.18459360784375578
griu,2022,0.0,0.37995603079951573,0.31707511258710364,0.10300477489306381,-0.03366574100237729,0.08158883295069197,0.28340937158472634,0.18459360784375578
griu,2022,0.0,0.24575088519505303,0.4095002938150336,0.0732529023196995,-0.12609092223030727,0.11134070552405628,0.28340937158472634,0.18459360784375578
griu,2023,0.0,0.49338227752587593,0.39415139013102873,0.28906422606170645,0.18477846715288315,0.09468241441889402,-0.20937292297814558,-0.19438181164281243
griu,2023,0.0,0.21893236395965565,0.2965849468322146,0.14183610580223105,0.08721202385406901,-0.05254570584058138,-0.20937292297814558,-0.19438181164281243
griu,2023,0.0,0.3262976937600438,0.16861562521311857,0.414830609259087,-0.04075729776502701,0.22044879761627456,-0.20937292297814558,-0.19438181164281243
griu,2023,0.0,0.20234688595908223,0.34958097660540277,0.41644491675936646,0.1402080536272572,0.22206310511655403,-0.20937292297814558,-0.19438181164281243
griu,2023,0.0,0.21697912857617735,0.41741454207078554,0.4128994268016326,0.20804161909263996,0.21851761515882018,-0.20937292297814558,-0.19438181164281243
griu,2023,0.0,0.24246481216711158,0.33899157739205066,0.31483061643888055,0.12961865441390508,0.12044880479606812,-0.20937292297814558,-0.19438181164281243
griu,2023,0.0,0.23324068840308015,0.28416938547078674,0.3121195095911333,0.07479646249264116,0.1177376979483209,-0.20937292297814558,-0.19438181164281243
griu,2023,0.0,0.18909736152782106,0.353681827020472,0.29374797124248087,0.14430890404232644,0.09936615959966844,-0.20937292297814558,-0.19438181164281243
griu,2023,0.0,0.18340683262850307,0.17666984389485085,0.2233401815126772,-0.03270307908329473,0.028958369869864775,-0.20937292297814558,-0.19438181164281243
griu,2023,0.0,0.30659998372653974,0.3111564414372001,0.5303056009730631,0.10178351845905453,0.3359237893302507,-0.20937292297814558,-0.19438181164281243
griu,2023,0.0,0.2808911148489034,0.18402705681606735,0.32430207149523715,-0.025345866162078234,0.12992025985242472,-0.20937292297814558,-0.19438181164281243
griu,2023,0.0,0.22344781418659415,0.24213226024249757,0.13413151141902713,0.032759337264351984,-0.0602503002237853,-0.20937292297814558,-0.19438181164281243
griu,2023,0.0,0.23002998430433536,0.2901966353506027,0.41649821813413146,0.08082371237245711,0.22211640649131903,-0.20937292297814558,-0.19438181164281243
griu,2023,0.0,0.44434314759196114,0.21963197290590664,0.2827714868463884,0.010259049927761055,0.08838967520357599,-0.20937292297814558,-0.19438181164281243
griu,2023,0.0,0.2740279828415094,0.0640800285876586,0.22707691327456203,-0.14529289439048698,-0.42145872491737446,-0.20937292297814558,-0.19438181164281243
griu,2023,0.0,0.47370297982177495,0.21500163103400993,0.25850281681073684,0.005628708055864351,0.0641210051679244,-0.20937292297814558,-0.19438181164281243
griu,2023,0.0,0.3399369178165862,0.26824358479919796,0.12999422025355356,0.058870661821052384,-0.06438759138925887,-0.20937292297814558,-0.19438181164281243
griu,2023,0.0,0.20343249210947706,0.23207246582199792,0.01994686543138835,0.02269954284385234,-0.17443494621142408,-0.20937292297814558,-0.19438181164281243
griu,2023,0.0,0.3770430939013891,0.13656921633763064,0.12288979793198385,-0.07280370664051494,-0.3172716095747963,-0.20937292297814558,-0.19438181164281243
griu,2023,0.0,0.219894177621397,0.23925304580630868,0.007577264110998794,0.029880122828163103,-0.18680454753181364,-0.20937292297814558,-0.19438181164281243
griu,2023,0.0,0.21756198887449313,0.24262598812260716,0.10080301046834572,0.03325306514446158,-0.09357880117446671,-0.20937292297814558,-0.19438181164281243
griu,2023,0.0,0.2915093227282651,0.3365055189333841,0.162510737991846,0.12713259595523851,-0.03187107365096642,-0.20937292297814558,-0.19438181164281243
griu,2023,0.0,0.226313150858315,0.32528356563433025,0.23371463235641698,0.11591064265618467,0.039332820713604555,-0.20937292297814558,-0.19438181164281243
griu,2023,0.0,0.2354172133693241,0.09787259517721347,0.19197610559704037,-0.11150032780093211,-0.0024057060457720603,-0.20937292297814558,-0.19438181164281243
griu,2023,0.0,0.21817357950618907,0.2579057398630029,0.125046315887833,0.04853281688485733,-0.06933549575497944,-0.20937292297814558,-0.19438181164281243
griu,2023,0.0,0.37177486298645246,0.2948885047900083,0.3749418172796921,0.0855155818118627,0.18056000563687968,-0.20937292297814558,-0.19438181164281243
griu,2023,0.0,0.45176179845429676,0.3363470374406039,0.17269816798038162,0.12697411446245832,-0.021683643662430807,-0.20937292297814558,-0.19438181164281243
griu,2023,0.0,0.3365803466272289,0.10990029114019784,0.04727569676871024,-0.3192732141183434,-0.24165750841152267,-0.20937292297814558,-0.19438181164281243
griu,2023,0.0,0.5808691414735776,0.041152407839443406,0.3560366142674667,-0.250525330817589,0.16165480262465426,-0.20937292297814558,-0.19438181164281243
griu,2023,0.0,0.47385283386840404,0.11184882173353428,0.027020919290734913,-0.0975241012446113,-0.22140273093354734,-0.20937292297814558,-0.19438181164281243
griu,2023,0.0,0.31583102234206006,0.3011766933674447,0.09792112482045745,0.0918037703892991,-0.09646068682235498,-0.20937292297814558,-0.19438181164281243
griu,2023,0.0,0.3421459618091772,0.07176960160255597,0.27848431945059904,-0.13760332137558962,0.08410250780778661,-0.20937292297814558,-0.19438181164281243
griu,2023,0.0,0.2826580352655093,0.04633465192283159,0.02655879918171733,-0.163038271055314,-0.1678230124610951,-0.20937292297814558,-0.19438181164281243
griu,2023,0.0,0.3386214352015825,0.14471910472141847,0.09589645152618687,-0.35409202769956405,-0.09848536011662556,-0.20937292297814558,-0.19438181164281243
griu,2023,0.0,0.29514689579316017,0.019040935578851226,0.08789501901272612,-0.19033198739929436,-0.10648679263008631,-0.20937292297814558,-0.19438181164281243
griu,2024,0.0,0.34760888462035555,0.6561232654241689,0.33638990639790034,0.4373127161847239,0.45650179055934226,-0.21881054923944498,0.12011188416144192
griu,2024,0.0,0.4650010498769415,0.1685039482131918,0.11418406745018439,-0.05030660102625317,0.0059278167112575275,-0.21881054923944498,0.12011188416144192
griu,2024,0.0,0.3590911814179067,0.09206820200254562,0.22986906291032305,-0.12674234723689937,-0.10975717874888113,-0.21881054923944498,0.12011188416144192
griu,2024,0.0,0.4436340583633697,0.05267125646052451,0.27570654969178854,-0.16613929277892048,-0.15559466553034662,-0.21881054923944498,0.12011188416144192
griu,2024,0.0,0.4184318266638143,0.014809666840297275,0.43237856470387603,-0.23362021607974226,-0.3122666805424341,-0.21881054923944498,0.12011188416144192
griu,2024,0.0,0.35663949656826527,0.10541259682153958,0.357246644002827,-0.1133979524179054,-0.2371347598413851,-0.21881054923944498,0.12011188416144192
griu,2024,0.0,0.7228048887680232,0.16478254922655822,0.08330355265501099,-0.05402800001288677,0.036808331506430925,-0.21881054923944498,0.12011188416144192
griu,2024,0.0,0.35819019740584274,0.013218250011155508,0.3670026519238361,-0.20559229922828948,-0.24689076776239416,-0.21881054923944498,0.12011188416144192
griu,2024,0.0,0.435926350351984,0.004582485651088319,0.461342859779605,-0.2233930348905333,-0.34123097561816307,-0.21881054923944498,0.12011188416144192
griu,2024,0.0,0.3648974290626781,0.004428453519307762,0.15145385442065606,-0.21438209572013722,-0.03134197025921415,-0.21881054923944498,0.12011188416144192
griu,2024,0.0,0.4971383417529259,0.07356952439551945,0.23719470771572526,-0.14524102484392554,-0.11708282355428334,-0.21881054923944498,0.12011188416144192
griu,2024,0.0,0.49082684367839635,0.15700452062565073,0.2584870974836613,-0.06180602861379425,-0.13837521332221936,-0.21881054923944498,0.12011188416144192
griu,2024,0.0,0.3650462494756269,0.040966759919284,0.27752452886107504,-0.17784378932016098,-0.15741264469963312,-0.21881054923944498,0.12011188416144192
griu,2024,0.0,0.36833950937435594,0.5093006743233204,0.5120564361619016,0.2904901250838754,0.6321683203233435,-0.21881054923944498,0.12011188416144192
griu,2024,0.0,0.19439367134201593,0.22323904627599678,0.41329527543930933,0.004428497036551793,-0.2931833912778674,-0.21881054923944498,0.12011188416144192
griu,2024,0.0,0.3384120533438741,0.3432593897344667,0.002789337308910511,0.1244488404950217,0.12290122147035243,-0.21881054923944498,0.12011188416144192
griu,2024,0.0,0.3640273124221777,0.5592051913894083,0.3338594157098531,0.3403946421499633,0.45397129987129503,-0.21881054923944498,0.12011188416144192
griu,2024,0.0,0.6633631600400658,0.3970754462377286,0.14310569066263712,0.17826489699828363,-0.022993806501195202,-0.21881054923944498,0.12011188416144192
griu,2024,0.0,0.5636166335277084,0.4318472666468045,0.08371884255813988,0.21303671740735952,0.036393041603302034,-0.21881054923944498,0.12011188416144192
griu,2024,0.0,0.3956528461217088,0.29370222098161936,0.3048877000781385,0.07489167174217437,-0.18477581591669656,-0.21881054923944498,0.12011188416144192
griu,2024,0.0,0.41765467200269474,0.2335594639292684,0.24812559534355128,0.014748914689823422,-0.12801371118210936,-0.21881054923944498,0.12011188416144192
griu,2024,0.0,0.2201450108764187,0.4881686268911305,0.03819127161412883,0.2693580776516855,0.15830315577557075,-0.21881054923944498,0.12011188416144192
griu,2024,0.0,0.590590533655525,0.2250100163159594,0.22086127768963948,0.00619946707651442,-0.10074939352819756,-0.21881054923944498,0.12011188416144192
griu,2024,0.0,0.41533926350304673,0.20672185794302012,0.11627299208961617,-0.01208869129642487,0.00383889207182575,-0.21881054923944498,0.12011188416144192
griu,2024,0.0,0.5320707453361162,0.02300926501205902,0.5822481898562701,-0.241819814251504,-0.4621363056948282,-0.21881054923944498,0.12011188416144192
griu,2024,0.0,0.3022922688177118,0.3242193100915678,0.12572155996769174,0.10540876085212281,0.24583344412913366,-0.21881054923944498,0.12011188416144192
griu,2024,0.0,0.5599982831717247,0.4411995256253083,0.07387634731664505,0.2223889763858633,0.046235536844796865,-0.21881054923944498,0.12011188416144192
griu,2024,0.0,0.492360280141061,0.01722366288327626,0.017405011967596362,-0.23603421212272124,0.10270687219384556,-0.21881054923944498,0.12011188416144192
griu,2024,0.0,0.3415972743785006,0.06135313493599259,0.0032106984870656774,-0.1574574143034524,0.1233225826485076,-0.21881054923944498,0.12011188416144192
griu,2024,0.0,0.6742921832905726,0.3140654812014958,0.1292308429849074,0.09525493196205082,-0.009118958823465473,-0.21881054923944498,0.12011188416144192
griu,2024,0.0,0.2866107188688303,0.4956976564054827,0.020313311292595504,0.2768871071660377,0.09979857286884641,-0.21881054923944498,0.12011188416144192
griu,2024,0.0,0.29115733985334286,0.3536686992100404,0.2893801097044735,0.13485814997059542,0.4094919938659154,-0.21881054923944498,0.12011188416144192
griu,2024,0.0,0.6398805954501859,0.2950916129228931,0.1798395352717339,0.07628106368344811,-0.05972765111029199,-0.21881054923944498,0.12011188416144192
griu,2024,0.0,0.41004546034848816,0.0318654577944546,0.037619572825533076,-0.2506760070338996,0.08249231133590884,-0.21881054923944498,0.12011188416144192
griu,2024,0.0,0.3619443769672463,0.02472581388081796,0.029020354027502027,-0.19408473535862703,0.09109153013393989,-0.21881054923944498,0.12011188416144192
griu,2025,0.0,0.3197146879832693,0.45815556073636143,0.560086763750701,0.21301663688458516,0.2847808853504241,-0.24513892385177627,-0.27530587840027687
griu,2025,0.0,0.2906845936209327,0.5489769368064299,0.6038145895048199,0.3038380129546536,0.32850871110454305,-0.24513892385177627,-0.27530587840027687
griu,2025,0.0,0.5084655483595617,0.027062067053652772,0.2056044981147238,-0.27220099090542904,-0.06970138028555306,-0.24513892385177627,-0.27530587840027687
griu,2025,0.0,0.3177586557774875,0.3244192210921173,0.4075608478087154,0.07928029724034102,0.1322549694084385,-0.24513892385177627,-0.27530587840027687
griu,2025,0.0,0.26341331941597534,0.25954864917956977,0.260196643320866,0.014409725327793499,-0.015109235079410865,-0.24513892385177627,-0.27530587840027687
griu,2025,0.0,0.374239654418331,0.1420484492761509,0.10460527612667336,-0.10309047457562537,-0.1707006022736035,-0.24513892385177627,-0.27530587840027687
griu,2025,0.0,0.2048473868902226,0.2734541092951832,0.39355351315917586,0.028315185443406943,0.11824763475889899,-0.24513892385177627,-0.27530587840027687
griu,2025,0.0,0.17997595869912755,0.17483941853277463,0.3006917242386642,-0.07029950531900164,0.025385845838387322,-0.24513892385177627,-0.27530587840027687
griu,2025,0.0,0.15060710801775756,0.19012994492297208,0.2049641655447605,-0.055008978928804186,-0.07034171285551638,-0.24513892385177627,-0.27530587840027687
griu,2025,0.0,0.6107571034443577,0.11292871624676248,0.33233871606857335,-0.13221020760501379,0.05703283766829648,-0.24513892385177627,-0.27530587840027687
griu,2025,0.0,0.2642227516738055,0.17784153820838,0.22511262753897698,-0.06729738564339627,-0.05019325086129989,-0.24513892385177627,-0.27530587840027687
griu,2025,0.0,0.19424229973338297,0.266594802118548,0.198219208457441,0.021455878266771755,-0.07708666994283586,-0.24513892385177627,-0.27530587840027687
griu,2025,0.0,0.25554386065932366,0.12217120398804804,0.24211345968382592,-0.12296771986372823,-0.033192418716450955,-0.24513892385177627,-0.27530587840027687
griu,2025,0.0,0.40758004491507716,0.28449210616151976,0.7462994426700305,0.039353182309743495,0.4709935642697536,-0.24513892385177627,-0.27530587840027687
griu,2025,0.0,0.27193894510360955,0.5699875109083368,0.34207223576023216,0.3248485870565605,0.06676635735995529,-0.24513892385177627,-0.27530587840027687
griu,2025,0.0,0.5251437780102927,0.32539277861486093,0.32528883473149683,0.08025385476308466,0.04998295633121996,-0.24513892385177627,-0.27530587840027687
griu,2025,0.0,0.4000805223621257,0.37513314599863845,0.35351135850126525,0.12999422214686218,0.07820548010098838,-0.24513892385177627,-0.27530587840027687
griu,2025,0.0,0.3636873031370461,0.30340865077494117,0.2763169069191487,0.0582697269231649,0.0010110285188718038,-0.24513892385177627,-0.27530587840027687
griu,2025,0.0,0.25245456502532615,0.30717552547954874,0.21118165720002446,0.06203660162777247,-0.06412422120025241,-0.24513892385177627,-0.27530587840027687
griu,2025,0.0,0.24124497351910928,0.30785232432388776,0.09387496815346363,0.06271340047211149,-0.18143091024681324,-0.24513892385177627,-0.27530587840027687
griu,2025,0.0,0.41227009789452485,0.3150962200882015,0.18555962733303977,0.06995729623642521,-0.0897462510672371,-0.24513892385177627,-0.27530587840027687
griu,2025,0.0,0.4150449882399184,0.331522823749387,0.16330758278440305,0.08638389989761075,-0.11199829561587382,-0.24513892385177627,-0.27530587840027687
griu,2025,0.0,0.4823845214591665,0.4540114848232295,0.16833748004516247,0.20887256097145324,-0.1069683983551144,-0.24513892385177627,-0.27530587840027687
griu,2025,0.0,0.21568132054381958,0.09258266195337805,0.14882172390101633,-0.15255626189839822,-0.12648415449926054,-0.24513892385177627,-0.27530587840027687
griu,2025,0.0,0.22156464266479237,0.26653966775197446,0.17378639738245294,0.021400743900198194,-0.10151948101782393,-0.24513892385177627,-0.27530587840027687
griu,2025,0.0,0.18870956507964953,0.22551828287528464,0.37324462426745786,-0.019620640976491632,0.09793874586718099,-0.24513892385177627,-0.27530587840027687
griu,2025,0.0,0.55814938667654,0.36779429557997956,0.40772078159366876,0.12265537172820329,0.1324149031933919,-0.24513892385177627,-0.27530587840027687
griu,2025,0.0,0.23690401126090643,0.068183305568696,0.6158018321184207,-0.17695561828308026,0.3404959537181438,-0.24513892385177627,-0.27530587840027687
griu,2025,0.0,0.6314077238226476,0.16687133655593112,0.2599794201713914,-0.07826758729584515,-0.015326458228885453,-0.24513892385177627,-0.27530587840027687
griu,2025,0.0,0.45013323499917013,0.09366517402703556,0.308750814145641,-0.1514737498247407,0.03344493574536411,-0.24513892385177627,-0.27530587840027687
griu,2025,0.0,0.2882014428037536,0.3663376291887541,0.13596520210432983,0.12119870533697785,-0.13934067629594704,-0.24513892385177627,-0.27530587840027687
griu,2025,0.0,0.5027996747965068,0.32500889149002665,0.2437282618340202,0.07986996763825038,-0.03157761656625668,-0.24513892385177627,-0.27530587840027687
griu,2025,0.0,0.2550091146110982,0.2223169585633049,0.1849962842693187,-0.4674558824150812,-0.09030959413095818,-0.24513892385177627,-0.27530587840027687
griu,2025,0.0,0.24065403548262587,0.08195572063808676,0.018569808018266798,-0.1631832032136895,-0.2567360703820101,-0.24513892385177627,-0.27530587840027687
griu,2025,0.0,0.5623049268957964,0.1496032734741184,0.1402715332124651,-0.09553565037765788,-0.415577411612742,-0.24513892385177627,-0.27530587840027687
legume,2007,0.0,0.2715842386384185,0.3608821333923342,0.37148555188292587,0.24668113715697393,0.6272375552812299,0.6075632705493081,0.9987231071641558
legume,2007,0.0,0.33336504667545,0.016463603866225363,1.0905453775970928,0.6240268744155335,-0.091822270432937,0.6075632705493081,0.9987231071641558
legume,2007,0.0,0.22133410313328375,0.10887892956172696,0.2633671711597678,0.7164422001110351,0.735355936004388,0.6075632705493081,0.9987231071641558
legume,2007,0.0,0.2722681187070245,0.8282492468535683,0.7293024976446794,-0.22068597630426012,0.26942060951947644,0.6075632705493081,0.9987231071641558
legume,2007,0.0,0.33401972365606447,0.35602497548482237,0.49519523293656054,0.2515382950644858,0.5035278742275953,0.6075632705493081,0.9987231071641558
legume,2007,0.0,0.28108155743817276,0.14552057217840808,0.3277410621072048,0.7530838427277162,1.3264641692713606,0.6075632705493081,0.9987231071641558
legume,2007,0.0,0.36900404291088484,0.07180163150287511,0.6869347349559058,0.535761639046433,0.31178837220824995,0.6075632705493081,0.9987231071641558
legume,2007,0.0,0.31947975568604303,0.9084944367777892,1.3246136178980015,-0.30093116622848104,-0.3258905107338457,0.6075632705493081,0.9987231071641558
legume,2007,0.0,0.3076076189357702,0.22782238514995434,0.3019225431514361,0.3797408853993538,0.6968005640127197,0.6075632705493081,0.9987231071641558
legume,2007,0.0,0.294903623656478,0.10575154240402629,0.08581132455974316,0.5018117281452819,0.9129117826044126,0.6075632705493081,0.9987231071641558
legume,2007,0.0,0.31327526256034893,0.049097243768386534,0.32547767487833346,0.5584660267809216,0.6732454322858223,0.6075632705493081,0.9987231071641558
legume,2007,0.0,0.2672237039493252,0.2758285735137429,0.730498320968783,0.33173469703556524,0.2682247861953728,0.6075632705493081,0.9987231071641558
legume,2007,0.0,0.27502308400472014,0.9263517852572267,1.9505539787993955,-0.3187885147079186,-0.9518308716352397,0.6075632705493081,0.9987231071641558
legume,2007,0.0,0.5905419690098931,1.0037504407015159,1.520570826784072,-0.3961871701522077,-0.5218477196199163,0.6075632705493081,0.9987231071641558
legume,2007,0.0,0.3653483579227167,0.12103463480331644,0.6234753189284525,0.4865286357459917,0.37524778823570326,0.6075632705493081,0.9987231071641558
legume,2007,0.0,0.6537307457018076,0.5606742964115363,1.4220216441346558,0.04688897413777182,-0.4232985369705,0.6075632705493081,0.9987231071641558
legume,2007,0.0,0.6757463000914156,1.286719638613072,1.5499754731487179,-0.6791563680637638,-0.5512523659845621,0.6075632705493081,0.9987231071641558
legume,2007,0.0,0.367965829414899,0.6983252002828522,0.6866102742845124,1.3058884708321603,0.3121128328796434,0.6075632705493081,0.9987231071641558
legume,2007,0.0,0.34735489907474737,0.3159862695120408,0.5643141253739605,0.29157700103726736,0.43440898179019527,0.6075632705493081,0.9987231071641558
legume,2007,0.0,0.3522114832229848,0.5717403452091614,0.3105073386005017,1.1793036157584695,0.6882157685636541,0.6075632705493081,0.9987231071641558
legume,2007,0.0,0.3687133086081702,0.10571641262743414,0.8028837210298447,0.501846857921874,0.19583938613431107,0.6075632705493081,0.9987231071641558
legume,2007,0.0,0.39346088183325395,1.5144895429401979,1.9506821441996487,-0.9069262723908897,-0.9519590370354929,0.6075632705493081,0.9987231071641558
legume,2007,0.0,0.3358393994455835,0.8905378521949947,1.3685890524555653,-0.28297458164568656,-0.3698659452914095,0.6075632705493081,0.9987231071641558
legume,2007,0.0,0.3268147391043714,0.5973009085225565,1.3904380030443546,0.010262362026751681,-0.3917148958801988,0.6075632705493081,0.9987231071641558
legume,2007,0.0,0.32281928179147557,1.1189398909650148,1.2166487079327686,-0.5113766204157066,-0.21792560076861278,0.6075632705493081,0.9987231071641558
legume,2007,0.0,0.2337753241906803,0.7751839172759634,0.6322735617019988,-0.16762064672665522,0.366449545462157,0.6075632705493081,0.9987231071641558
legume,2007,0.0,0.8893994924119702,0.2460203432656609,0.3476080385891249,0.36154292728364723,0.6511150685750309,0.6075632705493081,0.9987231071641558
legume,2007,0.0,0.6975278139043494,3.8716371215632672,4.060858701175458,-3.264073851013959,-3.0621355940113024,0.6075632705493081,0.9987231071641558
legume,2007,0.0,0.9335156526823962,0.10953667644851484,0.2018400977243786,0.717099946997823,0.7968830094397772,0.6075632705493081,0.9987231071641558
legume,2007,0.0,0.7016016347524039,0.14457917189635516,0.2832914857105253,0.462984098652953,0.7154316214536305,0.6075632705493081,0.9987231071641558
legume,2007,0.0,0.43064329106521837,2.771112632475141,2.9732921190719077,-2.163549361925833,-1.974569011907752,0.6075632705493081,0.9987231071641558
legume,2007,0.0,0.7464811882921121,0.5383411592683682,0.9029717978920453,0.06922211128093991,0.09575130927211051,0.6075632705493081,0.9987231071641558
legume,2007,0.0,0.26023518641677257,0.7622494653963625,0.7695428751243498,-0.15468619484705437,0.22918023203980598,0.6075632705493081,0.9987231071641558
legume,2007,0.0,0.7810633842963816,1.8729775686726668,2.256916484517288,-1.2654142981233587,-1.2581933773531322,0.6075632705493081,0.9987231071641558
legume,2007,0.0,0.9504565157527505,0.3076245755624929,1.0920299949959178,0.29993869498681525,-0.093306887831762,0.6075632705493081,0.9987231071641558
legume,2008,0.0,0.26459942087002664,0.28489000898028083,0.0397386302160494,-0.5760162889581699,-0.10275491419260208,-0.2911262799778891,-0.06301628397655268
legume,2008,0.0,0.18671930716405324,0.1425502135762189,1.1180719677959208,-0.433676493554108,-1.1810882517724735,-0.2911262799778891,-0.06301628397655268
legume,2008,0.021705181473093305,0.4837891998768328,0.06577528454274617,0.6302187481616066,-0.22535099543514292,-0.6932350321381593,-0.2911262799778891,-0.06301628397655268
legume,2008,0.0,0.4654834879943094,1.1015778677870705,0.34320956400076774,0.8104515878091814,0.28019328002421506,-0.2911262799778891,-0.06301628397655268
legume,2008,0.0,0.35865450307933894,0.3378902416542786,0.11869110039363484,0.04676396167638952,0.05567481641708216,-0.2911262799778891,-0.06301628397655268
legume,2008,0.0,0.30782268328892665,0.5411802260578265,0.17107621919804572,0.25005394607993736,0.10805993522149304,-0.2911262799778891,-0.06301628397655268
legume,2008,0.0,0.19368970456176812,0.6364364676742409,0.23131243334755558,0.3453101876963518,-0.29432871732410826,-0.2911262799778891,-0.06301628397655268
legume,2008,0.0,0.2962542898673691,0.612028368481337,0.16981508153703473,0.3209020885034479,0.10679879756048205,-0.2911262799778891,-0.06301628397655268
legume,2008,0.0,0.18809688782876838,0.020784982885073244,0.29761698407697246,-0.27034129709281585,-0.36063326805352514,-0.2911262799778891,-0.06301628397655268
legume,2008,0.0,0.347095680686886,0.27931617206216597,0.2398151858175055,-0.011810107915723123,0.17679890184095282,-0.2911262799778891,-0.06301628397655268
legume,2008,0.0,0.45561742900204205,0.49058772767748593,0.04921545565496466,0.19946144769959684,-0.11223173963151734,-0.2911262799778891,-0.06301628397655268
legume,2008,0.0,0.23103663816409942,0.3185943947817069,0.4077621463376815,0.027468114803817834,0.3447458623611288,-0.2911262799778891,-0.06301628397655268
legume,2008,0.0,0.30219660350963207,0.1732045073452264,0.41958752253288045,-0.11792177263266268,-0.48260380650943313,-0.2911262799778891,-0.06301628397655268
legume,2008,0.0,0.20381700973658137,0.0006065457329613722,0.6581690038346366,-0.2905197342449277,-0.7211852878111893,-0.2911262799778891,-0.06301628397655268
legume,2008,0.0,0.2393524501523264,0.3983433375825003,0.39610050993619605,0.1072170576046112,0.3330842259596434,-0.2911262799778891,-0.06301628397655268
legume,2008,0.0,0.25133571559989754,0.1801326879248415,0.018894463526370142,-0.1109935920530476,-0.08191074750292282,-0.2911262799778891,-0.06301628397655268
legume,2008,0.0,0.24829183958621157,0.04499127556015381,0.40370798806776165,-0.24613500441773528,0.34069170409120897,-0.2911262799778891,-0.06301628397655268
legume,2008,0.0,0.13599447126110384,1.1017232498314726,0.41833581152141397,0.8105969698535835,0.3553195275448613,-0.2911262799778891,-0.06301628397655268
legume,2008,0.0,0.25964434741433917,0.16568195556927012,0.021086062567007957,-0.4568082355471592,-0.08410234654356064,-0.2911262799778891,-0.06301628397655268
legume,2008,0.0,0.31406759049536376,1.8001255455738567,1.2373235452578406,1.5089992655959676,1.174307261281288,-0.2911262799778891,-0.06301628397655268
legume,2008,0.0,0.26540381893884185,0.7124796231253003,0.5455155258563629,0.42135334314741124,0.4824992418798102,-0.2911262799778891,-0.06301628397655268
legume,2008,0.0,0.2357617620867131,0.025131619571184594,0.45445990582999274,-0.2659946604067045,-0.5174761898065454,-0.2911262799778891,-0.06301628397655268
legume,2008,0.0,0.27250061450522145,0.710517357598845,0.6433757766564518,0.41939107762095595,0.5803594926798992,-0.2911262799778891,-0.06301628397655268
legume,2008,0.0,0.19668647874796918,0.36870873212962607,0.05402867803002387,0.07758245215173698,-0.11704496200657655,-0.2911262799778891,-0.06301628397655268
legume,2008,0.0,0.3652361980579977,0.2985386407617492,0.20456398106405338,-0.5896649207396383,-0.26758026504060606,-0.2911262799778891,-0.06301628397655268
legume,2008,0.0,0.3368077553887117,0.1559222094389776,0.11617204000413484,-0.4470484894168667,-0.17918832398068751,-0.2911262799778891,-0.06301628397655268
legume,2008,0.0,0.2492755415288026,0.2720776503341851,0.3577246287563165,-0.019048629643704018,0.2947083447797638,-0.2911262799778891,-0.06301628397655268
legume,2008,0.0,0.3050421890562056,0.24527576604109047,0.5473696960109518,-0.04585051393679862,0.4843534120343991,-0.2911262799778891,-0.06301628397655268
legume,2008,0.0,0.23797571431528275,0.7168412302172378,0.5461156709335526,0.4257149502393487,0.48309938695699994,-0.2911262799778891,-0.06301628397655268
legume,2008,0.0,0.18732124570984868,0.3468632933468587,0.5576196691086683,0.055737013368969635,0.49460338513211566,-0.2911262799778891,-0.06301628397655268
legume,2008,0.0,0.30210305450270925,0.8018365312111437,0.8564501633255439,0.5107102512332546,0.7934338793489912,-0.2911262799778891,-0.06301628397655268
legume,2008,0.0,0.18552193776674786,1.1270402224752134,1.290532693420797,-1.4181665024531025,-1.3535489773973497,-0.2911262799778891,-0.06301628397655268
legume,2008,0.0,0.24132522217483743,0.17166404694662152,0.08265484004735679,-0.4627903269245106,0.019638556070804114,-0.2911262799778891,-0.06301628397655268
legume,2008,0.0,0.22533097776678845,0.4957330146074508,0.2899491903514977,-0.7868592945853399,-0.35296547432805037,-0.2911262799778891,-0.06301628397655268
legume,2008,0.0,0.28911372889134274,0.7284094248514914,0.056524576830696116,0.4372831448736023,-0.006491707145856562,-0.2911262799778891,-0.06301628397655268
legume,2009,0.0,0.4126011490856024,0.768471349332247,0.49448139537944114,-0.7536404395640948,-0.4529695786960244,0.014830909768152267,0.04151181668341675
legume,2009,0.0,0.35546411419264035,1.4184184111183713,0.31650178229262815,1.4332493208865236,0.3580135989760449,0.014830909768152267,0.04151181668341675
legume,2009,0.0,0.30170260017820294,0.5524296253160097,0.0033544650908483575,0.567260535084162,0.044866281774265104,0.014830909768152267,0.04151181668341675
legume,2009,0.0,0.28935786176824313,0.44146418801280696,0.08738645949800183,0.4562950977809592,-0.04587464281458509,0.014830909768152267,0.04151181668341675
legume,2009,0.0,0.5330585718162624,0.19340336637575817,0.05614692757757034,-0.1785724566076059,-0.014635110894153591,0.014830909768152267,0.04151181668341675
legume,2009,0.0,0.2254923743292218,0.009680671922197792,0.25149802397741094,0.02451158169035006,-0.2099862072939942,0.014830909768152267,0.04151181668341675
legume,2009,0.0,0.32618434137742297,0.7473547497432107,0.15289881098585756,0.762185659511363,0.1944106276692743,0.014830909768152267,0.04151181668341675
legume,2009,0.0,0.45563291400934186,0.8109233734125687,0.9987059460863841,0.825754283180721,1.0402177627698008,0.014830909768152267,0.04151181668341675
legume,2009,0.0,0.3960830386713036,0.06717418857400848,0.4518627514450473,0.08200509834216074,0.49337456812846403,0.014830909768152267,0.04151181668341675
legume,2009,0.0,0.41179937275405837,0.23669870827211437,0.19875614142728715,-0.2218677985039621,-0.1572443247438704,0.014830909768152267,0.04151181668341675
legume,2009,0.0,0.2748871738000659,0.07698757761844632,0.045313789197955145,-0.062156667850294056,-0.0038019725145383987,0.014830909768152267,0.04151181668341675
legume,2009,0.0,0.4641275385296552,0.06773400826850917,0.22766507499424193,0.08256491803666144,0.2691768916776587,0.014830909768152267,0.04151181668341675
legume,2009,0.0,0.8023431866338662,0.31665665025218503,0.7396059140030231,-0.30182574048403277,-0.6980940973196064,0.014830909768152267,0.04151181668341675
legume,2009,0.0,0.4848454746873355,0.23767964969923128,0.23046974475660065,-0.222848739931079,-0.1889579280731839,0.014830909768152267,0.04151181668341675
legume,2009,0.0,0.2747531785692038,1.0063674922511954,0.5949872194390311,1.0211984020193476,0.6364990361224478,0.014830909768152267,0.04151181668341675
legume,2009,0.0,0.5295446263308661,0.2050897089482273,0.08233441189115309,-0.19025879918007504,0.12384622857456984,0.014830909768152267,0.04151181668341675
legume,2009,0.0,0.5197735956835233,1.0459423789189994,0.40629432178054525,-1.0311114691508472,-0.3647825050971285,0.014830909768152267,0.04151181668341675
legume,2009,0.0,0.2760739145422989,0.73184019739083,0.1509248038259603,0.7466711071589822,-0.10941298714254355,0.014830909768152267,0.04151181668341675
legume,2009,0.0,0.43325664315990603,0.10771534712331388,0.6138812382935068,0.12254625689146614,0.6553930549769236,0.014830909768152267,0.04151181668341675
legume,2009,0.0,0.18225354934539442,2.3501969605558486,2.462428337420281,-2.335366050787696,-2.4209165207368644,0.014830909768152267,0.04151181668341675
legume,2009,0.0,0.40558496655920023,1.1050487259848483,0.9249401037640688,1.1198796357530005,0.9664519204474855,0.014830909768152267,0.04151181668341675
legume,2009,0.0,0.6297126432018174,0.06479689688073265,0.30106748882870615,0.07962780664888491,-0.2595556721452894,0.014830909768152267,0.04151181668341675
legume,2009,0.0,0.29299029339416344,0.8251672678853064,0.7242005639198306,0.8399981776534586,0.7657123806032473,0.014830909768152267,0.04151181668341675
legume,2009,0.0,0.550523568640598,0.05516343351441044,0.10991317664146916,0.06999434328256271,-0.06840135995805241,0.014830909768152267,0.04151181668341675
legume,2009,0.0,0.37444133194090495,0.5489671585298881,0.2489669230985374,-0.5341362487617358,-0.20745510641512066,0.014830909768152267,0.04151181668341675
legume,2009,0.0,0.2263566988616072,0.041794075026834854,0.14710078916772762,0.05662498479498712,0.18861260585114437,0.014830909768152267,0.04151181668341675
legume,2009,0.0,0.4691829873156377,0.24000898920787517,0.06951849773485907,-0.2251780794397229,0.11103031441827582,0.014830909768152267,0.04151181668341675
legume,2009,0.0,0.6722351981766493,0.5479632987987344,0.4314986797907938,-0.5331323890305821,-0.38998686310737707,0.014830909768152267,0.04151181668341675
legume,2009,0.0,0.6560069607783902,0.028399837393118688,0.2394550329210028,0.043230747161270955,0.28096684960441953,0.014830909768152267,0.04151181668341675
legume,2009,0.0,0.46381512358663957,0.05135879617647188,0.1813159000698512,-0.03652788640831961,0.22282771675326796,0.014830909768152267,0.04151181668341675
legume,2009,0.0,0.42087833075283976,0.8158466153725157,0.2864889072265733,-0.8010157056043634,-0.24497709054315653,0.014830909768152267,0.04151181668341675
legume,2009,0.0,0.3725357439280089,1.3315247839062683,0.9556996545431775,-1.316693874138116,-0.9141878378597608,0.014830909768152267,0.04151181668341675
legume,2009,0.0,0.7069617632251164,0.26767423352233877,1.0999843945005576,0.28250514329049103,1.1414962111839744,0.014830909768152267,0.04151181668341675
legume,2009,0.0,0.38608497700952193,0.4167080110285921,0.044984306100932514,0.4315389207967444,0.08649612278434926,0.014830909768152267,0.04151181668341675
legume,2009,0.0,0.4278808045239629,0.3181405842897709,0.8696641836438164,-0.3033096745216186,-0.8281523669603996,0.014830909768152267,0.04151181668341675
legume,2010,0.0,0.8676348957241447,0.157241578283684,0.004667605388059215,-0.23991654547241215,0.1438733582631775,-0.08267496718872813,0.13920575287511827
legume,2010,0.0,0.826668501052177,0.48097072162851795,0.3054259261660257,0.3982957544397898,-0.16622017329090744,-0.08267496718872813,0.13920575287511827
legume,2010,0.0,0.1628586078287591,0.004415512087146745,0.34807856836163076,-0.07825945510158139,-0.2088728154865125,-0.08267496718872813,0.13920575287511827
legume,2010,0.0,0.2573624420742801,0.6263096354784969,0.037619527851019186,0.5436346682897688,0.10158622502409909,-0.08267496718872813,0.13920575287511827
legume,2010,0.0,0.39904326830845116,0.034085731214754666,0.3012594109091653,-0.048589235973973466,-0.16205365803404703,-0.08267496718872813,0.13920575287511827
legume,2010,0.0,0.2717459103872312,0.17532700499428788,0.3231393157736804,0.09265203780555975,-0.1839335628985621,-0.08267496718872813,0.13920575287511827
legume,2010,0.0,0.6936174010049447,0.731263918501837,0.23021310508087334,0.6485889513131089,0.3694188579559916,-0.08267496718872813,0.13920575287511827
legume,2010,0.0,0.7609327813203436,0.34620345721437396,0.26242031163825796,-0.4288784244031021,-0.12321455876313969,-0.08267496718872813,0.13920575287511827
legume,2010,0.0,0.6883810919931799,0.17014312340907045,0.06360343902476151,-0.2528180905977986,0.07560231385035676,-0.08267496718872813,0.13920575287511827
legume,2010,0.0,0.1751571864361552,0.5071543893287602,0.35496230460751743,0.4244794221400321,0.4941680574826357,-0.08267496718872813,0.13920575287511827
legume,2010,0.0,0.8457005394581711,0.2434361403759988,0.6574681289853075,-0.32611110756472694,-0.5182623761101892,-0.08267496718872813,0.13920575287511827
legume,2010,0.0,0.8089387726904856,0.0022869085175107884,0.009486347588926414,-0.08496187570623892,0.14869210046404469,-0.08267496718872813,0.13920575287511827
legume,2010,0.0,0.3597356941718166,0.2375473563551811,0.44007510610897427,0.15487238916645296,-0.300869353233856,-0.08267496718872813,0.13920575287511827
legume,2010,0.0,0.4493760735057907,0.09146936892952073,0.44978129885136653,0.008794401740792601,-0.31057554597624826,-0.08267496718872813,0.13920575287511827
legume,2010,0.0,0.8338028126039287,0.3043747896223765,0.3226546574671527,0.22169982243364839,0.461860410342271,-0.08267496718872813,0.13920575287511827
legume,2010,0.0,0.5094555725363649,0.14945029598042492,0.23546405654485092,0.06677532879169679,-0.09625830366973265,-0.08267496718872813,0.13920575287511827
legume,2010,0.0,0.5075456784372565,0.644703455564819,0.8757087240097339,-0.7273784227535471,-0.7365029711346156,-0.08267496718872813,0.13920575287511827
legume,2010,0.0,0.5958513916648851,0.041597152851826635,0.4878802352632654,-0.12427212004055477,-0.34867448238814713,-0.08267496718872813,0.13920575287511827
legume,2010,0.0,0.7259103965020917,0.53539851033013,0.7843814680866816,0.45272354314140184,0.9235872209617999,-0.08267496718872813,0.13920575287511827
legume,2010,0.0,0.8505720515536938,0.9814128480865074,0.33061982187157923,0.8987378808977793,0.4698255747466975,-0.08267496718872813,0.13920575287511827
legume,2010,0.0,0.8249272001299612,0.8920843000115379,0.4258332204323265,0.8094093328228098,0.5650389733074448,-0.08267496718872813,0.13920575287511827
legume,2010,0.0,0.5437168786614334,0.5548669061394937,1.1784339590811603,-0.6375418733282219,-1.039228206206042,-0.08267496718872813,0.13920575287511827
legume,2010,0.0,0.8838040166866667,0.843728478347705,0.9942458837961743,-0.9264034455364332,-0.855040130921056,-0.08267496718872813,0.13920575287511827
legume,2010,0.0,0.7853000409315176,0.11841591020044673,0.40172608133677024,0.035740943011718596,-0.26252032846165196,-0.08267496718872813,0.13920575287511827
legume,2010,0.0,0.827346946461161,0.041455053834123845,0.347198101569024,-0.12413002102285198,0.48640385444414225,-0.08267496718872813,0.13920575287511827
legume,2010,0.0,0.7050957587323432,0.44875504598984683,0.020008790084213857,-0.531430013178575,0.15921454295933213,-0.08267496718872813,0.13920575287511827
legume,2010,0.0,0.5267006293147063,0.25967573501124175,0.2738593905241187,0.17700076782251362,0.41306514339923694,-0.08267496718872813,0.13920575287511827
legume,2010,0.0,0.4088851232505588,0.3277548311057412,0.006445960886821034,-0.41042979829446935,0.1456517137619393,-0.08267496718872813,0.13920575287511827
legume,2010,0.0,0.43144836211412996,0.39292920126094444,0.22456657402635738,0.3102542340722163,0.36377232690147565,-0.08267496718872813,0.13920575287511827
legume,2010,0.0,0.6009813227271508,0.046142573630144845,0.2137911379839501,-0.12881754081887298,-0.07458538510883184,-0.08267496718872813,0.13920575287511827
legume,2010,0.0,0.4119469112219383,1.7517846486733073,1.4271524795946138,-1.8344596158620354,-1.2879467267194955,-0.08267496718872813,0.13920575287511827
legume,2010,0.0,0.6362420127606148,0.42853442936743846,0.7376927543655816,-0.5112093965561666,-0.5984870014904633,-0.08267496718872813,0.13920575287511827
legume,2010,0.0,0.41156083061442705,0.3467527644803843,0.07145939738276663,-0.4294277316691124,0.06774635549235164,-0.08267496718872813,0.13920575287511827
legume,2010,0.0,0.44541305897079797,1.8056742244719501,1.1013503642406768,1.722999257283222,1.240556117115795,-0.08267496718872813,0.13920575287511827
legume,2010,0.0,0.4667559880952334,0.9610509458968877,0.5039766805455792,0.8783759787081595,0.6431824334206975,-0.08267496718872813,0.13920575287511827
legume,2011,0.0,0.21907231270713562,0.548312951308529,0.0052729686961696665,-0.5517543947445089,-0.3830719910652376,-0.003441443435979963,-0.3777990223690679
legume,2011,0.0,0.13358244888670356,1.3895790835200543,1.5206681938908502,-1.3930205269560343,-1.898467216259918,-0.003441443435979963,-0.3777990223690679
legume,2011,0.0,0.2572498492138363,0.37628836753362727,0.3904486387052186,0.3728469240976473,0.012649616336150693,-0.003441443435979963,-0.3777990223690679
legume,2011,0.0,0.25085074135293955,0.7487849642390336,0.5135679489588267,0.7453435208030537,0.1357689265897588,-0.003441443435979963,-0.3777990223690679
legume,2011,0.0,0.1991039775335612,0.004296688501245427,0.09853625405186506,0.0008552450652654642,-0.27926276831720287,-0.003441443435979963,-0.3777990223690679
legume,2011,0.0,0.19898019322836097,0.2565845828922102,0.16932914240669916,0.25314313945623024,-0.20846987996236876,-0.003441443435979963,-0.3777990223690679
legume,2011,0.0,0.1551083806648335,0.3460765390418614,0.4111501900333612,0.34263509560588146,0.033351167664293246,-0.003441443435979963,-0.3777990223690679
legume,2011,0.0,0.24566634545317623,1.0935989407732523,0.3666977566676075,-1.0970403842092322,-0.7444967790366754,-0.003441443435979963,-0.3777990223690679
legume,2011,0.0,0.2726756934525846,0.4173689946171151,0.15127902966198148,-0.42081043805309504,-0.22651999270708645,-0.003441443435979963,-0.3777990223690679
legume,2011,0.0,0.22963138388253782,0.31999125467309497,0.9788867363824298,0.316549811237115,0.6010877140133619,-0.003441443435979963,-0.3777990223690679
legume,2011,0.0,0.17823833800050085,0.4665497592730352,0.6864399621456831,0.46310831583705525,0.3086409397766152,-0.003441443435979963,-0.3777990223690679
legume,2011,0.0,0.18723712560695965,0.1298142078820721,1.0111951735717262,0.12637276444609213,0.6333961512026582,-0.003441443435979963,-0.3777990223690679
legume,2011,0.0,0.25027203259377695,0.16690243142310912,0.47690030655461335,0.16346098798712916,0.09910128418554542,-0.003441443435979963,-0.3777990223690679
legume,2011,0.0,0.13395108805759728,0.05055147798696691,0.8393864245803115,0.047110034550986946,0.4615874022112436,-0.003441443435979963,-0.3777990223690679
legume,2011,0.0,0.18076449493398836,0.31683816206958504,0.47988479938075823,0.3133967186336051,0.1020857770116903,-0.003441443435979963,-0.3777990223690679
legume,2011,0.0,0.1417504961955599,0.10841431846273641,0.709427749833281,-0.11185576189871638,0.3316287274642131,-0.003441443435979963,-0.3777990223690679
legume,2011,0.0,0.14292838000701172,0.561803139736468,0.7512255250063111,-0.565244583172448,0.3734265026372432,-0.003441443435979963,-0.3777990223690679
legume,2011,0.0,0.13104388658745206,0.47887002808704526,0.34218978476879514,0.4754285846510653,-0.03560923760027279,-0.003441443435979963,-0.3777990223690679
legume,2011,0.0,0.17849987440092288,0.6887647336538958,1.3764057858405692,0.6853232902179158,0.9986067634715012,-0.003441443435979963,-0.3777990223690679
legume,2011,0.0,0.16621697277219533,1.651575439978492,1.6411506611332909,1.6481339965425121,1.263351638764223,-0.003441443435979963,-0.3777990223690679
legume,2011,0.0,0.21003677848755803,0.737926164012924,1.0660605178734017,0.734484720576944,0.6882614955043338,-0.003441443435979963,-0.3777990223690679
legume,2011,0.0,0.18313468905602429,0.32340265162345627,0.026608510155147425,-0.32684409505943623,-0.3511905122139205,-0.003441443435979963,-0.3777990223690679
legume,2011,0.0,0.19973030069515596,0.2760549349611301,0.04361560943613263,-0.27949637839711006,-0.3341834129329353,-0.003441443435979963,-0.3777990223690679
legume,2011,0.0,0.1674112756747471,0.6071456466633718,0.6691090841654406,0.6037042032273918,0.29131006179637264,-0.003441443435979963,-0.3777990223690679
legume,2011,0.0,0.14543633318153987,0.3562905468475339,0.3403029506819637,-0.3597319902835139,-0.03749607168710423,-0.003441443435979963,-0.3777990223690679
legume,2011,0.0,0.1438879168314289,0.4568465108349722,0.6885133683919689,-0.46028795427095215,0.31071434602290093,-0.003441443435979963,-0.3777990223690679
legume,2011,0.0,0.17986805483691937,0.8753143580567437,1.378313787226718,0.8718729146207638,1.00051476485765,-0.003441443435979963,-0.3777990223690679
legume,2011,0.0,0.12269524000059458,0.5451226196828056,0.5430768553741157,0.5416811762468257,0.16527783300504773,-0.003441443435979963,-0.3777990223690679
legume,2011,0.0,0.15168131155845624,0.6606890555992662,0.3506355091797806,-0.6641304990352461,-0.7284345315488485,-0.003441443435979963,-0.3777990223690679
legume,2011,0.0,0.12070544785789247,0.4847896597644512,0.2479304876920514,-0.48823110320043117,-0.6257295100611193,-0.003441443435979963,-0.3777990223690679
legume,2011,0.0,0.12096702764367315,0.9631174404462235,0.12957168486559079,-0.9665588838822035,-0.5073707072346587,-0.003441443435979963,-0.3777990223690679
legume,2011,0.0,0.15884233316073065,0.9516722165315019,0.3167831753968886,-0.9551136599674819,-0.6945821977659565,-0.003441443435979963,-0.3777990223690679
legume,2011,0.0,0.12004260331490926,0.3231720830040805,0.5678848559731771,-0.3266135264400605,0.19008583360410913,-0.003441443435979963,-0.3777990223690679
legume,2011,0.0,0.17890730338884098,0.05944540464347803,0.21048736341312324,-0.06288684807945799,-0.5882863857821912,-0.003441443435979963,-0.3777990223690679
legume,2011,0.0,0.14710560621892613,0.32761102728238356,0.02012327042563511,0.3241695838464036,-0.3576757519434328,-0.003441443435979963,-0.3777990223690679
legume,2012,0.08205296302475773,0.6353196913273397,1.000061511946651,1.5483987363738096,0.8243323380333831,1.2803073374398948,-0.1757291739132678,-0.26809139893391487
legume,2012,0.0,0.4209700852032284,0.36400709392623076,1.3461183270595023,-0.5397362678394986,-1.6142097259934172,-0.1757291739132678,-0.26809139893391487
legume,2012,0.0,0.36929943068090626,0.3780020963647859,0.03898003133167638,0.20227292245151807,-0.2291113676022385,-0.1757291739132678,-0.26809139893391487
legume,2012,0.0,0.36216772862586655,0.5912126873974186,0.013044335760190151,0.4154835134841508,-0.2550470631737247,-0.1757291739132678,-0.26809139893391487
legume,2012,0.0,0.28124901611037584,0.5699791320377661,0.39034462520662316,-0.7457083059510339,-0.658436024140538,-0.1757291739132678,-0.26809139893391487
legume,2012,0.0,0.39630970719210595,0.21600271471185817,0.3686632952442568,0.04027354079859036,0.10057189631034191,-0.1757291739132678,-0.26809139893391487
legume,2012,0.0,0.40133814529839196,0.751543733727206,0.09328401879993597,0.5758145598139381,-0.1748073801339789,-0.1757291739132678,-0.26809139893391487
legume,2012,0.0,0.33938876827442294,0.389089940534896,0.2639433620408025,-0.5648191144481638,-0.5320347609747174,-0.1757291739132678,-0.26809139893391487
legume,2012,0.0,0.4021684246865808,0.28781675752796687,0.2644343854332458,-0.4635459314412347,-0.5325257843671607,-0.1757291739132678,-0.26809139893391487
legume,2012,0.0,0.37915318495208716,0.2784610082396499,0.07552196313115456,-0.45419018215291773,-0.1925694358027603,-0.1757291739132678,-0.26809139893391487
legume,2012,0.0,0.2250336078633178,0.6685419427754828,0.728316005132883,0.49281276886221503,0.4602246061989681,-0.1757291739132678,-0.26809139893391487
legume,2012,0.0,0.40417722079997737,0.2959891396529004,0.46309796627753386,0.1202599657396326,0.195006567343619,-0.1757291739132678,-0.26809139893391487
legume,2012,0.0,0.38224852616345856,0.035459634731970446,0.14427327022689873,-0.14026953918129736,-0.12381812870701614,-0.1757291739132678,-0.26809139893391487
legume,2012,0.31671560567119394,0.699292919025342,0.09271432416983405,0.9315470010939579,-0.08301484974343376,0.6634556021600431,-0.1757291739132678,-0.26809139893391487
legume,2012,0.0,0.4018191256503565,0.8495929165074232,1.0359187988619585,0.6738637425941554,0.7678273999280436,-0.1757291739132678,-0.26809139893391487
legume,2012,0.0,0.4359704215048822,0.8183483615077183,0.6362712825716641,-0.9940775354209861,-0.904362681505579,-0.1757291739132678,-0.26809139893391487
legume,2012,0.0,0.42843369518454544,0.6853845946200021,1.2977828464570824,0.5096554207067343,1.0296914475231675,-0.1757291739132678,-0.26809139893391487
legume,2012,0.0,0.4766873913992846,0.45947110710453387,0.2668083143765565,0.28374193319126606,-0.5348997133104714,-0.1757291739132678,-0.26809139893391487
legume,2012,0.0,0.46325196692949866,1.54166026650921,1.87818486463892,1.3659310925959423,1.6100934657050052,-0.1757291739132678,-0.26809139893391487
legume,2012,0.0,0.42104658477703116,1.1710435502278682,1.5236744590867017,-1.346772724141136,-1.7917658580206166,-0.1757291739132678,-0.26809139893391487
legume,2012,0.0,0.42590515303370696,0.488782567835627,0.30920954220783514,0.3130533939223592,0.04111814327392027,-0.1757291739132678,-0.26809139893391487
legume,2012,0.0,0.2036665844885437,0.9062233521088139,1.0090767519085113,-1.0819525260220817,-1.2771681508424262,-0.1757291739132678,-0.26809139893391487
legume,2012,0.0,0.43956789524225676,0.35856398911714304,0.7423523778280017,0.18283481520387523,0.4742609788940868,-0.1757291739132678,-0.26809139893391487
legume,2012,0.0,0.2139463704892098,0.4959223418953327,0.5019143034645941,0.3201931679820649,0.23382290453067922,-0.1757291739132678,-0.26809139893391487
legume,2012,0.0,0.43604013759839544,0.3453964624863426,0.38063839949072964,-0.5211256363996104,0.11254700055681477,-0.1757291739132678,-0.26809139893391487
legume,2012,0.0,0.45822937005994346,0.6804306907916211,0.12565102299522213,-0.8561598647048889,-0.14244037593869274,-0.1757291739132678,-0.26809139893391487
legume,2012,0.3580274785610147,0.9535091796074653,0.7216110076489342,1.155200687353748,0.5458818337356663,0.887109288419833,-0.1757291739132678,-0.26809139893391487
legume,2012,0.27199107656015054,1.1340127970639078,0.6095025162554908,0.37193185400749584,0.433773342342223,0.10384045507358097,-0.1757291739132678,-0.26809139893391487
legume,2012,0.16400592466473363,0.7805590481512125,0.6887592720066684,0.6211145666741795,-0.8644884459199362,-0.8892059656080944,-0.1757291739132678,-0.26809139893391487
legume,2012,0.41180501934347546,0.7144118097716944,0.584461662799042,0.5388222271711625,0.4087324888857742,0.2707308282372476,-0.1757291739132678,-0.26809139893391487
legume,2012,0.2710844096294811,0.9654853490637635,0.1112958597351077,0.44946525214180744,-0.06443331417816012,0.18137385320789257,-0.1757291739132678,-0.26809139893391487
legume,2012,0.0,0.38436752440928457,0.4479068376002546,1.2694160013531137,0.2721776636869868,1.0013246024191989,-0.1757291739132678,-0.26809139893391487
legume,2012,0.37227098024506144,1.0597424412173828,0.30114493667360787,0.19515786595656692,0.12541576276034005,-0.07293353297734795,-0.1757291739132678,-0.26809139893391487
legume,2012,0.4339244096572288,1.20267965488692,0.7895191446668366,0.7801209708103554,0.6137899707535688,0.5120295718764405,-0.1757291739132678,-0.26809139893391487
legume,2013,0.0,0.35596088445745033,0.3900366667718327,0.45310790255618194,0.5191909896545184,0.6897793636970677,0.1291543228826857,0.23667146114088577
legume,2013,0.0,0.3247898527369032,1.0976468894326814,1.7614040808677403,-0.9684925665499957,-1.5247326197268545,0.1291543228826857,0.23667146114088577
legume,2013,0.0,0.28878195459988953,0.15884688169130978,0.1421133631277831,0.2880012045739955,0.09455809801310266,0.1291543228826857,0.23667146114088577
legume,2013,0.0,0.27871663854812084,0.5977445113809097,0.5063396129811077,0.7268988342635954,0.7430110741219935,0.1291543228826857,0.23667146114088577
legume,2013,0.0,0.20303837970286515,0.4856942628754606,0.5777153526452334,-0.3565399399927749,-0.34104389150434766,0.1291543228826857,0.23667146114088577
legume,2013,0.0,0.2670468308990911,0.025224034043841215,0.09975859800228104,0.1543783569265269,0.3364300591431668,0.1291543228826857,0.23667146114088577
legume,2013,0.0,0.32987866101657,0.17807295565443448,0.5658126338854261,-0.04891863277174879,-0.32914117274454036,0.1291543228826857,0.23667146114088577
legume,2013,0.0,0.34366488629966435,0.681200142813867,0.32476433049392783,-0.5520458199311813,-0.08809286935304206,0.1291543228826857,0.23667146114088577
legume,2013,0.0,0.25503968101763214,0.25687279783774564,0.49111015655480195,0.3860271207204313,0.7277816176956877,0.1291543228826857,0.23667146114088577
legume,2013,0.0,0.2533743892862084,0.2049422191633985,0.12102456285910801,-0.07578789628071281,0.11564689828177777,0.1291543228826857,0.23667146114088577
legume,2013,0.0,0.23945049995148743,0.11566730729087737,0.24918848380118686,0.013487015591808316,-0.01251702266030108,0.1291543228826857,0.23667146114088577
legume,2013,0.0,0.3044849387372642,0.13229075124044343,0.11460315399358212,0.2614450741231291,0.12206830714730366,0.1291543228826857,0.23667146114088577
legume,2013,0.0,0.23241521966677983,0.12411301188545831,0.6777120231685094,0.005041310997227377,-0.44104056202762365,0.1291543228826857,0.23667146114088577
legume,2013,0.0,0.43795448146905464,0.680340503623702,0.620331760648341,-0.5511861807410163,-0.38366029950745517,0.1291543228826857,0.23667146114088577
legume,2013,0.0,0.42321490836732983,0.4171055328537312,0.4723170954438407,-0.2879512099710455,-0.23564563430295493,0.1291543228826857,0.23667146114088577
legume,2013,0.0,0.3033320678877772,0.31445291179233426,0.2976403667210028,-0.18529858890964856,0.5343118278618886,0.1291543228826857,0.23667146114088577
legume,2013,0.0,0.31141453868147567,0.09866978319957376,0.9827930027054848,0.22782410608225945,1.2194644638463705,0.1291543228826857,0.23667146114088577
legume,2013,0.0,0.5796873920576436,0.49946760613273344,0.04212069418353792,0.6286219290154191,0.19455076695734785,0.1291543228826857,0.23667146114088577
legume,2013,0.0,0.30200609775834986,0.59654285153412,0.838349886456526,0.7256971744168057,1.0750213475974117,0.1291543228826857,0.23667146114088577
legume,2013,0.0,0.526604801619085,0.9374715198499612,1.356215247106625,-0.8083171969672756,-1.1195437859657393,0.1291543228826857,0.23667146114088577
legume,2013,0.0,0.3606475130394434,0.24358744529258747,0.22110109745514794,0.37274176817527316,0.015570363685737831,0.1291543228826857,0.23667146114088577
legume,2013,0.0,0.3987219605278637,0.16110700195619643,0.2539045200138945,-0.03195267907351074,-0.017233058873008744,0.1291543228826857,0.23667146114088577
legume,2013,0.0,0.41677041966293604,0.01190885858200641,0.49286479628140967,0.11724546430067928,-0.2561933351405239,0.1291543228826857,0.23667146114088577
legume,2013,0.0,0.3635790452315087,0.44902177120628695,0.43731102455074344,-0.31986744832360126,-0.20063956340985767,0.1291543228826857,0.23667146114088577
legume,2013,0.0,0.3452488952809331,0.009886378791426509,0.2823965023825741,0.1390407016741122,-0.0457250412416883,0.1291543228826857,0.23667146114088577
legume,2013,0.0,0.46770784011619587,0.9311866612638857,0.8028729169653097,-0.8020323383812,-0.5662014558244239,0.1291543228826857,0.23667146114088577
legume,2013,0.0,0.4131859276857945,0.4200692198065745,0.009364774617400151,0.5492235426892602,0.24603623575828593,0.1291543228826857,0.23667146114088577
legume,2013,0.0,0.6543611520050365,0.3534941597300554,0.04608703535014591,0.48264848261274107,0.19058442579073986,0.1291543228826857,0.23667146114088577
legume,2013,0.0,0.416329970558146,0.2949416770031412,0.430344939757318,-0.16578735412045553,-0.19367347861643225,0.1291543228826857,0.23667146114088577
legume,2013,0.0,0.5312769973990141,0.5340500405064503,0.22909035285383528,-0.40489571762376464,0.0075811082870504976,0.1291543228826857,0.23667146114088577
legume,2013,0.0,0.5823012826544309,0.2294508398387718,0.20318299014628405,-0.1002965169560861,0.03348847099460173,0.1291543228826857,0.23667146114088577
legume,2013,0.0,0.34226471976634676,0.30020751220023456,0.16198371697612046,-0.17105318931754887,0.07468774416476531,0.1291543228826857,0.23667146114088577
legume,2013,0.0,0.5741965732698988,0.1037558772110514,0.9021598432864057,0.23291020009373709,-0.66548838214552,0.1291543228826857,0.23667146114088577
legume,2014,0.0,0.2527827485653515,0.057097398089835494,0.26529182656780304,-0.15262979525954545,0.15243374381929264,-0.09553239716970996,-0.11285808274851039
legume,2014,0.0,0.4198084149539551,0.23698761033275684,0.2814978333044298,0.14145521316304688,0.1686397505559194,-0.09553239716970996,-0.11285808274851039
legume,2014,0.0,0.24613932361483215,0.6085193696714071,0.29087395897369017,0.5129869725016971,0.17801587622517978,-0.09553239716970996,-0.11285808274851039
legume,2014,0.0,0.3309903261293322,0.5423933107741181,0.6027542011936271,-0.6379257079438281,-0.7156122839421375,-0.09553239716970996,-0.11285808274851039
legume,2014,0.0,0.2731427446202168,0.12735671695529138,0.03543088362777169,0.03182431978558142,-0.0774271991207387,-0.09553239716970996,-0.11285808274851039
legume,2014,0.0,0.2509940092741004,0.4889546823367996,0.8894657081857158,-0.5844870795065096,-1.0023237909342262,-0.09553239716970996,-0.11285808274851039
legume,2014,0.0,0.21710385986665143,0.6786149475989003,0.5944298890702999,-0.7741473447686102,-0.7072879718188103,-0.09553239716970996,-0.11285808274851039
legume,2014,0.0,0.3005369574171087,0.5414899301239116,0.655606822806087,0.4459575329542016,0.5427487400575766,-0.09553239716970996,-0.11285808274851039
legume,2014,0.0,0.3012235683531822,0.0587873183349803,0.2781060413414922,-0.15431971550469026,0.1652479585929818,-0.09553239716970996,-0.11285808274851039
legume,2014,0.0,0.27353182765882855,0.22024882081626274,0.16639842274311523,0.12471642364655278,0.053540339994604835,-0.09553239716970996,-0.11285808274851039
legume,2014,0.0,0.2679830962459143,0.026635305331033976,0.2761953027295512,-0.12216770250074394,0.16333721998104078,-0.09553239716970996,-0.11285808274851039
legume,2014,0.0,0.1614250458608256,0.20955176656025998,0.11128726733114558,0.11401936939055002,-0.0015708154173648126,-0.09553239716970996,-0.11285808274851039
legume,2014,0.0,0.30076362953727376,0.014477158267071744,0.3733518853179838,-0.1100095554367817,-0.4862099680664942,-0.09553239716970996,-0.11285808274851039
legume,2014,0.0,0.22555462833742398,0.18757119856680138,0.007468438589600446,0.09203880139709142,-0.12032652133811084,-0.09553239716970996,-0.11285808274851039
legume,2014,0.0,0.2515985056104875,1.3217524324853547,1.0577158883860656,-1.4172848296550646,-1.170573971134576,-0.09553239716970996,-0.11285808274851039
legume,2014,0.0,0.2751417827686869,0.18145738819896895,0.726042391834917,0.08592499102925899,0.6131843090864066,-0.09553239716970996,-0.11285808274851039
legume,2014,0.0,0.13921275816458528,0.7890723273404792,0.5574252648530078,0.6935399301707692,0.4445671821044974,-0.09553239716970996,-0.11285808274851039
legume,2014,0.0,0.14967350209780367,0.44379972935204837,1.0331334363458402,0.3482673321823384,0.9202753535973298,-0.09553239716970996,-0.11285808274851039
legume,2014,0.0,0.20603059794498346,1.4498710429832613,1.5705990921241395,-1.5454034401529713,-1.68345717487265,-0.09553239716970996,-0.11285808274851039
legume,2014,0.0,0.14212904289091527,0.17874077301331326,0.02831110571573614,-0.2742731701830232,-0.14116918846424653,-0.09553239716970996,-0.11285808274851039
legume,2014,0.0,0.2273037607081203,0.40948511509868357,0.3576622514336103,0.3139527179289736,0.2448041686850999,-0.09553239716970996,-0.11285808274851039
legume,2014,0.0,0.17615068260777497,0.12020776247643905,0.0034496215603150304,0.02467536530672909,-0.10940846118819536,-0.09553239716970996,-0.11285808274851039
legume,2014,0.0,0.256181172903427,0.5369694676704233,0.4470955209022982,0.44143707050071335,0.3342374381537878,-0.09553239716970996,-0.11285808274851039
legume,2014,0.0,0.19537969704619004,0.07623578510634754,0.14113357881264932,-0.019296612063362417,0.028275496064138927,-0.09553239716970996,-0.11285808274851039
legume,2014,0.0,0.32201932601682726,0.6235071346074239,0.23475715135687825,-0.7190395317771339,-0.34761523410538864,-0.09553239716970996,-0.11285808274851039
legume,2014,0.0,0.2678022966395234,0.4641935045737178,0.5598091394208904,0.3686611074040078,0.44695105667238,-0.09553239716970996,-0.11285808274851039
legume,2014,0.0,0.2690734544912528,0.573815652921196,0.4085346608724185,0.478283255751486,0.29567657812390813,-0.09553239716970996,-0.11285808274851039
legume,2014,0.0,0.1828651351247064,0.7857684608317159,0.8480851957332529,0.690236063662006,0.7352271129847425,-0.09553239716970996,-0.11285808274851039
legume,2014,0.0,0.29874374267185333,0.8181067920036842,0.9479003236696499,0.7225743948339742,0.8350422409211395,-0.09553239716970996,-0.11285808274851039
legume,2014,0.0,0.143127117429445,0.2199196865337889,0.33565885092492387,0.12438728936407895,0.22280076817641348,-0.09553239716970996,-0.11285808274851039
legume,2014,0.0,0.20265233799209376,0.045605645635803604,0.22575030413148323,-0.049926751533906355,0.11289222138297283,-0.09553239716970996,-0.11285808274851039
legume,2014,0.0,0.349762623937071,0.9015054824828175,0.01794310797199916,0.8059730853131075,-0.09491497477651123,-0.09553239716970996,-0.11285808274851039
legume,2015,0.0,0.46322414888155833,0.3544306115347666,0.27527119973655,0.17492766817210814,0.5111218276555043,-0.17950294336265848,0.23585062791895428
legume,2015,0.0,0.4003295181395036,0.19824126268504916,0.2185900690898448,0.018738319322390673,0.017260558829109485,-0.17950294336265848,0.23585062791895428
legume,2015,0.0,0.3119707241516282,0.26434306331066093,0.0776028014946899,0.08484011994800245,0.15824782642426438,-0.17950294336265848,0.23585062791895428
legume,2015,0.0,0.36328627463867413,0.014250099398974925,0.15693912080032302,-0.16525284396368356,0.07891150711863126,-0.17950294336265848,0.23585062791895428
legume,2015,0.0,0.2858027772624495,0.21413476387400276,0.19601755276956467,0.03463182051134428,0.03983307514938961,-0.17950294336265848,0.23585062791895428
legume,2015,0.0,0.45489633421461545,0.14462406157583185,1.1898077673814793,-0.32412700493849034,-0.953957139462525,-0.17950294336265848,0.23585062791895428
legume,2015,0.0,0.5679721255853137,0.8132241650523002,1.715546361507816,-0.9927271084149587,-1.4796957335888616,-0.17950294336265848,0.23585062791895428
legume,2015,0.0,0.464746007574813,0.6816591547056952,0.208649037100737,0.5021562113430367,0.02720159081821727,-0.17950294336265848,0.23585062791895428
legume,2015,0.0,0.3664497416755668,0.03313374898320287,0.008369717660070108,-0.1463691943794556,0.2442203455790244,-0.17950294336265848,0.23585062791895428
legume,2015,0.0,0.42366025743305136,0.5012780832595896,0.15845375167938958,0.3217751398969311,0.39430437959834386,-0.17950294336265848,0.23585062791895428
legume,2015,0.0,0.49462533408504095,0.340264873284295,0.1283040431804121,0.16076192992163651,0.3641546710993664,-0.17950294336265848,0.23585062791895428
legume,2015,0.0,0.6775457399443299,0.34549348835048566,0.20012373601364875,0.16599054498782717,0.035726891905305536,-0.17950294336265848,0.23585062791895428
legume,2015,0.0,0.6064737510598117,0.18136980695530536,0.8780592577158632,-0.36087275031796384,-0.642208629796909,-0.17950294336265848,0.23585062791895428
legume,2015,0.0,0.36184198457467176,0.23595347587370963,0.3404888563159547,0.056450532511051144,-0.10463822839700043,-0.17950294336265848,0.23585062791895428
legume,2015,0.0,0.6321299183641894,1.0212627187716308,1.5487017200622848,-1.2007656621342893,-1.3128510921433305,-0.17950294336265848,0.23585062791895428
legume,2015,0.0,0.643272754433519,0.7635020096174987,0.48215324550517114,0.5839990662548402,0.7180038734241254,-0.17950294336265848,0.23585062791895428
legume,2015,0.0,0.3933796208574349,0.39978399665053166,0.8085509664961315,0.22028105328787317,-0.5727003385771772,-0.17950294336265848,0.23585062791895428
legume,2015,0.0,0.39393404610698657,0.38623121853194853,0.16285115704001818,0.20672827516929004,0.39870178495897246,-0.17950294336265848,0.23585062791895428
legume,2015,0.0,0.3739820962166543,0.344758335426425,1.3433281104155563,-0.5242612787890835,-1.107477482496602,-0.17950294336265848,0.23585062791895428
legume,2015,0.0,0.4502002131279335,1.105226892508612,1.4225957422183377,-1.2847298358712704,-1.1867451142993835,-0.17950294336265848,0.23585062791895428
legume,2015,0.0,0.39181111450776074,0.5749706873386007,1.235508644294434,-0.7544736307012592,-0.9996580163754798,-0.17950294336265848,0.23585062791895428
legume,2015,0.0,0.3597507762972965,0.39971688242117587,0.21710355645047397,0.22021393905851738,0.018747071468480314,-0.17950294336265848,0.23585062791895428
legume,2015,0.0,0.2789706311394452,0.2938959674979609,0.3675712672108542,0.11439302413530239,-0.13172063929189992,-0.17950294336265848,0.23585062791895428
legume,2015,0.0,0.5179083863533824,0.3308691992714943,0.3292899906767026,0.1513662559088358,0.5651406185956569,-0.17950294336265848,0.23585062791895428
legume,2015,0.0,0.4172526768699957,0.5712755693129958,0.8971427112007859,0.39177262595033735,1.1329933391197402,-0.17950294336265848,0.23585062791895428
legume,2015,0.0,0.5658563518118891,0.5615580000055465,0.3252259881566202,0.38205505664288797,0.5610766160755745,-0.17950294336265848,0.23585062791895428
legume,2015,0.0,0.6745603276182575,0.7795101698921165,1.0021575836604226,0.600007226529458,1.238008211579377,-0.17950294336265848,0.23585062791895428
legume,2015,0.08710665834662246,0.8483940599467429,0.039681177216214,0.002636014482024329,-0.2191841205788725,0.23321461343692995,-0.17950294336265848,0.23585062791895428
legume,2015,0.0,0.6824910223402989,0.244835121756112,0.2299971329782764,0.06533217839345351,0.0058534949406778836,-0.17950294336265848,0.23585062791895428
legume,2015,0.0,0.6675590891883166,0.7445539530593903,0.3405964537993613,0.5650510096967318,0.5764470817183156,-0.17950294336265848,0.23585062791895428
legume,2015,0.0,0.2699213282856587,0.16207563040574602,0.062479927027632165,-0.017427312956912466,0.29833055494658645,-0.17950294336265848,0.23585062791895428
legume,2015,0.0,0.5999420026202671,1.1482216887670456,0.6383018520686394,0.9687187454043871,0.8741524799875937,-0.17950294336265848,0.23585062791895428
legume,2016,0.0,0.21531507451161205,1.0372177178040918,1.6238339274720932,0.9982630947330504,1.4538499257717978,-0.03895462307104136,-0.16998400170029537
legume,2016,0.0,0.12038874027468167,0.4891079678058077,0.37452739581325023,0.4501533447347663,0.20454339411295486,-0.03895462307104136,-0.16998400170029537
legume,2016,0.0,0.1551150550117283,0.24319291731044324,0.3940764527455616,0.20423829423940187,0.2240924510452662,-0.03895462307104136,-0.16998400170029537
legume,2016,0.0,0.1373711379803318,0.2708500710352375,0.3551434205961339,0.23189544796419614,0.18515941889583853,-0.03895462307104136,-0.16998400170029537
legume,2016,0.0,0.12026573952231719,0.42133156964059726,0.31479587534263764,-0.4602861927116386,-0.484779877042933,-0.03895462307104136,-0.16998400170029537
legume,2016,0.0,0.18270925403652696,0.22014761441967146,0.18900030218985542,0.1811929913486301,0.019016300489560045,-0.03895462307104136,-0.16998400170029537
legume,2016,0.0,0.13607411930434304,0.5447642813479385,0.02273280087645846,-0.5837189044189799,-0.19271680257675383,-0.03895462307104136,-0.16998400170029537
legume,2016,0.0,0.1265272517846731,0.5286412249122652,0.0013402676614040487,-0.5675958479833065,-0.16864373403889132,-0.03895462307104136,-0.16998400170029537
legume,2016,0.0,0.18108294579461823,0.611289056297931,1.1264802945022225,0.5723344332268896,0.9564962928019272,-0.03895462307104136,-0.16998400170029537
legume,2016,0.0,0.1900506366254505,0.3743979747067083,0.6443848448368295,0.33544335163566696,0.4744008431365341,-0.03895462307104136,-0.16998400170029537
legume,2016,0.0,0.12306225590508993,0.05405603755110633,0.545365452866851,0.015101414480064967,0.37538145116655564,-0.03895462307104136,-0.16998400170029537
legume,2016,0.0,0.11191115086470227,0.16735800295925696,0.005062933650719081,0.1284033798882156,-0.1649210680495763,-0.03895462307104136,-0.16998400170029537
legume,2016,0.0,0.1689682830764534,0.020148691811261443,0.18190850814062554,-0.018805931259779918,-0.3518925098409209,-0.03895462307104136,-0.16998400170029537
legume,2016,0.0,0.1850487168469316,0.21361454352276876,0.6404057849773874,-0.2525691665938101,-0.8103897866776828,-0.03895462307104136,-0.16998400170029537
legume,2016,0.0,0.2403604698200915,0.371299410758823,0.2924098672405231,-0.41025403382986436,-0.46239386894081846,-0.03895462307104136,-0.16998400170029537
legume,2016,0.0,0.23748742697921213,0.8518639879026537,1.080832555038108,0.8129093648316124,0.9108485533378126,-0.03895462307104136,-0.16998400170029537
legume,2016,0.0,0.2567320562645399,0.12824296166147509,0.008325243439981644,0.08928833859043372,-0.16165875826031373,-0.03895462307104136,-0.16998400170029537
legume,2016,0.0,0.23528473515021817,0.1962692500145371,0.7345708967270421,-0.23522387308557846,0.5645868950267467,-0.03895462307104136,-0.16998400170029537
legume,2016,0.0,0.10667719947275353,0.8464752934188757,0.6137525753184563,-0.8854299164899171,-0.7837365770187517,-0.03895462307104136,-0.16998400170029537
legume,2016,0.0,0.21818507128126546,0.40894251577153007,0.2512009873170884,-0.44789713884257143,-0.42118498901738377,-0.03895462307104136,-0.16998400170029537
legume,2016,0.0,0.15944463873547826,3.045938680840913,2.8186925698334298,-3.0848933039119544,-2.988676571533725,-0.03895462307104136,-0.16998400170029537
legume,2016,0.0,0.15342128962020268,0.03460631497166666,0.07492590636717189,-0.004348308099374698,-0.24490990806746726,-0.03895462307104136,-0.16998400170029537
legume,2016,0.0,0.13507234888535669,0.761294336652941,0.7171010693885562,-0.8002489597239824,-0.8870850710888516,-0.03895462307104136,-0.16998400170029537
legume,2016,0.0,0.2809403869630303,0.42280307485874413,0.5137316010386384,0.38384845178770277,0.343747599338343,-0.03895462307104136,-0.16998400170029537
legume,2016,0.0,0.37622260275745445,0.5110538939100016,1.3824444034575523,0.4720992708389602,1.212460401757257,-0.03895462307104136,-0.16998400170029537
legume,2016,0.0,0.219375030523634,0.16628864352991712,0.061730001257844336,0.12733402045887576,-0.10825400044245104,-0.03895462307104136,-0.16998400170029537
legume,2016,0.0,0.2986329831116247,0.4303330602980706,0.21351427851671456,0.39137843722702925,0.04353027681641919,-0.03895462307104136,-0.16998400170029537
legume,2016,0.0,0.2549822408915622,0.4972184602576126,0.8482471962942952,-0.536173083328654,-1.0182311979945906,-0.03895462307104136,-0.16998400170029537
legume,2016,0.0,0.19957291903955293,0.17956586789909768,0.05887336549345257,0.14061124482805631,-0.1111106362068428,-0.03895462307104136,-0.16998400170029537
legume,2016,0.0,0.25183028371814586,0.4796054074822935,0.6719905474362413,0.44065078441125216,0.5020065457359459,-0.03895462307104136,-0.16998400170029537
legume,2016,0.0,0.16959681379024805,0.1482763918306933,0.2664364645086188,-0.18723101490173466,0.09645246280832342,-0.03895462307104136,-0.16998400170029537
legume,2016,0.0,0.23673915937958773,2.538484633027396,1.9639965462569506,2.4995300099563544,1.7940125445566553,-0.03895462307104136,-0.16998400170029537
legume,2017,0.0,0.24190307567448172,0.23857123346582831,0.14930348021787143,-0.34470081792027685,0.01689595644374009,-0.10612958445444853,0.16619943666161152
legume,2017,0.0,0.37824870868369276,1.1732562968057993,0.2131555738314015,1.0671267123513508,-0.04695613716978997,-0.10612958445444853,0.16619943666161152
legume,2017,0.0,0.3409675796225506,0.24670606992421096,0.06133190505118602,0.14057648546976242,0.22753134171279754,-0.10612958445444853,0.16619943666161152
legume,2017,0.0,0.32637361170740986,0.1004620601955386,0.2454353648024057,-0.005667524258909928,-0.07923592814079417,-0.10612958445444853,0.16619943666161152
legume,2017,0.0,0.25468092760769656,0.7532575465084914,0.27312131550345686,0.6471279620540429,0.4393207521650684,-0.10612958445444853,0.16619943666161152
legume,2017,0.0,0.2611972650462122,0.18488465732022163,0.007164094274104471,0.0787550728657731,0.173363530935716,-0.10612958445444853,0.16619943666161152
legume,2017,0.0,0.17954583259985404,0.2724218682513069,1.0332682114309022,-0.3785514527057554,-0.8670687747692907,-0.10612958445444853,0.16619943666161152
legume,2017,0.0,0.25086851603583155,1.1408552591157832,1.5540971373650923,-1.2469848435702318,-1.3878977007034807,-0.10612958445444853,0.16619943666161152
legume,2017,0.0,0.3790263818546271,0.44147801023421795,0.3955111570400174,0.3353484257797694,0.5617105937016289,-0.10612958445444853,0.16619943666161152
legume,2017,0.0,0.35542961954854696,0.14853854408398526,0.683552128225303,0.042408959629536724,0.8497515648869145,-0.10612958445444853,0.16619943666161152
legume,2017,0.0,0.1982486040912527,0.45114389232046115,0.3991479932767863,0.3450143078660126,0.5653474299383978,-0.10612958445444853,0.16619943666161152
legume,2017,0.0,0.2641116604049537,0.2868925361214707,0.3433464769969836,0.18076295166702216,0.5095459136585951,-0.10612958445444853,0.16619943666161152
legume,2017,0.0,0.37309759141744814,0.2303249339626081,0.369482177034163,0.12419534950815958,-0.20328274037255145,-0.10612958445444853,0.16619943666161152
legume,2017,0.0,0.3891299548879386,0.1077847632881701,0.6562504249149281,-0.21391434774261864,-0.4900509882533166,-0.10612958445444853,0.16619943666161152
legume,2017,0.0,0.31099654007536015,0.17109864623755744,0.1743337962500835,0.0649690617831089,0.340533232911695,-0.10612958445444853,0.16619943666161152
legume,2017,0.0,0.32229505341487186,0.09341134572983112,0.1392308292881559,-0.012718238724617414,0.026968607373455633,-0.10612958445444853,0.16619943666161152
legume,2017,0.0,0.29157559251345483,0.7955438955343519,0.939405248880191,0.6894143110799034,1.1056046855418025,-0.10612958445444853,0.16619943666161152
legume,2017,0.0,0.3089680737996234,0.776509255530025,1.3244179075045817,-0.8826388399844736,-1.1582184708429701,-0.10612958445444853,0.16619943666161152
legume,2017,0.0,0.2358487853183419,0.1303256884328281,0.28394279868096994,-0.23645527288727664,-0.11774336201935842,-0.10612958445444853,0.16619943666161152
legume,2017,0.0,0.2672462154726376,0.039065737962127756,0.33720694776551685,-0.06706384649232078,-0.17100751110390533,-0.10612958445444853,0.16619943666161152
legume,2017,0.0,0.4631878136782575,1.1607974442194635,0.7970673734571063,1.054667859765015,0.9632668101187178,-0.10612958445444853,0.16619943666161152
legume,2017,0.0,0.2744403978028759,0.7117587418887146,0.26043604386510655,0.605629157434266,0.42663548052671807,-0.10612958445444853,0.16619943666161152
legume,2017,0.0,0.4749476305837496,0.5605433947795704,1.0634171635311218,-0.6666729792340189,-0.8972177268695103,-0.10612958445444853,0.16619943666161152
legume,2017,0.0,0.2794887374675631,0.7369956974317269,0.3684326537895082,0.6308661129772783,0.5346320904511197,-0.10612958445444853,0.16619943666161152
legume,2017,0.0,0.21126415031576368,1.2541453184814229,1.0439177972901135,1.1480157340269743,1.210117233951725,-0.10612958445444853,0.16619943666161152
legume,2017,0.0,0.49646076791613947,0.1518673124773402,0.7137396303435102,0.045737728022891666,0.8799390670051217,-0.10612958445444853,0.16619943666161152
legume,2017,0.0,0.2670980543580448,0.0802033407839744,0.12326018826730945,-0.025926243670474136,0.28945962492892097,-0.10612958445444853,0.16619943666161152
legume,2017,0.0,0.2176416330107501,0.010530806655815184,0.5530345758580033,-0.11666039111026372,-0.3868351391963918,-0.10612958445444853,0.16619943666161152
legume,2017,0.0,0.46287580306935877,0.43527132824923953,0.1959625101919329,0.329141743794791,0.3621619468535444,-0.10612958445444853,0.16619943666161152
legume,2017,0.0,0.3383735934644319,1.9037763611930965,2.389132474807349,-2.009905945647545,-2.2229330381457375,-0.10612958445444853,0.16619943666161152
legume,2017,0.0,0.2639915034431394,0.36457379130255063,0.2210624708054718,0.2584442068481021,0.38726190746708333,-0.10612958445444853,0.16619943666161152
legume,2017,0.0,0.34674907252294374,0.11994099222139809,0.15105961594297046,-0.22607057667584662,0.015139820718641062,-0.10612958445444853,0.16619943666161152
legume,2017,0.0,0.23828458264891697,1.2481412378446697,2.022939510365926,-1.3542708222991182,-1.8567400737043145,-0.10612958445444853,0.16619943666161152
legume,2018,0.0,0.8278340658579699,0.014031687672988902,0.26427961123945654,0.15746462685969664,0.32638378198059304,0.14343293918670774,0.0621041707411365
legume,2018,0.0,0.4897208977903128,0.5389590713429051,0.23409846531318834,-0.39552613215619736,-0.17199429457205184,0.14343293918670774,0.0621041707411365
legume,2018,0.004076286967239051,0.2974332462592601,0.4736869306158833,0.2636135472343324,-0.33025399142917555,-0.2015093764931959,0.14343293918670774,0.0621041707411365
legume,2018,0.0,0.2686181338795457,0.6289354919431904,0.9494808385227849,0.7723684311298982,1.0115850092639214,0.14343293918670774,0.0621041707411365
legume,2018,0.0018968844777911276,0.3166210806479518,0.12051554940219233,0.3992516186343229,0.022917389784515407,0.4613557893754594,0.14343293918670774,0.0621041707411365
legume,2018,0.0,0.27762734211146434,0.5813114461657474,0.7479260368447376,-0.43787850697903963,-0.6858218661036011,0.14343293918670774,0.0621041707411365
legume,2018,0.0,0.49879607395675746,0.21563412927655,0.00101010906833654,-0.07220119008984227,0.06109406167279996,0.14343293918670774,0.0621041707411365
legume,2018,0.0,0.3052216140243872,0.13958655303587086,0.24547114398702696,0.003846386150836878,0.30757531472816346,0.14343293918670774,0.0621041707411365
legume,2018,0.004076286967239051,0.25784260643530266,0.49195121285798926,1.1988297283932772,0.635384152044697,1.2609338991344137,0.14343293918670774,0.0621041707411365
legume,2018,0.0,0.2978130902929387,0.5548380217695685,0.7310464823893614,0.6982709609562763,0.7931506531304979,0.14343293918670774,0.0621041707411365
legume,2018,0.0,0.30634391133688205,0.11931573388262784,0.7051071234456359,0.2627486730693356,0.7672112941867724,0.14343293918670774,0.0621041707411365
legume,2018,0.0,0.30688216146941455,0.1496979134020071,0.0054122761482275905,-0.006264974215299368,0.06751644688936409,0.14343293918670774,0.0621041707411365
legume,2018,0.0,0.8267115108785388,0.30454610992087083,0.28012907438900747,-0.1611131707341631,-0.21802490364787097,0.14343293918670774,0.0621041707411365
legume,2018,0.0,0.5219518235297881,0.0857781252323111,0.39130301254945454,0.057654813954396644,0.45340718329059104,0.14343293918670774,0.0621041707411365
legume,2018,0.0,0.9186583849890102,0.6261023171102162,0.7788837208535866,-0.4826693779235085,-0.7167795501124501,0.14343293918670774,0.0621041707411365
legume,2018,0.0,0.8506128064983912,0.17032185957834134,0.13943432054626737,-0.026888920391633597,0.20153849128740386,0.14343293918670774,0.0621041707411365
legume,2018,0.0,0.39153966079191255,1.2743176448391025,1.551966624308331,-1.1308847056523947,-1.4898624535671945,0.14343293918670774,0.0621041707411365
legume,2018,0.0,0.8454782074616898,0.46565017612931126,0.19761863084669695,-0.3222172369426035,0.25972280158783345,0.14343293918670774,0.0621041707411365
legume,2018,0.0,0.6253847950934543,1.51983689500462,1.5644554112056581,-1.3764039558179122,-1.5023512404645216,0.14343293918670774,0.0621041707411365
legume,2018,0.0,0.6128754181476902,1.0706259877794677,0.8276144371490188,1.2140589269661755,0.8897186078901553,0.14343293918670774,0.0621041707411365
legume,2018,0.0,0.6881609386795163,0.4314369606302684,0.22459705229295945,0.5748698998169761,0.28670122303409595,0.14343293918670774,0.0621041707411365
legume,2018,0.0,0.5466910411088228,0.20873756290178314,0.35433070669314404,-0.0653046237150754,-0.29222653595200754,0.14343293918670774,0.0621041707411365
legume,2018,0.0,0.3066731955902018,0.322627418441666,0.7011900959262993,0.4660603576283737,0.7632942666674358,0.14343293918670774,0.0621041707411365
legume,2018,0.0,0.5892146914776826,1.1630995646703601,1.5144843034068183,1.3065325038570679,1.5765884741479548,0.14343293918670774,0.0621041707411365
legume,2018,0.0,0.8622390550806438,0.1924878908956078,0.16607658198645758,-0.04905495170890006,-0.10397241124532108,0.14343293918670774,0.0621041707411365
legume,2018,0.0,1.1132392041240968,0.38891320369461724,0.29580049329478975,0.532346142881325,0.35790466403592625,0.14343293918670774,0.0621041707411365
legume,2018,0.0,1.1777921310605983,0.4807016413376619,1.05523261927768,-0.33726870215095417,-0.9931284485365435,0.14343293918670774,0.0621041707411365
legume,2018,0.0,0.8788805175226116,0.12202976321087,0.4659591378574639,0.02140317597583774,-0.4038549671163274,0.14343293918670774,0.0621041707411365
legume,2018,0.0,0.8855578442890059,0.5674141750792794,1.132674479808867,-0.42398123589257164,-1.0705703090677305,0.14343293918670774,0.0621041707411365
legume,2018,0.0,1.0922950861148515,0.006109817343513235,0.016340418315485827,0.1373231218431945,0.07844458905662233,0.14343293918670774,0.0621041707411365
legume,2018,0.0,0.7968095168678253,0.5109984625355848,0.22812412751828237,-0.36756552334887704,-0.16601995677714587,0.14343293918670774,0.0621041707411365
legume,2018,0.0,0.8891928118497467,1.0212053029571746,1.9701144084451774,-0.8777723637704669,-1.9080102377040409,0.14343293918670774,0.0621041707411365
legume,2019,0.0,0.22560917465471558,0.1207034624823553,0.35236506259071554,-0.06418597631500855,0.5073752486753351,0.05651748616734675,0.15501018608461958
legume,2019,0.0,0.12907474233307967,1.3946359381082503,2.284229363568927,-1.3381184519409035,-2.1292191774843072,0.05651748616734675,0.15501018608461958
legume,2019,0.0,0.1837846425636938,0.37093016117012034,0.14811065227339082,-0.3144126750027736,0.006899533811228764,0.05651748616734675,0.15501018608461958
legume,2019,0.0,0.28375655456978616,0.41752111403978454,0.4518281651101477,-0.3610036278724378,-0.2968179790255281,0.05651748616734675,0.15501018608461958
legume,2019,0.0,0.25033264793795507,0.5208509667363677,0.47514693288690424,0.5773684529037144,0.6301571189715238,0.05651748616734675,0.15501018608461958
legume,2019,0.0,0.23051273080980775,0.2933225575966638,0.4431813812413159,0.34984004376401057,0.5981915673259355,0.05651748616734675,0.15501018608461958
legume,2019,0.0,0.20880059970999185,1.0725732781808524,1.5290766417111707,-1.0160557920135056,-1.3740664556265512,0.05651748616734675,0.15501018608461958
legume,2019,0.0,0.17287613755404485,0.3954560577974471,0.5232886401227814,0.45197354396479383,0.678298826207401,0.05651748616734675,0.15501018608461958
legume,2019,0.0,0.19368576025956147,0.14612542748346957,0.19843834477708544,-0.08960794131612282,0.353448530861705,0.05651748616734675,0.15501018608461958
legume,2019,0.0,0.21826300654389716,0.07159113963059838,0.37943350558759903,-0.015073653463251624,0.5344436916722186,0.05651748616734675,0.15501018608461958
legume,2019,0.0,0.22968618163203808,0.563157717888183,0.5009458541376173,0.6196752040555298,0.6559560402222369,0.05651748616734675,0.15501018608461958
legume,2019,0.0,0.08007798023267379,0.22401556433000103,0.13340337885242093,-0.16749807816265427,0.021606807232198655,0.05651748616734675,0.15501018608461958
legume,2019,0.0,0.09240167958571688,0.14471981310853188,0.03347855302248259,0.20123729927587863,0.12153163306213699,0.05651748616734675,0.15501018608461958
legume,2019,0.0,0.19045694264909946,0.04475862386541163,0.5223727458504159,0.10127611003275838,-0.36736255976579635,0.05651748616734675,0.15501018608461958
legume,2019,0.0,0.19653978426685473,0.2169032985275159,0.2668458852065676,-0.16038581236016913,-0.11183569912194802,0.05651748616734675,0.15501018608461958
legume,2019,0.0,0.3370867098718633,0.1285313059314417,0.3716468301347646,0.18504879209878844,0.5266570162193842,0.05651748616734675,0.15501018608461958
legume,2019,0.0,0.2790400243166545,0.2796846341131438,0.2052882116703394,0.33620212028049057,0.360298397754959,0.05651748616734675,0.15501018608461958
legume,2019,0.0,0.3035765363448394,0.5121859223587575,1.3580094105630915,-0.45566843619141073,-1.202999224478472,0.05651748616734675,0.15501018608461958
legume,2019,0.0,0.23074474118161517,0.7338896425602277,0.7595035311212692,0.7904071287275745,0.9145137172058888,0.05651748616734675,0.15501018608461958
legume,2019,0.0,0.18977635973766668,0.7054923339738837,1.0868494553728896,-0.6489748478065369,-0.93183926928827,0.05651748616734675,0.15501018608461958
legume,2019,0.0,0.2234934505817745,0.596804150403436,0.05150026749164649,0.6533216365707828,0.20651045357626607,0.05651748616734675,0.15501018608461958
legume,2019,0.0,0.335097404407608,0.40660068066002086,0.1745104294526456,0.4631181668273676,-0.019500243368026027,0.05651748616734675,0.15501018608461958
legume,2019,0.0,0.31760081305308935,0.9471246420701718,0.617304829068301,1.0036421282375185,0.7723150151529206,0.05651748616734675,0.15501018608461958
legume,2019,0.0,0.21309253236464681,0.15808337281430962,0.019923670473493083,0.21460085898165637,0.17493385655811267,0.05651748616734675,0.15501018608461958
legume,2019,0.0,0.18392895718285276,0.37070881719112325,0.3049124642032508,0.42722630335847,0.4599226502878704,0.05651748616734675,0.15501018608461958
legume,2019,0.0,0.2661653642865228,0.6936300917733549,0.558763598821101,-0.6371126056060081,-0.40375341273648147,0.05651748616734675,0.15501018608461958
legume,2019,0.0,0.31351851896437377,0.6211812904894503,0.4209545769902263,0.677698776656797,0.5759647630748459,0.05651748616734675,0.15501018608461958
legume,2019,0.0,0.34487451977933803,0.10515738062843294,0.24808401301448502,-0.048639894461086186,-0.09307382692986543,0.05651748616734675,0.15501018608461958
legume,2019,0.0,0.36886304402548475,0.11423559903695413,0.7852856571189433,-0.057718112869607374,0.9402958432035629,0.05651748616734675,0.15501018608461958
legume,2019,0.0,0.256936755392894,0.9257615626655422,0.34628305394331527,0.982279048832889,0.5012932400279348,0.05651748616734675,0.15501018608461958
legume,2019,0.0,0.31288621793393956,0.8050598503776358,0.5950629775863172,0.8615773365449826,0.7500731636709368,0.05651748616734675,0.15501018608461958
legume,2019,0.0,0.37941288266531065,0.08581458177532575,0.6137115545392229,-0.029297095607978996,0.7687217406238425,0.05651748616734675,0.15501018608461958
legume,2019,0.0,0.15348695597756754,3.549257436291925,4.283951193657849,-3.4927399501245784,-4.128941007573229,0.05651748616734675,0.15501018608461958
legume,2020,0.0,0.227235350141561,0.06980891979952908,0.3752621485094343,-0.06794865802278505,0.07808858272295716,-0.13775757782231413,-0.29717356578647713
legume,2020,0.0,0.3824970907361477,0.3848628675943022,0.26032980096664016,-0.5226204454166163,-0.5575033667531173,-0.13775757782231413,-0.29717356578647713
legume,2020,0.0,0.14412467319794645,0.6060904640528704,0.8501773015932321,-0.7438480418751845,-1.1473508673797093,-0.13775757782231413,-0.29717356578647713
legume,2020,0.0,0.16103625595729548,0.21541989127219452,0.2885410973387632,-0.35317746909450864,-0.5857146631252403,-0.13775757782231413,-0.29717356578647713
legume,2020,0.0,0.3201989235767321,0.12963487040573263,0.286430313164014,-0.26739244822804675,-0.010743252622463118,-0.13775757782231413,-0.29717356578647713
legume,2020,0.0,0.1410955308852221,0.1365467759422092,0.4328012095925815,-0.001210801880104917,0.13562764380610437,-0.13775757782231413,-0.29717356578647713
legume,2020,0.0,0.18980946232102236,0.5451493194336337,1.1781788519878473,0.4073917416113195,0.8810052862013702,-0.13775757782231413,-0.29717356578647713
legume,2020,0.0,0.1539362762856972,0.016998997889058565,0.15041229845565773,-0.12075857993325556,-0.1467612673308194,-0.13775757782231413,-0.29717356578647713
legume,2020,0.0,0.2816777942168043,0.6611535746586492,0.12721470890401232,-0.7989111524809633,-0.16995885688246481,-0.13775757782231413,-0.29717356578647713
legume,2020,0.0,0.17642563525485638,0.0770107194045,0.011028339885504224,-0.21476829722681412,-0.2861452259009729,-0.13775757782231413,-0.29717356578647713
legume,2020,0.0,0.228544135620939,0.08644412302895699,0.8593609255442711,-0.2242017008512711,0.562187359757794,-0.13775757782231413,-0.29717356578647713
legume,2020,0.0,0.13936644065455006,0.13559300107674233,0.1842876566579763,-0.0021645767455718,-0.48146122244445344,-0.13775757782231413,-0.29717356578647713
legume,2020,0.0,0.3634184165242148,0.36436915100580336,0.016667197782608945,0.22661157318348923,-0.2805063680038682,-0.13775757782231413,-0.29717356578647713
legume,2020,0.0,0.13598429126901088,0.14220403310660856,0.16140969650341663,-0.2799616109289227,-0.45858326228989377,-0.13775757782231413,-0.29717356578647713
legume,2020,0.0,0.26901714128377757,0.40796792359193734,0.3817185896275852,-0.5457255014142515,-0.6788921554140623,-0.13775757782231413,-0.29717356578647713
legume,2020,0.0,0.15949956045701968,0.05326260329489507,0.45332252034987075,-0.08449497452741905,0.15614895456339362,-0.13775757782231413,-0.29717356578647713
legume,2020,0.0,0.10103552247845446,0.4520257127612086,0.2987701219164598,-0.5897832905835227,-0.5959436877029369,-0.13775757782231413,-0.29717356578647713
legume,2020,0.0,0.27672661844414576,0.4055801328879909,0.7816325714474939,0.26782255506567676,0.48445900566101674,-0.13775757782231413,-0.29717356578647713
legume,2020,0.0,0.1391768849561555,2.6391325079095145,2.9156675685073044,2.5013749300872004,2.618494002720827,-0.13775757782231413,-0.29717356578647713
legume,2020,0.0,0.21705111074574393,1.100507195493889,0.6830966743957969,-1.238264773316203,-0.980270240182274,-0.13775757782231413,-0.29717356578647713
legume,2020,0.0,0.27159964559657646,1.0282186973943626,1.544154665170681,0.8904611195720484,1.2469810993842039,-0.13775757782231413,-0.29717356578647713
legume,2020,0.0,0.1490797852101134,0.1157727650357856,0.5924867198783268,-0.02198481278652853,0.29531315409184966,-0.13775757782231413,-0.29717356578647713
legume,2020,0.0,0.18446258152762565,0.010144701110919918,0.22121269454070358,-0.1276128767113942,-0.07596087124577355,-0.13775757782231413,-0.29717356578647713
legume,2020,0.0,0.11816862916722452,0.3472781051420055,0.7740283522145113,0.2095205273196914,0.47685478642803414,-0.13775757782231413,-0.29717356578647713
legume,2020,0.0,0.19850850557355457,0.5600131422381045,1.2581235244711788,0.4222555644157904,0.9609499586847017,-0.13775757782231413,-0.29717356578647713
legume,2020,0.0,0.3180140618149547,0.3509877634234888,0.10689782743781873,-0.48874534124580293,-0.40407139322429586,-0.13775757782231413,-0.29717356578647713
legume,2020,0.0,0.18153602914829597,0.04712450951646119,0.12988074225089452,-0.09063306830585294,-0.42705430803737165,-0.13775757782231413,-0.29717356578647713
legume,2020,0.0,0.20256356741000422,0.7970669290852896,0.7587731172463039,0.6593093512629755,0.4615995514598268,-0.13775757782231413,-0.29717356578647713
legume,2020,0.0,0.16017940110897982,0.061685383096998336,0.26391155667995925,-0.07607219472531579,-0.03326200910651789,-0.13775757782231413,-0.29717356578647713
legume,2020,0.0,0.2826630467591393,0.8463575725094197,0.44229436161190705,0.7085999946871055,0.14512079582542992,-0.13775757782231413,-0.29717356578647713
legume,2020,0.0,0.22082573984109052,0.8463757340227689,0.5660194467148179,0.7086181562004548,0.2688458809283407,-0.13775757782231413,-0.29717356578647713
legume,2020,0.0,0.1666807342668694,0.2147190435992563,0.45807084077622306,0.07696146577694218,0.16089727498974593,-0.13775757782231413,-0.29717356578647713
legume,2020,0.0,0.24421283118859183,0.22111817515239895,0.045021884433473325,0.08336059733008483,-0.34219545021995046,-0.13775757782231413,-0.29717356578647713
legume,2020,0.0,0.3479816477069857,0.16424938239013676,0.9730213035729167,-0.3020069602124509,-1.2701948693593939,-0.13775757782231413,-0.29717356578647713
legume,2021,0.0,0.3027626580314953,0.7340130113252554,0.3236662934910699,-0.44725365973946296,-0.006613220034355827,0.28675935158579247,-0.3302795135254257
legume,2021,0.0,0.41685308183660313,0.3474402609673932,0.5451669402503025,-0.060680909381600756,0.21488742672487682,0.28675935158579247,-0.3302795135254257
legume,2021,0.0,0.3812920986212111,0.6332046973028405,0.4754297718083871,-0.346445345717048,-0.8057092853338128,0.28675935158579247,-0.3302795135254257
legume,2021,0.0,0.337584888645456,0.3149226127462921,0.18625392309129207,-0.02816326116049961,-0.5165334366167178,0.28675935158579247,-0.3302795135254257
legume,2021,0.0,0.4057046463845092,0.39040205870491995,0.05964592617810904,-0.10364270711912749,-0.38992543970353477,0.28675935158579247,-0.3302795135254257
legume,2021,0.0,0.2317684781912746,0.6425006092753409,0.5049458054600264,-0.35574125768954845,-0.8352253189854522,0.28675935158579247,-0.3302795135254257
legume,2021,0.0,0.2465107282280748,0.6600669495142473,0.9932972395336694,0.9468263011000397,0.6630177260082437,0.28675935158579247,-0.3302795135254257
legume,2021,0.0,0.22849516824681987,0.4286441906004619,0.1920271477865798,-0.14188483901466942,-0.13825236573884592,0.28675935158579247,-0.3302795135254257
legume,2021,0.0,0.4157257705959684,0.15977785549166423,0.5496215206250215,0.12698149609412823,0.21934200709959573,0.28675935158579247,-0.3302795135254257
legume,2021,0.0,0.3971744252812035,1.4090824530419295,1.0114268986505492,-1.122323101456137,-1.341706412175975,0.28675935158579247,-0.3302795135254257
legume,2021,0.0,0.3935912007797733,0.19799607503605898,0.46088822349405945,0.08876327654973348,0.13060870996863372,0.28675935158579247,-0.3302795135254257
legume,2021,0.0,0.4573775842750128,0.12268025409781558,0.05896393952381995,0.1640790974879769,-0.3892434530492457,0.28675935158579247,-0.3302795135254257
legume,2021,0.0,0.1748553788661134,0.047713053041348985,0.9055732625528359,0.23904629854444348,0.5752937490274102,0.28675935158579247,-0.3302795135254257
legume,2021,0.0,0.43803703407230205,0.21505213141464985,0.7174887267582024,0.07170722017114262,0.3872092132327767,0.28675935158579247,-0.3302795135254257
legume,2021,0.0,0.2759316633300326,0.8397706258255129,1.5288881622617145,1.1265299774113053,1.1986086487362888,0.28675935158579247,-0.3302795135254257
legume,2021,0.0,0.241587863744126,0.31324404400026395,0.7464543843987013,-0.02648469241447149,0.41617487087327554,0.28675935158579247,-0.3302795135254257
legume,2021,0.0,0.39237947753116564,0.49547445760864095,0.7427545878170982,-0.20871510602284848,-1.073034101342524,0.28675935158579247,-0.3302795135254257
legume,2021,0.0,0.2832989074535484,2.456518972538054,1.3856472321970297,-2.1697596209522616,-1.7159267457224554,0.28675935158579247,-0.3302795135254257
legume,2021,0.0,0.41108240825733444,0.22711732931911577,0.26017044622407504,0.5138766809049082,-0.07010906730135069,0.28675935158579247,-0.3302795135254257
legume,2021,0.0,0.4681729529117741,1.0122812391599139,0.6419543919665429,-0.7255218875741214,-0.9722339054919686,0.28675935158579247,-0.3302795135254257
legume,2021,0.0,0.43822784465141024,0.4408363817965437,0.7785185610126124,0.7275957333823362,0.4482390474871867,0.28675935158579247,-0.3302795135254257
legume,2021,0.0,0.2586354833488432,0.6546170991815341,0.03134790678749866,-0.36785774759574164,-0.3616274203129244,0.28675935158579247,-0.3302795135254257
legume,2021,0.0,0.21072683258944497,0.4305110649973134,0.2219480773878013,-0.14375171341152093,-0.552227590913227,0.28675935158579247,-0.3302795135254257
legume,2021,0.0,0.31401226833140033,0.1727684025331513,0.6942152344618089,0.11399094905264118,0.36393572093638316,0.28675935158579247,-0.3302795135254257
legume,2021,0.0,0.27981344926686086,0.15273230646403402,0.815721210255802,0.13402704512175845,0.4854416967303763,0.28675935158579247,-0.3302795135254257
legume,2021,0.33396007406253725,0.639003442780109,0.5017286113929185,0.8742176952209082,-0.214969259807126,0.5439381816954825,0.28675935158579247,-0.3302795135254257
legume,2021,0.0,0.23839841149082508,0.1365760669805649,0.9851728706473004,0.15018328460522756,0.6548933571218747,0.28675935158579247,-0.3302795135254257
legume,2021,0.0,0.17634840100650087,0.22483122950189927,1.0462718164618403,0.5115905810876917,0.7159923029364146,0.28675935158579247,-0.3302795135254257
legume,2021,0.0,0.21883696268041736,0.5684513338632069,0.2682456577700698,-0.28169198227741443,-0.062033855755355916,0.28675935158579247,-0.3302795135254257
legume,2021,0.0,0.20663834615148122,1.5583864337319833,1.9844139834998558,1.8451457853177757,1.65413446997443,0.28675935158579247,-0.3302795135254257
legume,2021,0.0,0.2691770971891811,0.5371866923281132,1.2832707806761485,0.8239460439139057,0.9529912671507228,0.28675935158579247,-0.3302795135254257
legume,2021,0.0,0.2319158645667164,0.07148286930303538,1.3619349686286322,0.2152764822827571,1.0316554551032064,0.28675935158579247,-0.3302795135254257
legume,2021,0.0,0.2501216077251533,1.341438513279988,1.0956827188040115,-1.0546791616941955,-1.4259622323294372,0.28675935158579247,-0.3302795135254257
legume,2022,0.0,0.176856538404938,0.06295541533016724,0.007463015435599019,0.11455666300206424,-0.03660111028122515,0.051601247671897,-0.029138094845626128
legume,2022,0.0,0.15550350741264957,0.2819672901733421,0.06250631518031202,-0.2303660425014451,-0.09164441002593815,0.051601247671897,-0.029138094845626128
legume,2022,0.0,0.1934343100557905,0.8473869925799393,0.7724802171542224,-0.7957857449080423,-0.8016183119998486,0.051601247671897,-0.029138094845626128
legume,2022,0.0,0.09720540996365702,0.6238743229971853,0.394415110369847,-0.5722730753252883,-0.4235532052154731,0.051601247671897,-0.029138094845626128
legume,2022,0.0,0.16438063260610475,0.40427560385271555,0.2054754627430917,-0.35267435618081855,-0.23461355758871782,0.051601247671897,-0.029138094845626128
legume,2022,0.0,0.13049111314279455,2.021234005987353,2.1945765439238376,-1.969632758315456,-2.2237146387694637,0.051601247671897,-0.029138094845626128
legume,2022,0.0,0.24463660863010556,0.9081490297369106,0.9835758146612532,0.9597502774088076,0.9544377198156271,0.051601247671897,-0.029138094845626128
legume,2022,0.0,0.140706138263085,0.2647956926012869,0.7690607760179109,0.3163969402731839,0.7399226811722848,0.051601247671897,-0.029138094845626128
legume,2022,0.0,0.31853061076116335,0.24362615897833617,0.7730185452327598,0.29522740665023317,0.7438804503871337,0.051601247671897,-0.029138094845626128
legume,2022,0.0,0.20200564340769162,1.3392776445657502,1.158715036324959,-1.2876763968938532,-1.187853131170585,0.051601247671897,-0.029138094845626128
legume,2022,0.0,0.18464048588428272,0.08551149830243343,0.6218570909456975,0.13711274597433043,0.5927189961000714,0.051601247671897,-0.029138094845626128
legume,2022,0.0,0.2514379856638377,0.11942490065038314,0.14894172688848073,-0.06782365297848614,-0.17807982173410686,0.051601247671897,-0.029138094845626128
legume,2022,0.0,0.23403612534251597,0.3747870045585904,0.3259417452106499,0.4263882522304874,-0.355079840056276,0.051601247671897,-0.029138094845626128
legume,2022,0.0,0.09874911453215048,0.48840112806375835,0.2237865586695733,-0.43679988039186135,-0.25292465351519944,0.051601247671897,-0.029138094845626128
legume,2022,0.0,0.1658440412384496,1.3397657969048709,0.817580997095992,1.3913670445767679,0.7884429022503658,0.051601247671897,-0.029138094845626128
legume,2022,0.0,0.1938449477372593,0.11053864841626648,0.22834278727566026,-0.058937400744369484,-0.2574808821212864,0.051601247671897,-0.029138094845626128
legume,2022,0.0,0.13933563344457447,0.6887148391956339,0.17099366512842273,0.7403160868675309,0.1418555702827966,0.051601247671897,-0.029138094845626128
legume,2022,0.0,0.18719313411780777,1.6350634467559337,1.4566014931186193,-1.5834621990840367,-1.4857395879642454,0.051601247671897,-0.029138094845626128
legume,2022,0.0,0.21764425668951878,0.18661935387253248,0.10339233119674862,-0.13501810620063548,-0.13253042604237475,0.051601247671897,-0.029138094845626128
legume,2022,0.0,0.1750779652988172,0.47453866404553313,0.22796091141274566,0.5261399117174301,0.19882281656711953,0.051601247671897,-0.029138094845626128
legume,2022,0.0,0.15352503359094513,0.14782420173364041,0.20941009891641826,0.1994254494055374,0.18027200407079214,0.051601247671897,-0.029138094845626128
legume,2022,0.0,0.12997760559231414,0.34543524975414286,0.5133448512464538,-0.29383400208224586,-0.5424829460920799,0.051601247671897,-0.029138094845626128
legume,2022,0.0,0.10919498855750442,0.053745323606059436,0.3567605783842245,0.10534657127795644,0.32762248353859835,0.051601247671897,-0.029138094845626128
legume,2022,0.0,0.17152130144669755,0.20782146366008636,0.7524649006558866,-0.15622021598818936,0.7233268058102604,0.051601247671897,-0.029138094845626128
legume,2022,0.0,0.29645051016194046,0.26260315841048065,0.38822722698459433,-0.21100191073858365,0.3590891321389682,0.051601247671897,-0.029138094845626128
legume,2022,0.0,0.470240450811105,0.10950428613573138,0.44454071284221186,0.16110553380762838,0.41540261799658573,0.051601247671897,-0.029138094845626128
legume,2022,0.0,0.4280211235966055,0.0504166736563878,0.16254765214007705,0.1020179213282848,0.13340955729445092,0.051601247671897,-0.029138094845626128
legume,2022,0.0,0.36034856712704366,0.06640015150736911,0.3994320278810308,-0.01479890383547211,-0.42857012272665695,0.051601247671897,-0.029138094845626128
legume,2022,0.0,0.23764883362400652,1.5502717592244917,1.164743036935202,1.6018730068963887,1.135604942089576,0.051601247671897,-0.029138094845626128
legume,2022,0.0,0.2648095069282676,0.7780508287250587,0.6656648697944227,0.8296520763969557,0.6365267749487966,0.051601247671897,-0.029138094845626128
legume,2022,0.0,0.20388914032794986,0.5621655109010923,1.1298188024556675,0.6137667585729893,1.1006807076100413,0.051601247671897,-0.029138094845626128
legume,2022,0.0,0.2520307565470727,0.40573924788970617,0.5103914219243557,-0.35413800021780917,-0.5395295167699818,0.051601247671897,-0.029138094845626128
legume,2023,0.0,0.4904041416510019,0.2702731953452755,0.16054124254353486,0.08910028620200539,-0.0960577721193312,-0.1811729091432701,-0.25659901466286605
legume,2023,0.0,0.21820719190768734,0.5147578448632526,0.16454968483629262,0.3335849357199825,-0.4211486994991587,-0.1811729091432701,-0.25659901466286605
legume,2023,0.0,0.3246272027002743,0.10228107533437925,0.4077454642420806,-0.28345398447764936,0.15114644957921453,-0.1811729091432701,-0.25659901466286605
legume,2023,0.0,0.2013041227236218,0.8303198595682284,0.6700712228896242,0.6491469504249583,0.4134722082267581,-0.1811729091432701,-0.25659901466286605
legume,2023,0.0,0.2159125776669867,0.17967816429553451,0.24046505301273946,-0.0014947448477355962,-0.016133961650126594,-0.1811729091432701,-0.25659901466286605
legume,2023,0.0,0.24294421723204102,0.15793297716982568,0.07674381052189982,-0.3391058863130958,-0.3333428251847659,-0.1811729091432701,-0.25659901466286605
legume,2023,0.0,0.24703225509575547,0.8647526666474032,1.0406318918333701,0.6835797575041331,0.7840328771705041,-0.1811729091432701,-0.25659901466286605
legume,2023,0.0,0.18803288580190952,1.1024935998554044,1.2301053664996626,0.9213206907121343,0.9735063518367966,-0.1811729091432701,-0.25659901466286605
legume,2023,0.0,0.1823418488757166,0.149375140329715,0.3442680737442734,-0.031797768813555116,0.08766905908140732,-0.1811729091432701,-0.25659901466286605
legume,2023,0.0,0.31228789377941385,0.26883945788636243,0.02038886746946389,-0.45001236702963254,-0.27698788213232994,-0.1811729091432701,-0.25659901466286605
legume,2023,0.0,0.2792482015128508,0.5902447645278812,0.540116472183918,-0.7714176736711513,-0.7967154868467841,-0.1811729091432701,-0.25659901466286605
legume,2023,0.0,0.22223960818248104,0.21891342266011726,0.6931448445421129,0.03774051351684715,0.43654582987924684,-0.1811729091432701,-0.25659901466286605
legume,2023,0.0,0.2476095250677442,0.023124842563783332,0.11114602575194166,-0.20429775170705344,-0.1454529889109244,-0.1811729091432701,-0.25659901466286605
legume,2023,0.0,0.4419711948358101,0.3771010791815428,0.15942882116574975,0.19592817003827268,-0.09717019349711631,-0.1811729091432701,-0.25659901466286605
legume,2023,0.0,0.2726466674369967,0.48328712593479306,0.1774296423524806,-0.6644600350780632,-0.43402865701534665,-0.1811729091432701,-0.25659901466286605
legume,2023,0.0,0.4714391739876215,0.9843193462374078,1.0915939527273721,0.8031464370941377,0.8349949380645061,-0.1811729091432701,-0.25659901466286605
legume,2023,0.0,0.3385203283094066,0.06628379251409289,0.1523842396682369,-0.247456701657363,-0.40898325433110294,-0.1811729091432701,-0.25659901466286605
legume,2023,0.0,0.3751315253555718,0.15916139960324127,0.22089909643982608,-0.3403343087465114,-0.03569991822303997,-0.1811729091432701,-0.25659901466286605
legume,2023,0.0,0.2164505033463279,0.6362143286642432,0.6714892730767428,0.4550414195209731,0.4148902584138767,-0.1811729091432701,-0.25659901466286605
legume,2023,0.0,0.28992682387432506,0.5299231983452826,0.33169704124974597,0.34875028920201245,0.07509802658687992,-0.1811729091432701,-0.25659901466286605
legume,2023,0.0,0.2252646495455301,0.7674083567821715,0.35228604321021706,-0.9485812659254416,-0.6088850578730831,-0.1811729091432701,-0.25659901466286605
legume,2023,0.0,0.23409189835451327,0.7803390538362471,0.5747288073229164,0.599166144692977,0.31812979266005037,-0.1811729091432701,-0.25659901466286605
legume,2023,0.0,0.2169818673407476,0.3224481143856117,0.9222512272286094,0.1412752052423416,0.6656522125657434,-0.1811729091432701,-0.25659901466286605
legume,2023,0.0,0.38899176024630283,0.37410618921298155,1.1554698741469327,0.19293328006971144,0.8988708594840666,-0.1811729091432701,-0.25659901466286605
legume,2023,0.0,0.4496364228300858,0.49159800428841205,0.12329039027789435,-0.6727709134316822,-0.3798894049407604,-0.1811729091432701,-0.25659901466286605
legume,2023,0.0,0.3346115751415869,0.29672665255029074,0.5451396283169965,0.11555374340702063,0.2885406136541304,-0.1811729091432701,-0.25659901466286605
legume,2023,0.0,0.5778566168044371,0.8165572391611633,1.0195389971545552,-0.9977301483044334,-1.2761380118174213,-0.1811729091432701,-0.25659901466286605
legume,2023,0.0,0.47142535995681145,0.17446199160967701,0.2224109093729325,-0.006710917533593097,-0.47900992403579856,-0.1811729091432701,-0.25659901466286605
legume,2023,0.0,0.31402707913339023,0.8594821063228437,0.4846091237644865,0.6783091971795736,0.22801010910162045,-0.1811729091432701,-0.25659901466286605
legume,2023,0.0,0.34003891791392665,1.0696743766504837,1.1558072270344675,-1.2508472857937538,-1.4124062416973335,-0.1811729091432701,-0.25659901466286605
legume,2023,0.0,0.28623513028623726,0.3069838867522279,0.6187120918474278,0.12581097760895776,0.36211307718456176,-0.1811729091432701,-0.25659901466286605
legume,2023,0.0,0.2933667253516134,1.0212566643379386,0.5419766309479215,0.8400837551946685,0.2853776162850554,-0.1811729091432701,-0.25659901466286605
legume,2024,0.0,0.34558174895568483,0.1270823411558233,0.46014220397566596,0.023747761691063296,0.4485216559073555,-0.10333457946475999,-0.011620548068310477
legume,2024,0.0,0.46230807603949176,0.8767616570033958,0.3405930625245581,0.7734270775386358,-0.3522136105928686,-0.10333457946475999,-0.011620548068310477
legume,2024,0.0,0.39598526379275056,0.2875821433797707,0.061613471662136376,-0.3909167228445307,0.0499929235938259,-0.10333457946475999,-0.011620548068310477
legume,2024,0.0,0.4410326531511333,0.6650952977694948,1.0261918110598631,-0.7684298772342548,-1.0378123591281736,-0.10333457946475999,-0.011620548068310477
legume,2024,0.0,0.4626519212543638,0.2895768696779939,0.3854444202556282,0.1862422902132339,-0.39706496832393867,-0.10333457946475999,-0.011620548068310477
legume,2024,0.0,0.40510850147850325,0.2767285649281739,0.5427325456205985,-0.38006314439293387,-0.554353093688909,-0.10333457946475999,-0.011620548068310477
legume,2024,0.0,0.7185766079033137,0.9905929096516504,0.542761975589916,0.8872583301868904,0.5311414275216055,-0.10333457946475999,-0.011620548068310477
legume,2024,0.0,0.35606391961336487,1.131397870629745,1.0387911206767066,1.028063291164985,1.0271705726083962,-0.10333457946475999,-0.011620548068310477
legume,2024,0.0,0.43355039151622055,0.149107774893384,0.002107516873341986,0.045773195428624014,-0.013728064941652462,-0.10333457946475999,-0.011620548068310477
legume,2024,0.0,0.36439869820776305,0.17793541831285875,0.4350450872173264,0.07460083884809876,0.4234245391490159,-0.10333457946475999,-0.011620548068310477
legume,2024,0.0,0.49424116500533505,0.00502483710894186,0.23717459654727868,-0.09830974235581813,-0.24879514461558916,-0.10333457946475999,-0.011620548068310477
legume,2024,0.0,0.4882750054487833,0.27488590979972916,0.17238371513193407,-0.37822048926448915,0.1607631670636236,-0.10333457946475999,-0.011620548068310477
legume,2024,0.0,0.3629950455383259,0.05028032684732242,0.42453689369393466,-0.05305425261743757,-0.43615744176224513,-0.10333457946475999,-0.011620548068310477
legume,2024,0.0,0.36623125243838556,0.4583728396711271,0.3924549420925043,0.3550382602063671,0.38083439402419383,-0.10333457946475999,-0.011620548068310477
legume,2024,0.0,0.19327731184455735,0.9671770571070439,0.48380295908241866,-1.070511636571804,-0.49542350715072914,-0.10333457946475999,-0.011620548068310477
legume,2024,0.0,0.336357240410033,0.8091822628856269,0.5243801841846434,0.7058476834208669,0.5127596361163329,-0.10333457946475999,-0.011620548068310477
legume,2024,0.0,0.3619106378623959,0.09012973526048818,0.01689611614976272,-0.013204844204271815,0.005275568081452242,-0.10333457946475999,-0.011620548068310477
legume,2024,0.0,0.6636411512919274,2.641520309459665,3.3519183517823876,-2.744854888924425,-3.363538899850698,-0.10333457946475999,-0.011620548068310477
legume,2024,0.0,0.5601128011746722,0.04928624604862897,0.18890968945727415,-0.15262082551338896,0.17728914138896368,-0.10333457946475999,-0.011620548068310477
legume,2024,0.0,0.43724369047604483,1.323251462635941,0.9451349215518619,1.219916883171181,0.9335143734835514,-0.10333457946475999,-0.011620548068310477
legume,2024,0.0,0.41509229501720163,0.6772566247006928,0.803242993859083,0.5739220452359328,0.7916224457907726,-0.10333457946475999,-0.011620548068310477
legume,2024,0.0,0.2187985039007855,0.7941581648592919,0.6964733096377973,0.6908235853945319,0.6848527615694868,-0.10333457946475999,-0.011620548068310477
legume,2024,0.0,0.587150311922711,0.5810260191223175,0.7311686286038066,-0.6843605985870775,-0.7427891766721171,-0.10333457946475999,-0.011620548068310477
legume,2024,0.0,0.41325264477173923,0.4788528938517418,0.6244526189969495,-0.5821874733165018,-0.63607316706526,-0.10333457946475999,-0.011620548068310477
legume,2024,0.0,0.5292446834516724,0.1355162691531664,0.3255737514997117,0.0321816896884064,0.3139532034314012,-0.10333457946475999,-0.011620548068310477
legume,2024,0.0,0.3004737079135061,0.11596536367421173,0.6617621762533688,0.01263078420945174,0.6501416281850583,-0.10333457946475999,-0.011620548068310477
legume,2024,0.0,0.5572141582166458,0.6527990112989652,0.2896750959194181,-0.7561335907637252,0.2780545478511076,-0.10333457946475999,-0.011620548068310477
legume,2024,0.0,0.48979033342316747,0.07755614477629358,0.08728753037454062,-0.02577843468846641,0.07566698230623015,-0.10333457946475999,-0.011620548068310477
legume,2024,0.0,0.35447054756405555,0.11283989156777796,0.2275391089720884,-0.21617447103253795,0.21591856090377792,-0.10333457946475999,-0.011620548068310477
legume,2024,0.0,0.6707610657803793,0.3720763310694002,0.3594139785032038,-0.4754109105341602,-0.37103452657151426,-0.10333457946475999,-0.011620548068310477
legume,2024,0.0,0.2849043658543414,1.0580174116594954,0.8366446046399298,0.9546828321947354,0.8250240565716194,-0.10333457946475999,-0.011620548068310477
legume,2024,0.0,0.28947221886652574,0.5998098589326313,0.15482394414753653,0.4964752794678713,0.14320339607922605,-0.10333457946475999,-0.011620548068310477
legume,2024,0.0,0.6361587912726376,0.0934922161859486,0.11337399893014588,-0.009842363278811384,0.1017534508618354,-0.10333457946475999,-0.011620548068310477
legume,2024,0.0,0.40795253509034496,0.3750577114717979,0.6627883134353256,-0.4783922909365579,-0.6744088615036361,-0.10333457946475999,-0.011620548068310477
legume,2024,0.0,0.3601108293146954,1.321169308465148,0.6041349374468217,1.217834729000388,0.5925143893785112,-0.10333457946475999,-0.011620548068310477
legume,2025,0.0,0.3178795901978049,0.2680966743920674,0.1579547888763475,0.02803635985924835,-0.185575375421414,0.29613303425131576,-0.027620586545066494
legume,2025,0.0,0.5059582647074451,0.4922623546366278,0.3250341787427251,-0.19612932038531206,0.2974135921976586,0.29613303425131576,-0.027620586545066494
legume,2025,0.0,0.3159273451042629,1.6177838455483573,0.9767784793205361,-1.3216508112970415,-1.0043990658656026,0.29613303425131576,-0.027620586545066494
legume,2025,0.0,0.2620222636365909,0.26936074066195026,0.9590764969519112,0.565493774913266,0.9314559104068447,0.29613303425131576,-0.027620586545066494
legume,2025,0.0,0.37220859522267746,0.2622168237266509,0.25307779416608156,0.03391621052466487,0.22545720762101507,0.29613303425131576,-0.027620586545066494
legume,2025,0.0,0.21560921940363817,0.06707546061501812,0.3458391537807275,0.22905757363629764,-0.373459740325794,0.29613303425131576,-0.027620586545066494
legume,2025,0.0,0.17904495011634985,0.5868221529043698,0.7291499189640369,0.8829551871556856,0.7015293324189704,0.29613303425131576,-0.027620586545066494
legume,2025,0.0,0.1497132339708608,0.3011178530500862,0.817775534271683,-0.004984818798770441,0.7901549477266165,0.29613303425131576,-0.027620586545066494
legume,2025,0.0,0.607491570617751,0.7549367377925904,0.02712524224023749,-0.45880370354127464,-0.000495344304829004,0.29613303425131576,-0.027620586545066494
legume,2025,0.0,0.2629057284322888,0.4417250410260545,0.19600983557456164,-0.1455920067747387,0.16838924902949515,0.29613303425131576,-0.027620586545066494
legume,2025,0.0,0.19321895260266916,1.0965747550425586,0.5669838935421732,-0.8004417207912429,-0.5946044800872397,0.29613303425131576,-0.027620586545066494
legume,2025,0.0,0.25409992732475695,0.18048506129436248,0.31459248262694306,0.11564797295695328,0.28697189608187657,0.29613303425131576,-0.027620586545066494
legume,2025,0.0,0.40533322130767296,0.3769238060111606,0.3114660318264333,0.6730568402624764,0.2838454452813668,0.29613303425131576,-0.027620586545066494
legume,2025,0.0,0.27025800149468954,0.31251089366869955,0.7691457977735636,-0.01637785941738379,0.7415252112284971,0.29613303425131576,-0.027620586545066494
legume,2025,0.0,0.5226744563203658,1.020874538569167,1.2093506941822998,1.3170075728204829,1.1817301076372333,0.29613303425131576,-0.027620586545066494
legume,2025,0.0,0.3979048789067886,0.12249971649805946,0.4674226255214782,0.4186327507493752,0.4398020389764117,0.29613303425131576,-0.027620586545066494
legume,2025,0.0,0.25115156168953057,0.0687971568847372,0.08459435758375111,0.22733587736657856,0.05697377103868462,0.29613303425131576,-0.027620586545066494
legume,2025,0.0,0.23973032586539061,2.2894871710163756,1.979261578612216,-1.9933541367650598,-2.0068821651572826,0.29613303425131576,-0.027620586545066494
legume,2025,0.0,0.410475773652111,0.5429328152502988,0.6909043228741432,0.8390658495016146,0.6632837363290767,0.29613303425131576,-0.027620586545066494
legume,2025,0.0,0.4127664635901408,0.29544796687952424,0.08581005883287318,0.59158100113084,0.05818947228780669,0.29613303425131576,-0.027620586545066494
legume,2025,0.0,0.47979502120463674,0.4277446049486624,0.059026269364375494,-0.13161157069734664,-0.08664685590944199,0.29613303425131576,-0.027620586545066494
legume,2025,0.0,0.21447142934585642,0.5666399629341647,0.2881132377610962,-0.270506928682849,-0.3157338243061627,0.29613303425131576,-0.027620586545066494
legume,2025,0.0,0.2202896060092368,0.24467205001833925,0.17218833125041222,0.051460984232976514,0.14456774470534572,0.29613303425131576,-0.027620586545066494
legume,2025,0.0,0.18789550456673987,0.7695191482333801,0.327634267034675,-0.4733861139820643,-0.3552548535797415,0.29613303425131576,-0.027620586545066494
legume,2025,0.0,0.5788432930528142,0.709577729195705,0.09484968348468925,-0.4134446949443893,-0.12247027002975575,0.29613303425131576,-0.027620586545066494
legume,2025,0.0,0.23561884660288834,0.5673889287747249,0.21766303481942995,-0.27125589452340915,-0.24528362136449644,0.29613303425131576,-0.027620586545066494
legume,2025,0.0,0.6482247821220524,0.31310033131793436,0.16981988672450754,0.6092333655692501,0.14219930017944105,0.29613303425131576,-0.027620586545066494
legume,2025,0.0,0.44768231701009215,0.6815401903479472,0.7491906636104702,-0.38540715609663145,-0.7768112501555366,0.29613303425131576,-0.027620586545066494
legume,2025,0.0,0.2864983461204579,0.7787106655451321,0.692730741061359,1.074843699796448,0.6651101545162925,0.29613303425131576,-0.027620586545066494
legume,2025,0.0,0.2535078860253368,0.4292663746168488,0.4838116471214544,0.7253994088681646,0.4561910605763879,0.29613303425131576,-0.027620586545066494
legume,2025,0.0,0.559145617533097,1.7959107268981276,2.1395527451866583,-1.4997776926468118,-2.1671733317317248,0.29613303425131576,-0.027620586545066494
orz,2007,0.0,0.27257719594936347,0.04602754965939093,0.2048253167257541,0.36221509200117197,0.49872715508921717,0.4082426416605629,0.7035524718149713
orz,2007,0.0,0.3350811716495891,1.8096878523178836,2.1201481038533005,-1.4014452106573208,-1.4165956320383293,0.4082426416605629,0.7035524718149713
orz,2007,0.0,0.2181082993370788,0.060040298255685354,0.07729973395299528,0.46828293991624825,0.626252737861976,0.4082426416605629,0.7035524718149713
orz,2007,0.0,0.246987872155858,0.6458799963397408,0.7447343521110392,-0.2376373546791779,-0.04118188029606795,0.4082426416605629,0.7035524718149713
orz,2007,0.0,0.3353939062177106,1.3652414066338445,1.6015135687431465,-0.9569987649732816,-0.8979610969281753,0.4082426416605629,0.7035524718149713
orz,2007,0.0,0.27386453152084,0.5878258194464929,0.7400349840010683,-0.17958317778593003,-0.036482512186096994,0.4082426416605629,0.7035524718149713
orz,2007,0.0,0.3707633268233665,0.48920363229475994,0.8048992487796962,-0.08096099063419704,-0.10134677696472494,0.4082426416605629,0.7035524718149713
orz,2007,0.0,0.3211522124432274,0.762704028223963,0.8305934067139638,-0.3544613865634001,-0.12704093489899249,0.4082426416605629,0.7035524718149713
orz,2007,0.0,0.30896104255441403,0.08042840646329408,0.3596643233616539,0.3278142351972688,0.3438881484533174,0.4082426416605629,0.7035524718149713
orz,2007,0.0,0.2963329328558357,0.046730133176519306,0.08641843363750779,0.4549727748370822,0.6171340381774635,0.4082426416605629,0.7035524718149713
orz,2007,0.0,0.31460790791496407,0.8088406586213532,1.205940741963176,-0.40059801696079034,-0.5023882701482048,0.4082426416605629,0.7035524718149713
orz,2007,0.0,0.2686105338912832,0.672020665126853,1.1795413595801043,-0.2637780234662901,-0.47598888776513304,0.4082426416605629,0.7035524718149713
orz,2007,0.0,0.2760815403199552,0.8091754751492077,1.161120001108654,-0.40093283348864484,-0.4575675292936827,0.4082426416605629,0.7035524718149713
orz,2007,0.0,0.5925981299389761,0.1916580923362763,0.3534002806476124,0.2165845493242866,0.35015219116735885,0.4082426416605629,0.7035524718149713
orz,2007,0.0,0.3671716469346057,0.03318199174777581,0.5994222786867951,0.4414246334083387,0.10413019312817617,0.4082426416605629,0.7035524718149713
orz,2007,0.0,0.6562986280267447,0.25175869966158215,0.4770437117635944,0.15648394199898075,0.22650876005137688,0.4082426416605629,0.7035524718149713
orz,2007,0.0,0.6781914217409847,0.6382536751880723,1.032845121113699,-0.2300110335275094,-0.3292926492987278,0.4082426416605629,0.7035524718149713
orz,2007,0.0,0.36943795913471195,0.24992566680290418,0.6752209553829913,0.15831697485765872,0.028331516431979953,0.4082426416605629,0.7035524718149713
orz,2007,0.0,0.3489631869447573,0.18195436349809135,0.47644839350315493,0.22628827816247155,0.22710407831181634,0.4082426416605629,0.7035524718149713
orz,2007,0.0,0.35387877052777206,0.09038210018795456,0.45992072881127966,0.49862474184851746,0.24363174300369161,0.4082426416605629,0.7035524718149713
orz,2007,0.0,0.3704456778497637,0.6368810975350601,0.9829935983599951,-0.22863845587449716,-0.27944112654502384,0.4082426416605629,0.7035524718149713
orz,2007,0.0,0.3757161947620574,0.35111037246681054,0.9108016873676781,0.05713226919375236,-0.2072492155527068,0.4082426416605629,0.7035524718149713
orz,2007,0.0,0.33747285751988676,0.29551780455130894,0.8956910737359189,0.11272483710925396,-0.19213860192094767,0.4082426416605629,0.7035524718149713
orz,2007,0.0,0.3283296870348759,0.6047603558332875,1.0475581886789342,-0.19651771417272457,-0.344005716863963,0.4082426416605629,0.7035524718149713
orz,2007,0.0,0.32435450247295955,0.8786346844915973,1.4926050274778067,-0.4703920428310344,-0.7890525556628354,0.4082426416605629,0.7035524718149713
orz,2007,0.0,0.23481368643858963,0.42049564407719653,0.8853655758900205,-0.01225300241663363,-0.18181310407504925,0.4082426416605629,0.7035524718149713
orz,2007,0.0,0.8680613665408293,0.20733337764484538,0.44199639831048865,0.20090926401571751,0.2615560735044826,0.4082426416605629,0.7035524718149713
orz,2007,0.0,0.6571186178900377,0.18221772487451338,0.23886586982157798,0.22602491678604952,0.4646866019933933,0.4082426416605629,0.7035524718149713
orz,2007,0.0,0.8994604234988668,0.01328324199966957,0.12835377193239506,0.39495939966089333,0.5751986998825762,0.4082426416605629,0.7035524718149713
orz,2007,0.0,0.7039759387820305,0.13932303447248184,0.28323607600886636,0.26891960718808106,0.4203163958061049,0.4082426416605629,0.7035524718149713
orz,2007,0.0,0.4321753903480484,0.15688574942615174,0.49672367358453684,0.25135689223441116,0.20682879823043443,0.4082426416605629,0.7035524718149713
orz,2007,0.0,0.7206569956389476,0.24163977926629565,0.3176249874312793,0.16660286239426725,0.38592748438369195,0.4082426416605629,0.7035524718149713
orz,2007,0.0,0.22729224780922772,0.14308693989699606,0.4184537145257843,0.26515570176356684,0.285098757289187,0.4082426416605629,0.7035524718149713
orz,2007,0.0,0.7585341885680081,0.3652785755951049,0.44759070266682377,0.042964066065457995,0.2559617691481475,0.4082426416605629,0.7035524718149713
orz,2007,0.0,0.928601009580292,0.29179261159257397,0.4454411232906983,0.11645003006798893,0.258111348524273,0.4082426416605629,0.7035524718149713
orz,2008,0.0,0.2661134356217678,0.6937853610604585,0.5663296143533141,0.18565721524422996,0.0933983073172846,-0.5081281458162286,-0.4729313070360295
orz,2008,0.0,0.18779486421099573,0.748451025326522,0.8737895993674138,0.2403228795102934,0.40085829233138437,-0.5081281458162286,-0.4729313070360295
orz,2008,0.02186881121668094,0.48711711306394256,0.24691967339143384,0.45069633524172525,-0.2612084724247947,-0.022234971794304226,-0.5081281458162286,-0.4729313070360295
orz,2008,0.0,0.4678223944325306,0.15028575739129924,0.3328652935277505,-0.3578423884249293,-0.14006601350827896,-0.5081281458162286,-0.4729313070360295
orz,2008,0.0,0.35964769085590287,0.27890849309523214,0.3758159683341864,-0.22921965272099643,-0.09711533870184308,-0.5081281458162286,-0.4729313070360295
orz,2008,0.0,0.30955529781348623,0.232265696063775,0.3018324728695041,-0.27586244975245355,-0.17109883416652538,-0.5081281458162286,-0.4729313070360295
orz,2008,0.0,0.1785386870919881,0.38712534212620175,0.3850286430297367,-0.1210028036900268,-0.08790266400629276,-0.5081281458162286,-0.4729313070360295
orz,2008,0.0,0.28141665812481487,0.48364442696383847,0.7046157943915015,-0.02448371885239009,0.23168448735547198,-0.5081281458162286,-0.4729313070360295
orz,2008,0.0,0.18911681095108962,0.3765531146824732,0.5274103541758266,-0.13157503113375535,0.05447904713979712,-0.5081281458162286,-0.4729313070360295
orz,2008,0.0,0.3489881050876453,0.23721308661669838,0.41678965255066336,-0.2709150591995302,-0.05614165448536612,-0.5081281458162286,-0.4729313070360295
orz,2008,0.0,0.4572746378340404,0.32037588925934024,0.5074898021075418,-0.18775225655688832,0.03455849507151232,-0.5081281458162286,-0.4729313070360295
orz,2008,0.0,0.20976562631189805,0.6401939838059367,0.612824270376255,0.13206583798970817,0.1398929633402255,-0.5081281458162286,-0.4729313070360295
orz,2008,0.0,0.30364796670834915,0.4634111281604567,0.530505542983887,-0.04471701765577185,0.05757423594785749,-0.5081281458162286,-0.4729313070360295
orz,2008,0.0,0.20524680315443602,0.6113263084369165,0.5357908840709773,0.10319816262068793,0.06285957703494782,-0.5081281458162286,-0.4729313070360295
orz,2008,0.0,0.2408187122849858,0.7156415247908843,0.4659620900150019,0.20751337897465572,-0.006969217021027596,-0.5081281458162286,-0.4729313070360295
orz,2008,0.0,0.2527649963178114,0.4002148865360562,0.4929279099517738,-0.10791325928017237,0.019996602915744344,-0.5081281458162286,-0.4729313070360295
orz,2008,0.0,0.24970136348331567,0.5456559451137108,0.47570165738576575,0.03752779929748229,0.0027703503497362725,-0.5081281458162286,-0.4729313070360295
orz,2008,0.0,0.13672073839073423,0.6736950229633081,0.38361412276073503,0.16556687714707952,-0.08931718427529445,-0.5081281458162286,-0.4729313070360295
orz,2008,0.0,0.2611949897312646,0.5779637940269642,0.41248956247021695,0.06983564821073562,-0.06044174456581253,-0.5081281458162286,-0.4729313070360295
orz,2008,0.0,0.31583856958731654,0.4425709765381356,0.012785990711353001,-0.06555716927809296,-0.4857172977473825,-0.5081281458162286,-0.4729313070360295
orz,2008,0.0,0.26677322010808613,0.38073364560534717,0.35031532167228807,-0.1273945002108814,-0.12261598536374141,-0.5081281458162286,-0.4729313070360295
orz,2008,0.0,0.2370561341242139,0.4428679173426282,0.5077237964436438,-0.06526022847360036,0.03479248940761437,-0.5081281458162286,-0.4729313070360295
orz,2008,0.0,0.2740931135368318,0.668124627850871,0.48926362675274415,0.15999648203464245,0.01633231971671467,-0.5081281458162286,-0.4729313070360295
orz,2008,0.0,0.1970891291932116,0.404322464890813,0.5102971514499899,-0.10380568092541553,0.0373658444139604,-0.5081281458162286,-0.4729313070360295
orz,2008,0.0,0.3674082317785149,0.6430598480538054,0.3497103628542031,0.1349317022375769,-0.12322094418182639,-0.5081281458162286,-0.4729313070360295
orz,2008,0.0,0.3382402439786999,0.4376106757895002,0.15360257259263177,-0.07051747002672837,-0.3193287344433977,-0.5081281458162286,-0.4729313070360295
orz,2008,0.0,0.2509757792637521,0.7541383027604627,0.5632259039593479,0.24601015694423412,0.09029459692331843,-0.5081281458162286,-0.4729313070360295
orz,2008,0.0,0.24247586288444642,0.5928790137439899,0.5988651309953434,0.08475086792776132,0.12593382395931396,-0.5081281458162286,-0.4729313070360295
orz,2008,0.0,0.2394291169665061,0.6386914795849981,0.7055309652974038,0.1305633337687695,0.2325996582613743,-0.5081281458162286,-0.4729313070360295
orz,2008,0.0,0.17377638638986426,0.6214894544489344,0.6192483071004244,0.11336130863270588,0.14631700006439496,-0.5081281458162286,-0.4729313070360295
orz,2008,0.0,0.30353653291036975,0.6246008165202248,0.48318090083270215,0.11647267070399625,0.010249593796672674,-0.5081281458162286,-0.4729313070360295
orz,2008,0.0,0.1867350420144189,0.6283406860703962,0.49839281993122775,0.12021254025416761,0.02546151289519827,-0.5081281458162286,-0.4729313070360295
orz,2008,0.0,0.24272644824449632,0.3663577739024064,0.337247861053001,-0.14177037191382214,-0.1356834459830285,-0.5081281458162286,-0.4729313070360295
orz,2008,0.0,0.22651683246035903,0.619133208434163,0.48367208586208355,0.11100506261793441,0.010740778826054065,-0.5081281458162286,-0.4729313070360295
orz,2008,0.0,0.29111652888730094,0.7359337522198071,0.5626253602115501,0.2278056064035785,0.0896940531755206,-0.5081281458162286,-0.4729313070360295
orz,2009,0.0,0.415421876482075,0.5124062057466423,0.0940622796252013,0.38968549856190293,0.48416968715792175,-0.12272070718473937,0.39010740753272044
orz,2009,0.0,0.35744448139886387,0.07448241872040873,0.48234071183519234,-0.04823828846433065,-0.0922333043024719,-0.12272070718473937,0.39010740753272044
orz,2009,0.0,0.3032429365908988,0.12698181021488253,0.46057955147115237,-0.2497025173996219,-0.07047214393843193,-0.12272070718473937,0.39010740753272044
orz,2009,0.0,0.2905613716842638,0.134593336156005,0.4274925076585525,-0.25731404334074437,-0.03738510012583207,-0.12272070718473937,0.39010740753272044
orz,2009,0.0,0.5141030539645085,0.09847366914116273,0.33424347302862856,-0.02424703804357664,0.05586393450409188,-0.12272070718473937,0.39010740753272044
orz,2009,0.0,0.22622680159408132,0.18277327932912169,0.18003070173761593,0.06005257214438231,0.2100767057951045,-0.12272070718473937,0.39010740753272044
orz,2009,0.0,0.3286385102091419,0.2510966650327453,0.2490497160780012,0.12837595784800593,0.14105769145471925,-0.12272070718473937,0.39010740753272044
orz,2009,0.0,0.45793255497934415,0.0961988087016934,0.5058458678015554,-0.21891951588643277,-0.11573846026883494,-0.12272070718473937,0.39010740753272044
orz,2009,0.0,0.39825672900918446,0.2875962993055081,0.07973744809251526,0.16487559212076874,0.3103699594402052,-0.12272070718473937,0.39010740753272044
orz,2009,0.0,0.4136135457809413,0.005613831380056666,0.16962422901859275,-0.11710687580468271,0.2204831785141277,-0.12272070718473937,0.39010740753272044
orz,2009,0.0,0.2713017840817211,0.2491662730800721,0.007162628604474364,0.12644556589533273,0.3972700361371948,-0.12272070718473937,0.39010740753272044
orz,2009,0.0,0.46644919611673386,0.05418087925888715,0.627163099807535,-0.06853982792585223,-0.2370556922748146,-0.12272070718473937,0.39010740753272044
orz,2009,0.0,0.7809301086155288,0.11628791178480968,0.5468422012537579,-0.23900861896954906,-0.1567347937210375,-0.12272070718473937,0.39010740753272044
orz,2009,0.0,0.4876358337320824,0.2851145012013738,0.2757325639233241,0.16239379401663445,0.11437484360939632,-0.12272070718473937,0.39010740753272044
orz,2009,0.0,0.27674794194523694,0.5200336494470945,0.32817438198182014,0.39731294226235514,0.0619330255509003,-0.12272070718473937,0.39010740753272044
orz,2009,0.0,0.532255228921314,0.09177502903717816,0.4478717578363276,-0.030945678147561217,-0.05776435030360716,-0.12272070718473937,0.39010740753272044
orz,2009,0.0,0.5223930994832752,0.1470160353961405,0.5845653839170799,0.024295328211401124,-0.19445797638435947,-0.12272070718473937,0.39010740753272044
orz,2009,0.0,0.27751950278677334,0.2172948788904856,0.49118947830148496,0.09457417170574622,-0.10108207076876452,-0.12272070718473937,0.39010740753272044
orz,2009,0.0,0.4355486499472258,0.15543544114452512,0.45600338938099716,0.03271473395978575,-0.06589598184827672,-0.12272070718473937,0.39010740753272044
orz,2009,0.0,0.18353696488303126,0.3896055466610293,0.41543953938178246,0.26688483947628994,-0.025332131849062023,-0.12272070718473937,0.39010740753272044
orz,2009,0.0,0.4073556882909144,0.010074337922589383,0.7579187986315072,-0.13279504510732876,-0.3678113910987868,-0.12272070718473937,0.39010740753272044
orz,2009,0.0,0.6323849472827534,0.37832626844988315,1.0346025395435534,-0.5010469756346225,-0.644495132010833,-0.12272070718473937,0.39010740753272044
orz,2009,0.0,0.294318607292961,0.39827437635297924,0.39823444997894386,0.27555366916823987,-0.00812704244622342,-0.12272070718473937,0.39010740753272044
orz,2009,0.0,0.5530592176434674,0.2513524812620034,0.8529777708357318,-0.37407318844674275,-0.46287036330301135,-0.12272070718473937,0.39010740753272044
orz,2009,0.0,0.3762754279507857,0.16520026335967852,0.5979802366909226,0.04247955617493915,-0.20787282915820215,-0.12272070718473937,0.39010740753272044
orz,2009,0.0,0.22766674140175008,0.3329604850311818,0.30488587141364265,0.21023977784644243,0.08522153611907779,-0.12272070718473937,0.39010740753272044
orz,2009,0.0,0.4716454471618465,0.06332494514412135,0.5773794575417681,-0.18604565232886072,-0.18727205000904767,-0.12272070718473937,0.39010740753272044
orz,2009,0.0,0.675225235363526,0.1407493760634404,0.139000947733265,0.018028668878701026,0.25110645979945545,-0.12272070718473937,0.39010740753272044
orz,2009,0.0,0.659089107044756,0.1594147047285932,0.20339104361142768,0.03669399754385383,0.18671636392129276,-0.12272070718473937,0.39010740753272044
orz,2009,0.0,0.4662773212228588,0.1347894330519157,0.3695167445407215,0.012068725867176333,0.020590662991998965,-0.12272070718473937,0.39010740753272044
orz,2009,0.0,0.4239213471086245,0.1355013090270214,0.4152810960267379,0.012780601842282024,-0.025173688494017465,-0.12272070718473937,0.39010740753272044
orz,2009,0.0,0.37452556993554614,0.24100535001914958,0.1422690503071702,0.1182846428344102,0.24783835722555025,-0.12272070718473937,0.39010740753272044
orz,2009,0.0,0.7097914961679057,0.24148314388864067,0.26115404640913287,0.1187624367039013,0.12895336112358757,-0.12272070718473937,0.39010740753272044
orz,2009,0.0,0.38744861310476786,0.017459101150613332,0.26102930176437233,-0.10526160603412604,0.1290781057683481,-0.12272070718473937,0.39010740753272044
orz,2009,0.0,0.43061064300092033,0.01653749434379792,0.37743681434010057,-0.1392582015285373,0.012670593192619872,-0.12272070718473937,0.39010740753272044
orz,2010,0.0,0.8713661038904746,0.034041223127867504,0.49334257079678334,0.1399445646839621,-0.05764366203732818,0.1739857878118296,0.43569890875945516
orz,2010,0.0,0.7832075639009873,0.20135860235596104,0.544635665761692,-0.02737281454413143,-0.10893675700223682,0.1739857878118296,0.43569890875945516
orz,2010,0.0,0.16356449014259394,0.38445584670702093,0.2505385574605534,-0.21047005889519133,0.18516035129890174,0.1739857878118296,0.43569890875945516
orz,2010,0.0,0.2587211407362629,0.3629766111772481,0.2615122978337032,-0.1889908233654185,0.17418661092575194,0.1739857878118296,0.43569890875945516
orz,2010,0.0,0.38307796173929687,0.19988436616816774,0.15505583501662512,-0.02589857835633813,0.28064307374283004,0.1739857878118296,0.43569890875945516
orz,2010,0.0,0.2732534511680014,0.32560828009408294,0.27084593369282794,-0.15162249228225333,0.16485297506662722,0.1739857878118296,0.43569890875945516
orz,2010,0.0,0.6900274824854646,0.07493066823120342,0.269073983083425,0.09905511958062618,0.16662492567603016,0.1739857878118296,0.43569890875945516
orz,2010,0.0,0.7053647311816118,0.24668657939465888,0.23015516640557632,-0.07270079158282927,0.20554374235387884,0.1739857878118296,0.43569890875945516
orz,2010,0.0,0.6487240997830521,0.2806110322116959,0.3165024099950027,-0.10662524439986631,0.11919649876445249,0.1739857878118296,0.43569890875945516
orz,2010,0.0,0.16946889024798034,0.29130944178326734,0.10039154355806756,-0.11732365397143774,0.3353073652013876,0.1739857878118296,0.43569890875945516
orz,2010,0.0,0.7580339131461965,0.21061360093950166,0.2232524426213045,-0.03662781312767205,0.21244646613815066,0.1739857878118296,0.43569890875945516
orz,2010,0.0,0.8034968031067731,0.12885718746444397,0.3925549588042232,0.04512860034738564,0.043143949955231964,0.1739857878118296,0.43569890875945516
orz,2010,0.0,0.3616726086472998,0.30398264923482143,0.35900516699540397,-0.12999686142299183,0.0766937417640512,0.1739857878118296,0.43569890875945516
orz,2010,0.0,0.4523742163243856,0.38311226428238276,0.662241685168901,-0.20912647647055316,-0.22654277640944587,0.1739857878118296,0.43569890875945516
orz,2010,0.0,0.7943506077991322,0.006855644401665639,0.4819444267218973,0.16713014341016397,-0.04624551796244214,0.1739857878118296,0.43569890875945516
orz,2010,0.0,0.48487849715609566,0.2059908886386146,0.4466440405822607,-0.03200510082678498,-0.010945131822805543,0.1739857878118296,0.43569890875945516
orz,2010,0.0,0.48467417655531514,0.15128268482890794,0.2559676006149547,0.32526847264073755,0.17973130814450045,0.1739857878118296,0.43569890875945516
orz,2010,0.0,0.5986741273396128,0.2173024378973598,0.7407104387781915,-0.043316650085530206,-0.3050115300187364,0.1739857878118296,0.43569890875945516
orz,2010,0.0,0.7288721225756428,0.0638968919733216,0.4717333924218323,0.110088895838508,-0.03603448366237716,0.1739857878118296,0.43569890875945516
orz,2010,0.0,0.8406421775787827,0.5170482898625117,0.14160303631191207,0.6910340776743413,0.2940958724475431,0.1739857878118296,0.43569890875945516
orz,2010,0.0,0.8291702185734179,0.08719472914767579,0.459583356914139,0.08679105866415382,-0.023884448154683824,0.1739857878118296,0.43569890875945516
orz,2010,0.0,0.5463015121858387,0.2934422687581577,0.5911916496013374,-0.1194564809463281,-0.15549274084188225,0.1739857878118296,0.43569890875945516
orz,2010,0.0,0.8887837579264846,0.05756131952793986,0.433397095008214,0.23154710733976946,0.0023018137512411663,0.1739857878118296,0.43569890875945516
orz,2010,0.0,0.7450726512224725,0.20812315355146493,0.3979125039910256,-0.03413736573963533,0.03778640476842954,0.1739857878118296,0.43569890875945516
orz,2010,0.0,0.8322745262213107,0.014988767554339866,0.6159378521808305,0.15899702025748974,-0.18023894342137536,0.1739857878118296,0.43569890875945516
orz,2010,0.0,0.7096736678085291,0.17877301742163842,0.5434276959589135,-0.0047872296098088185,-0.10772878719945833,0.1739857878118296,0.43569890875945516
orz,2010,0.0,0.5298356211655925,0.17302751866201582,0.6499767327606669,0.0009582691498137841,-0.21427782400121176,0.1739857878118296,0.43569890875945516
orz,2010,0.0,0.40178071929417697,0.38962417887935485,0.7052305570466371,-0.21563839106752525,-0.2695316482871819,0.1739857878118296,0.43569890875945516
orz,2010,0.0,0.40481881676017667,0.3280899877117207,0.5950938730494584,-0.1541041998998911,-0.15939496429000322,0.1739857878118296,0.43569890875945516
orz,2010,0.0,0.6038462695482563,0.1380877815250341,0.5647803117856824,0.035898006286795514,-0.12908140302622728,0.1739857878118296,0.43569890875945516
orz,2010,0.0,0.39090728555179566,0.23816062467814847,0.7270381259121317,-0.06417483686631886,-0.2913392171526765,0.1739857878118296,0.43569890875945516
orz,2010,0.0,0.6223223574193082,0.1824113307785189,0.4600682438414436,-0.008425542966689292,-0.024369335081988464,0.1739857878118296,0.43569890875945516
orz,2010,0.0,0.4140927498873304,0.11501737901205455,0.3606990821023657,0.05896840879977505,0.07499982665708949,0.1739857878118296,0.43569890875945516
orz,2010,0.0,0.44376937780426984,0.36775251195830094,0.5708291554832208,-0.19376672414647134,-0.1351302467237656,0.1739857878118296,0.43569890875945516
orz,2010,0.0,0.46922753128109074,0.17822740191168096,0.5065844183197132,-0.004241614099851354,-0.07088550956025808,0.1739857878118296,0.43569890875945516
orz,2011,0.0,0.21729877802564235,0.1754460196058747,0.2610773830571653,-0.02139524767071821,-0.03446349036390206,0.15405077193515648,0.22661389269326326
orz,2011,0.0,0.13447902667228123,0.8492542176275861,1.0655532020426375,-0.6952034456924296,-0.8389393093493742,0.15405077193515648,0.22661389269326326
orz,2011,0.0,0.2589012668260683,0.03920303988858187,0.0453750693960524,0.19325381182373835,0.18123882329721086,0.15405077193515648,0.22661389269326326
orz,2011,0.0,0.2524459542422435,0.06565494578135134,0.13783700207343186,0.08839582615380515,0.3644508947666951,0.15405077193515648,0.22661389269326326
orz,2011,0.0,0.20037216861605658,0.13675233150779542,0.1323318653450145,0.01729844042736106,0.09428202734824875,0.15405077193515648,0.22661389269326326
orz,2011,0.0,0.20032195757348975,0.025845845778970755,0.13942952255239005,0.17989661771412724,0.08718437014087321,0.15405077193515648,0.22661389269326326
orz,2011,0.0,0.1561841703827145,0.10658381660674365,0.2933213760484934,0.04746695532841283,-0.06670748335523013,0.15405077193515648,0.22661389269326326
orz,2011,0.0,0.2383011662746986,0.24060125716801206,0.3716817888311894,-0.08655048523285558,-0.14506789613792614,0.15405077193515648,0.22661389269326326
orz,2011,0.0,0.2745273163083085,0.101153853821351,0.22923697237873508,0.05289691811380548,-0.0026230796854718186,0.15405077193515648,0.22661389269326326
orz,2011,0.0,0.2311688508739898,0.11153666339598667,0.18595749546610518,0.042514108539169815,0.41257138815936845,0.15405077193515648,0.22661389269326326
orz,2011,0.0,0.17939269386217066,0.018002832867572316,0.1144284126593198,0.1720536048027288,0.34104230535258306,0.15405077193515648,0.22661389269326326
orz,2011,0.0,0.18847634369046984,0.13572529431005176,0.3507955631473241,0.018325477625104725,-0.12418167045406081,0.15405077193515648,0.22661389269326326
orz,2011,0.0,0.2518986275069447,0.16256483462019045,0.1332301911830669,-0.008514062685033963,0.09338370151019637,0.15405077193515648,0.22661389269326326
orz,2011,0.0,0.1275184693567896,0.49202938936075835,0.43228698901639495,-0.33797861742560187,-0.2056730963231317,0.15405077193515648,0.22661389269326326
orz,2011,0.0,0.18180804209788834,0.20959428703359118,0.6619888098373239,-0.05554351509843469,-0.4353749171440606,0.15405077193515648,0.22661389269326326
orz,2011,0.0,0.10458860801614245,0.3720905020411349,0.3447334021694246,-0.21803973010597844,-0.11811950947616134,0.15405077193515648,0.22661389269326326
orz,2011,0.0,0.10222842758173953,0.14238099720567732,0.31135958088428106,0.011669774729479165,-0.0847456881910178,0.15405077193515648,0.22661389269326326
orz,2011,0.0,0.11619378595065688,0.1499869109846821,0.4195040887595285,0.004063860950474396,-0.19289019606626523,0.15405077193515648,0.22661389269326326
orz,2011,0.0,0.1797245827356802,0.0385591938756602,0.08201165987490855,0.19260996581081669,0.14460223281835471,0.15405077193515648,0.22661389269326326
orz,2011,0.0,0.16717218760939612,0.034654741569533076,0.49430223614369995,0.18870551350468956,-0.2676883434504367,0.15405077193515648,0.22661389269326326
orz,2011,0.0,0.21136090459393583,0.15805875762493393,0.21590809947845058,-0.004007985689777449,0.010705793214812687,0.15405077193515648,0.22661389269326326
orz,2011,0.0,0.18446790193947513,0.44747626971809984,0.6713711357168664,-0.29342549778294336,-0.4447572430236031,0.15405077193515648,0.22661389269326326
orz,2011,0.0,0.20085326597510633,0.12676027987428062,0.17310416483493318,0.2808110518094371,0.05350972785833008,0.15405077193515648,0.22661389269326326
orz,2011,0.0,0.16852308625889234,0.19881591491179096,0.3156375205829942,-0.044765142976634476,-0.08902362788973095,0.15405077193515648,0.22661389269326326
orz,2011,0.0,0.13222399594327047,0.15395145270003852,0.4048404975131472,9.931923511796725e-05,-0.17822660481988395,0.15405077193515648,0.22661389269326326
orz,2011,0.0,0.13408157239218094,0.1563127508684352,0.05266830108994203,0.3103635228035917,0.2792821937832053,0.15405077193515648,0.22661389269326326
orz,2011,0.0,0.18112654030826061,0.24381266557741244,0.4734896011222576,-0.08976189364225595,-0.2468757084289943,0.15405077193515648,0.22661389269326326
orz,2011,0.0,0.12347023965119557,0.1470995120566987,0.07955510387722509,0.006951259878457794,0.14705878881603818,0.15405077193515648,0.22661389269326326
orz,2011,0.0,0.1526467562797392,0.24557154679970772,0.028878618411440016,-0.09152077486455124,0.19773527428182325,0.15405077193515648,0.22661389269326326
orz,2011,0.0,0.12146049759259174,0.19428271820524,0.06456823546944568,-0.04023194627008353,0.16204565722381759,0.15405077193515648,0.22661389269326326
orz,2011,0.0,0.11622479889603603,0.23682991790415686,0.4001515454574438,-0.08277914596900038,-0.17353765276418054,0.15405077193515648,0.22661389269326326
orz,2011,0.0,0.15988585895474283,0.013727963363558526,0.015023735473626232,0.14032280857159796,0.2416376281668895,0.15405077193515648,0.22661389269326326
orz,2011,0.0,0.12093703572285723,0.037294929606457305,0.1494908093299978,0.11675584232869918,0.3761047020232611,0.15405077193515648,0.22661389269326326
orz,2011,0.0,0.18010696566501688,0.24685822395805124,0.08977759616678638,-0.09280745202289475,0.13683629652647689,0.15405077193515648,0.22661389269326326
orz,2011,0.0,0.14799451115421125,0.05598050895654705,0.09860981894197707,0.09807026297860943,0.32522371163524033,0.15405077193515648,0.22661389269326326
orz,2012,0.08267988469953691,0.6392663983535521,0.5480338373614224,0.6784745924673132,-0.39876103144373665,-0.38079178570764527,0.14927280591768577,0.29768280675966796
orz,2012,0.0,0.4237638061331864,0.25203784533452156,0.012283434779355673,0.40131065125220733,0.30996624153902363,0.14927280591768577,0.29768280675966796
orz,2012,0.0,0.3714175187189192,0.3752394409855966,0.4974493494400054,0.5245122469032824,0.7951321561996734,0.14927280591768577,0.29768280675966796
orz,2012,0.0,0.3643011624335351,0.29107546571209975,0.42070766554741645,0.4403482716297855,0.7183904723070844,0.14927280591768577,0.29768280675966796
orz,2012,0.0,0.28346908778451,0.21203796195546465,0.11839232010905087,0.3613107678731504,0.41607512686871884,0.14927280591768577,0.29768280675966796
orz,2012,0.0,0.3971665342420934,0.32243099637895734,0.30204788971658303,0.4717038022966431,0.599730696476251,0.14927280591768577,0.29768280675966796
orz,2012,0.0,0.40364978016107916,0.07546715773880397,0.1491318116218845,0.22473996365648974,0.14855099513778347,0.14927280591768577,0.29768280675966796
orz,2012,0.0,0.3421064529130679,0.09408252807678696,0.19416054227785162,0.24335533399447273,0.4918433490375196,0.14927280591768577,0.29768280675966796
orz,2012,0.0,0.40487376800395314,0.04486657498023128,0.02978006841408609,0.19413938089791705,0.26790273834558187,0.14927280591768577,0.29768280675966796
orz,2012,0.0,0.3812167777641758,0.26973930785727784,0.6401426806152104,0.4190121137749636,0.9378254873748784,0.14927280591768577,0.29768280675966796
orz,2012,0.0,0.2266365961206464,0.3986455144076295,0.3823694520543808,0.5479183203253153,0.6800522588140487,0.14927280591768577,0.29768280675966796
orz,2012,0.0,0.4072554536254721,0.21084657775533477,0.010791797598964425,0.36011938367302054,0.3084746043586324,0.14927280591768577,0.29768280675966796
orz,2012,0.0,0.3844553437613163,0.023671540377113942,0.18249468953089876,0.1729443462947997,0.4801774962905667,0.14927280591768577,0.29768280675966796
orz,2012,0.3191354558583974,0.7033193207614143,0.5991943403244593,0.7287212681933506,-0.4499215344067735,-0.43103846143368263,0.14927280591768577,0.29768280675966796
orz,2012,0.0,0.4049191817830917,0.4699491075709803,0.9786343843186218,-0.3206763016532945,-0.6809515775589539,0.14927280591768577,0.29768280675966796
orz,2012,0.0,0.4386147965142534,0.5906740708625393,0.5490211108799881,-0.44140126494485354,-0.2513383041203201,0.14927280591768577,0.29768280675966796
orz,2012,0.0,0.43102985091544915,0.6027187860099033,0.7238826623952739,-0.4534459800922175,-0.4261998556356059,0.14927280591768577,0.29768280675966796
orz,2012,0.0,0.4800036581580985,0.33452318927712943,0.8694989134947351,-0.18525038335944366,-0.5718161067350671,0.14927280591768577,0.29768280675966796
orz,2012,0.0,0.46652986415358566,0.26276240223658043,0.5172034460443857,-0.11348959631889466,-0.21952063928471777,0.14927280591768577,0.29768280675966796
orz,2012,0.0,0.423851290220295,0.6375091280956031,1.1463055454549522,-0.48823632217791735,-0.8486227386952843,0.14927280591768577,0.29768280675966796
orz,2012,0.0,0.42928747776020587,0.1324350176985667,0.24584432359029895,0.016837788219119076,0.05183848316936901,0.14927280591768577,0.29768280675966796
orz,2012,0.0,0.2052569487332158,0.42266598472177597,0.3728826580247282,-0.2733931788040902,-0.07519985126506024,0.14927280591768577,0.29768280675966796
orz,2012,0.0,0.4426483141750962,0.035446269237295436,0.432085441698721,0.11382653668039033,-0.13440263493905302,0.14927280591768577,0.29768280675966796
orz,2012,0.0,0.21560079580574348,0.15145042391576746,0.10233185935365352,-0.0021776179980816934,0.19535094740601444,0.14927280591768577,0.29768280675966796
orz,2012,0.0,0.43907072756865945,0.3326001302926933,0.9120252988199065,-0.18332732437500754,-0.6143424920602385,0.14927280591768577,0.29768280675966796
orz,2012,0.0,0.46096867062786034,0.19522453944845042,0.5824196478869648,-0.04595173353076465,-0.2847368411272968,0.14927280591768577,0.29768280675966796
orz,2012,0.36076297010455205,0.9593470370018451,0.6769233931385694,0.9116898341746762,-0.5276505872208836,-0.6140070274150082,0.14927280591768577,0.29768280675966796
orz,2012,0.27406921115707705,1.141214892478839,0.2313783730949428,0.38997176223998764,-0.08210556717725703,-0.09228895548031968,0.14927280591768577,0.29768280675966796
orz,2012,0.1652590039585733,0.7847836698545604,0.11429517352630514,0.3043384289650648,0.03497763239138063,-0.006655622205396838,0.14927280591768577,0.29768280675966796
orz,2012,0.41495139557283034,0.7188647383528879,0.19259313314525217,0.4371845644431338,-0.0433203272275664,-0.13950175768346584,0.14927280591768577,0.29768280675966796
orz,2012,0.0168268432538059,0.6220709723852594,0.41972687334293957,0.8414349323978341,-0.2704540674252538,-0.5437521256381661,0.14927280591768577,0.29768280675966796
orz,2012,0.27315561688180345,0.9705596414826415,0.19607749238697725,0.474957270520437,-0.04680468646929148,-0.17727446376076905,0.14927280591768577,0.29768280675966796
orz,2012,0.0,0.3863099276415044,0.05417542803923947,0.12335662443793804,0.0950973778784463,0.17432618232172992,0.14927280591768577,0.29768280675966796
orz,2012,0.3751152985707322,1.0667859762982703,0.30319991725203144,0.23520866910458915,-0.15392711133434567,0.06247413765507881,0.14927280591768577,0.29768280675966796
orz,2012,0.437239788012886,1.210237555286144,0.29113210769940334,0.44335293931556796,-0.14185930178171757,-0.1456701325559,0.14927280591768577,0.29768280675966796
orz,2013,0.0,0.3394681254498633,0.09767893299760155,0.7786122914634928,0.08828232645541334,0.24659788287659445,-0.009396606542188213,-0.5320144085868983
orz,2013,0.0,0.32683561457598775,0.06918663345615661,0.11020547685316062,-0.07858323999834482,-0.4218089317337377,-0.009396606542188213,-0.5320144085868983
orz,2013,0.0,0.290562753456095,0.35660487287489495,0.15101593130751523,-0.36600147941708316,-0.6830303398944135,-0.009396606542188213,-0.5320144085868983
orz,2013,0.0,0.28041016660864626,0.19005016478456094,0.004640795370364437,-0.19944677132674915,-0.5366552039572627,-0.009396606542188213,-0.5320144085868983
orz,2013,0.0,0.20432040942806862,0.04419016911757012,0.0511730533307837,-0.053586775659758334,-0.4808413552561146,-0.009396606542188213,-0.5320144085868983
orz,2013,0.0,0.26878964370434083,0.28085287582019536,0.19517205214521516,-0.29024948236238357,-0.7271864607321135,-0.009396606542188213,-0.5320144085868983
orz,2013,0.0,0.33179729993225865,0.022151537889757655,0.3922931516646977,0.012754931347569443,-0.1397212569222006,-0.009396606542188213,-0.5320144085868983
orz,2013,0.0,0.34579920369919487,0.04875286558016034,0.44405442830153774,0.03935625903797213,-0.08795998028536056,-0.009396606542188213,-0.5320144085868983
orz,2013,0.0,0.2567652924132504,0.3303431976655027,0.0915317877525954,-0.3397398042076909,-0.4404826208343029,-0.009396606542188213,-0.5320144085868983
orz,2013,0.0,0.2550476064284274,0.23532555480560235,0.0562140248638312,-0.24472216134779057,-0.4758003837230671,-0.009396606542188213,-0.5320144085868983
orz,2013,0.0,0.23768975853871327,0.18448467184046757,0.20052418458879284,-0.1938812783826558,-0.33149022399810546,-0.009396606542188213,-0.5320144085868983
orz,2013,0.0,0.306402142190189,0.0621174198764507,0.3598924250380615,0.052720813334262484,-0.1721219835488368,-0.009396606542188213,-0.5320144085868983
orz,2013,0.0,0.23385723973253247,0.2713158520575494,0.10227909244621225,-0.2807124585997376,-0.42973531614068605,-0.009396606542188213,-0.5320144085868983
orz,2013,0.0,0.4406233585479266,0.13835287890364256,0.9024578451373513,0.12895627236145435,0.370443436550453,-0.009396606542188213,-0.5320144085868983
orz,2013,0.0,0.4258587012407097,0.1910026032205958,0.2774921800152095,0.1816059966784076,-0.2545222285716888,-0.009396606542188213,-0.5320144085868983
orz,2013,0.0,0.25969021214161525,0.10041331303849832,0.9091953551905747,0.0910167064963101,0.3771809466036764,-0.009396606542188213,-0.5320144085868983
orz,2013,0.0,0.2705245513600584,0.04131334314968971,0.5888399601851328,-0.05070994969187792,0.05682555159823455,-0.009396606542188213,-0.5320144085868983
orz,2013,0.0,0.5827534787615037,0.04101442874663874,0.5272030763019768,-0.050411035288826955,-0.004811332284921477,-0.009396606542188213,-0.5320144085868983
orz,2013,0.0,0.288304014078501,0.23236817806587462,0.8266977194472807,0.2229715715236864,0.29468331086038235,-0.009396606542188213,-0.5320144085868983
orz,2013,0.0,0.5296853750978816,0.4537932034247891,0.7328703952294808,0.4443965968826009,0.20085598664258253,-0.009396606542188213,-0.5320144085868983
orz,2013,0.0,0.3237172320264524,0.22208914110098377,0.8086391362283822,0.21269253455879555,0.27662472764148394,-0.009396606542188213,-0.5320144085868983
orz,2013,0.0,0.40131694522060257,0.11207006692638677,0.20908732175348455,-0.12146667346857498,-0.32292708683341376,-0.009396606542188213,-0.5320144085868983
orz,2013,0.0,0.41930209130022134,0.20102514341830968,0.6985694696113285,0.19162853687612147,0.16655506102443018,-0.009396606542188213,-0.5320144085868983
orz,2013,0.0,0.3659119868911295,0.5635352716879019,0.7422069210750188,0.5541386651457136,0.21019251248812054,-0.009396606542188213,-0.5320144085868983
orz,2013,0.0,0.3460987595416288,0.3620299308692583,0.7562022747618506,0.35263332432707006,0.22418786617495234,-0.009396606542188213,-0.5320144085868983
orz,2013,0.0,0.468662529953163,0.21526927400081552,0.8572071945529558,0.2058726674586273,0.3251927859660575,-0.009396606542188213,-0.5320144085868983
orz,2013,0.0,0.395835776503408,0.14913271248961157,0.827413751327037,0.13973610594742336,0.2953993427401387,-0.009396606542188213,-0.5320144085868983
orz,2013,0.0,0.6563478895672047,0.13110737172331,0.8544837232624563,-0.1405039782654982,0.32246931467555795,-0.009396606542188213,-0.5320144085868983
orz,2013,0.0,0.3979365076861071,0.16453120218704642,0.9464397501362773,-0.17392780872923463,0.41442534154937904,-0.009396606542188213,-0.5320144085868983
orz,2013,0.0,0.5326631342635938,0.0713289765013485,0.6885197401712819,-0.08072558304353672,0.15650533158438362,-0.009396606542188213,-0.5320144085868983
orz,2013,0.0,0.542843658353841,0.16062734484222974,0.9742802678132332,0.15123073830004152,0.4422658592263349,-0.009396606542188213,-0.5320144085868983
orz,2013,0.0,0.5812026446534727,0.18788410379320908,0.7894640484320834,-0.1972807103353973,0.2574496398451851,-0.009396606542188213,-0.5320144085868983
orz,2013,0.0,0.29143282069412646,0.003384307365890571,0.7276890504485833,-0.012780913908078784,0.19567464186168504,-0.009396606542188213,-0.5320144085868983
orz,2013,0.0,0.5506512325667926,0.14519407554809582,0.8577483179264229,-0.15459068209028404,0.3257339093395246,-0.009396606542188213,-0.5320144085868983
orz,2013,0.0,0.5776056253128431,0.03127665406576119,0.8818456640539778,-0.0406732606079494,0.3498312554670795,-0.009396606542188213,-0.5320144085868983
orz,2014,0.0,0.22904455941142018,0.18977028963817144,0.3600047062480969,0.18838428535070717,0.17569889580778675,-0.0013860042874642708,-0.18430581044031014
orz,2014,0.0,0.24081577127802092,0.32463920389439416,0.5268837174874479,0.3232531996069299,0.34257790704713775,-0.0013860042874642708,-0.18430581044031014
orz,2014,0.0,0.42166135098338076,0.11845930288853257,0.08295764749993229,-0.11984530717599684,-0.10134816294037785,-0.0013860042874642708,-0.18430581044031014
orz,2014,0.0,0.24748535812619146,0.3190621525855373,0.023778359793567905,-0.32044815687300154,-0.16052745064674223,-0.0013860042874642708,-0.18430581044031014
orz,2014,0.0,0.3326618580094912,0.013430223988047718,0.5021462219983932,-0.014816228275511989,0.31784041155808307,-0.0013860042874642708,-0.18430581044031014
orz,2014,0.0,0.27467043261516577,0.0931952779436167,0.13181308913398437,-0.09458128223108098,-0.05249272130632576,-0.0013860042874642708,-0.18430581044031014
orz,2014,0.0,0.25230462942778314,0.07231293242462833,0.3988340268301074,-0.0736989367120926,0.21452821638979724,-0.0013860042874642708,-0.18430581044031014
orz,2014,0.0,0.21821936116929147,0.16505632176524188,0.2709541621934095,-0.16644232605270615,0.08664835175309937,-0.0013860042874642708,-0.18430581044031014
orz,2014,0.0,0.3022741456616245,0.23097701215867827,0.2900682775637069,-0.23236301644614255,0.10576246712339676,-0.0013860042874642708,-0.18430581044031014
orz,2014,0.0,0.30268624714947195,0.09347342568402706,0.18951297380494658,-0.09485942997149133,0.005207163364636447,-0.0013860042874642708,-0.18430581044031014
orz,2014,0.0,0.2749748410401168,0.22099297690759157,0.3584322093028032,-0.22237898119505584,0.17412639886249304,-0.0013860042874642708,-0.18430581044031014
orz,2014,0.0,0.269411627363145,0.07024881235067548,0.012796819400903825,-0.07163481663813975,-0.1715089910394063,-0.0013860042874642708,-0.18430581044031014
orz,2014,0.0,0.15980192446486757,0.11857461244550382,0.32186091244407056,-0.1199606167329681,0.13755510200376042,-0.0013860042874642708,-0.18430581044031014
orz,2014,0.0,0.30247379785309886,0.1716742334483925,0.30099529202999875,0.17028822916092823,0.11668948158968862,-0.0013860042874642708,-0.18430581044031014
orz,2014,0.0,0.226568351560134,0.039994154510431645,0.14729524228633162,-0.041380158797895916,-0.33160105272664175,-0.0013860042874642708,-0.18430581044031014
orz,2014,0.0,0.2529401686425841,0.3052645410056556,0.4486511589278468,0.3038785367181913,0.26434534848753666,-0.0013860042874642708,-0.18430581044031014
orz,2014,0.0,0.276715416012892,0.09147850577412697,0.11953855188495144,-0.09286451006159124,-0.3038443623252616,-0.0013860042874642708,-0.18430581044031014
orz,2014,0.0,0.13987935394766002,0.0864026057884053,0.26207672640515955,0.08501660150094104,0.07777091596484942,-0.0013860042874642708,-0.18430581044031014
orz,2014,0.0,0.15035736505475134,0.13640344104682178,0.1976451579294909,0.1350174367593575,0.013339347489180753,-0.0013860042874642708,-0.18430581044031014
orz,2014,0.0,0.20715125423837924,0.3708915732791782,0.45100850323400543,0.36950556899171394,0.2667026927936953,-0.0013860042874642708,-0.18430581044031014
orz,2014,0.0,0.14259851572022267,0.15307958092351104,0.19148693622744162,0.15169357663604677,0.0071811257871314815,-0.0013860042874642708,-0.18430581044031014
orz,2014,0.0,0.22849282751868166,0.19510226430144284,0.041503057072722616,-0.1964882685889071,-0.14280275336758752,-0.0013860042874642708,-0.18430581044031014
orz,2014,0.0,0.1770503750388967,0.20967245417461422,0.3405381796734406,-0.2110584584620785,-0.5248439901137507,-0.0013860042874642708,-0.18430581044031014
orz,2014,0.0,0.25755804676790994,0.25557043234177224,0.40565482992955326,0.25418442805430796,0.22134901948924313,-0.0013860042874642708,-0.18430581044031014
orz,2014,0.0,0.1963325740103497,0.09879720682979531,0.12242738376929951,0.09741120254233104,-0.06187842667101062,-0.0013860042874642708,-0.18430581044031014
orz,2014,0.0,0.32377679156908457,0.09273179058393977,0.21915158683166958,-0.09411779487140404,0.03484577639135944,-0.0013860042874642708,-0.18430581044031014
orz,2014,0.0,0.2693841663478005,0.16585832860767535,0.0609872058555303,0.16447232432021108,-0.12331860458477983,-0.0013860042874642708,-0.18430581044031014
orz,2014,0.0,0.2703508723133508,0.09986147797114331,0.10578138873583942,-0.10124748225860758,-0.07852442170447071,-0.0013860042874642708,-0.18430581044031014
orz,2014,0.0,0.14816569408837194,0.24551147715781552,0.02412492726632287,-0.2468974814452798,-0.16018088317398727,-0.0013860042874642708,-0.18430581044031014
orz,2014,0.0,0.29816841923273046,0.2304498070249381,0.3172307175548905,0.22906380273747384,0.13292490711458038,-0.0013860042874642708,-0.18430581044031014
orz,2014,0.0,0.26583858704400826,0.1179692257983258,0.18967970930663336,0.11658322151086153,0.0053738988663232234,-0.0013860042874642708,-0.18430581044031014
orz,2014,0.0,0.1438704243684958,0.04337964442032849,0.1260839162432985,-0.04476564870779276,-0.058221894197011625,-0.0013860042874642708,-0.18430581044031014
orz,2014,0.0,0.20372506802687007,0.07670149426736961,0.036885126752063346,0.07531548997990534,-0.1474206836882468,-0.0013860042874642708,-0.18430581044031014
orz,2014,0.0,0.30036986049619496,0.0834459336801725,0.11954701623993813,-0.08483193796763677,-0.064758794200372,-0.0013860042874642708,-0.18430581044031014
orz,2014,0.0,0.35171675182070017,0.018001060117076584,0.032888424757480994,-0.019387064404540855,-0.21719423519779113,-0.0013860042874642708,-0.18430581044031014
orz,2015,0.0,0.45305519522812404,0.09718856255735187,0.3650320770157678,-0.1196291129991307,-0.14089274561170084,-0.21681767555648257,0.22413933140406694
orz,2015,0.0,0.4660778012777106,0.6949566802000944,0.05071026520761546,0.4781390046436118,0.2748495966116824,-0.21681767555648257,0.22413933140406694
orz,2015,0.0,0.3536947267644992,0.5400312829260532,0.4491430114339705,0.3232136073695706,0.6732823428380375,-0.21681767555648257,0.22413933140406694
orz,2015,0.0,0.3141905176325537,0.28855353770045333,0.0019543137895081664,0.07173586214397076,0.2260936451935751,-0.21681767555648257,0.22413933140406694
orz,2015,0.0,0.3657827279850765,0.4043517640109333,0.0832238573743953,0.18753408845445074,0.14091547402967164,-0.21681767555648257,0.22413933140406694
orz,2015,0.0,0.28785432477099865,0.4048680900907953,0.013584301852553882,0.1880504145343127,0.23772363325662083,-0.21681767555648257,0.22413933140406694
orz,2015,0.0,0.3760269257722312,0.3159053673407759,0.09925280361050248,0.09908769178429333,0.12488652779356446,-0.21681767555648257,0.22413933140406694
orz,2015,0.0,0.5390947277141229,0.2069630232994073,0.223049407362379,-0.00985465225707527,0.0010899240416879508,-0.21681767555648257,0.22413933140406694
orz,2015,0.0,0.42162657698930384,0.36065141764280106,0.026119606132251505,0.1438337420863185,0.19801972527181544,-0.21681767555648257,0.22413933140406694
orz,2015,0.0,0.3690043818475258,0.2608495404255673,0.12274579738824398,0.044031864869084725,0.3468851287923109,-0.21681767555648257,0.22413933140406694
orz,2015,0.0,0.36690235662070475,0.25801688859649463,0.16421435112265081,0.04119921304001206,0.05992498028141613,-0.21681767555648257,0.22413933140406694
orz,2015,0.0,0.43519482988545855,0.0195535088239418,0.4816124666905446,-0.19726416673254077,-0.25747313528647764,-0.21681767555648257,0.22413933140406694
orz,2015,0.0,0.6611684036416084,0.3469385154080946,0.10359366729636665,0.13012083985161205,0.12054566410770029,-0.21681767555648257,0.22413933140406694
orz,2015,0.0,0.6106528350706446,0.08642574571480166,0.38650187529135893,-0.1303919298416809,-0.162362543887292,-0.21681767555648257,0.22413933140406694
orz,2015,0.0,0.35675923757344224,0.05328982276907812,0.7404354026938096,-0.2701074983255607,-0.5162960712897426,-0.21681767555648257,0.22413933140406694
orz,2015,0.0,0.6053450087656539,0.017382436809163515,0.32887774647460466,-0.19943523874731905,-0.10473841507053772,-0.21681767555648257,0.22413933140406694
orz,2015,0.0,0.6088646042030692,0.3153612991444845,0.2725930916872894,0.09854362358800195,-0.04845376028322246,-0.21681767555648257,0.22413933140406694
orz,2015,0.0,0.3937576679248712,0.27387160239496966,0.281053056084525,0.05705392683848709,-0.05691372468045808,-0.21681767555648257,0.22413933140406694
orz,2015,0.0,0.3614321214539419,0.2502205073211208,0.18853407214937867,0.03340283176463821,0.03560525925468827,-0.21681767555648257,0.22413933140406694
orz,2015,0.0,0.3026149923819536,0.2106641172111754,0.47428788575122516,-0.006153558345307175,-0.2501485543471582,-0.21681767555648257,0.22413933140406694
orz,2015,0.0,0.4245056586438375,0.22309335648128625,0.15668181029403394,0.006275680924803684,0.067457521110033,-0.21681767555648257,0.22413933140406694
orz,2015,0.0,0.37440559532273604,0.10715713245848058,0.5593703736717925,-0.32397480801496314,-0.3352310422677256,-0.21681767555648257,0.22413933140406694
orz,2015,0.0,0.33989673796594705,0.45992009221177144,0.9718471820835277,-0.676737767768254,-0.7477078506794608,-0.21681767555648257,0.22413933140406694
orz,2015,0.0,0.26128619085933324,0.49653785248604265,0.08856093068307613,0.2797201769295601,0.3127002620871431,-0.21681767555648257,0.22413933140406694
orz,2015,0.0,0.4747265186296302,0.1310623846344674,0.4306291596008798,-0.08575529092201517,-0.20648982819681283,-0.21681767555648257,0.22413933140406694
orz,2015,0.0,0.3679012114115149,0.16023984122313628,0.27849650528423453,-0.05657783433334629,-0.054357173880167586,-0.21681767555648257,0.22413933140406694
orz,2015,0.0,0.5698372722827519,0.26832138650909565,0.23285910216751393,0.05150371095261308,-0.008719770763446988,-0.21681767555648257,0.22413933140406694
orz,2015,0.0,0.6790523537056359,0.18885611244455447,0.1290941667114227,-0.0279615631119281,0.09504516469264424,-0.21681767555648257,0.22413933140406694
orz,2015,0.08759393902092305,0.8541177303460806,0.12911545948150271,0.24409169824134125,-0.08770221607497986,-0.019952366837274305,-0.21681767555648257,0.22413933140406694
orz,2015,0.0,0.6814238953530184,0.174774509115748,0.470855126530104,-0.04204316644073458,-0.24671579512603703,-0.21681767555648257,0.22413933140406694
orz,2015,0.0,0.549080578664748,0.2515481068017933,0.27401970490708205,0.03473043124531072,-0.04988037350301511,-0.21681767555648257,0.22413933140406694
orz,2015,0.0,0.672204344334455,0.044522509512116226,0.4166568132115085,-0.17229516604436634,-0.19251748180744155,-0.21681767555648257,0.22413933140406694
orz,2015,0.0,0.2718495591213853,0.20799102623152077,0.10818939795412907,-0.0088266493249618,0.11594993344993787,-0.21681767555648257,0.22413933140406694
orz,2015,0.0,0.6027589662293084,0.2810635889557944,0.010057750235054286,0.06424591339931185,0.21408158116901266,-0.21681767555648257,0.22413933140406694
orz,2015,0.0,0.6040134466072965,0.2991056704206785,0.07034506186764755,0.08228799486419591,0.1537942695364194,-0.21681767555648257,0.22413933140406694
orz,2016,0.0,0.20043231892850083,0.09007692794545852,0.22626147053116208,-0.2179212693639232,-0.0998346942815096,-0.3079981973093817,-0.3260961648126717
orz,2016,0.0,0.2211989984409132,0.601333592429437,0.6972175617907612,0.29333539512005524,0.37112139697808955,-0.3079981973093817,-0.3260961648126717
orz,2016,0.0,0.12096977101492619,0.09321234394688505,0.09155252417232651,-0.40121054125626676,-0.23454364064034516,-0.3079981973093817,-0.3260961648126717
orz,2016,0.0,0.1559544997558418,0.24124043632188297,0.45383191446446336,-0.06675776098749875,0.12773574965179169,-0.3079981973093817,-0.3260961648126717
orz,2016,0.0,0.1378235303089765,0.2740905823440234,0.5630867484362057,-0.033907614965358324,0.23699058362353398,-0.3079981973093817,-0.3260961648126717
orz,2016,0.0,0.12092138415374631,0.1398001278972858,0.2664757711488175,-0.16819806941209592,-0.05962039366385419,-0.3079981973093817,-0.3260961648126717
orz,2016,0.0,0.1834081049861306,0.1217480389751362,0.1484991057520686,-0.18625015833424552,-0.17759705906060308,-0.3079981973093817,-0.3260961648126717
orz,2016,0.0,0.13683827630793782,0.4388930433849141,0.5870176410967538,0.13089484607553237,0.26092147628408213,-0.3079981973093817,-0.3260961648126717
orz,2016,0.0,0.12714343729138458,0.21422352676272505,0.30642044574788274,-0.09377467054665667,-0.019675719064788932,-0.3079981973093817,-0.3260961648126717
orz,2016,0.0,0.18180959890486342,0.10222419520731751,0.30617284112777066,-0.2057740021020642,-0.019923323684901018,-0.3079981973093817,-0.3260961648126717
orz,2016,0.0,0.15260884703486638,0.23833217770489323,0.2521225808602656,-0.06966601960448848,-0.07397358395240605,-0.3079981973093817,-0.3260961648126717
orz,2016,0.0,0.12362872942792373,0.25534245692523605,0.15937952327013827,-0.052655740384145666,-0.1667166415425334,-0.3079981973093817,-0.3260961648126717
orz,2016,0.0,0.10090595370550186,0.4069648338417884,0.511623841406422,0.09896663653240667,0.18552767659375036,-0.3079981973093817,-0.3260961648126717
orz,2016,0.0,0.16970188051572882,0.41836694401645813,0.3290622922978379,0.11036874670707641,0.0029661274851662256,-0.3079981973093817,-0.3260961648126717
orz,2016,0.0,0.1693058789987006,0.2190497571031571,0.030280680019433515,-0.08894844020622461,-0.29581548479323816,-0.3079981973093817,-0.3260961648126717
orz,2016,0.0,0.24160176883020737,0.23765083981978874,0.19957413700841498,-0.07034735748959298,-0.1265220278042567,-0.3079981973093817,-0.3260961648126717
orz,2016,0.0,0.23831423486084174,0.4357197518577496,0.18748795905883986,0.12772155454836787,-0.13860820575383181,-0.3079981973093817,-0.3260961648126717
orz,2016,0.0,0.25797619789097415,0.2889386385411723,0.09830893517207562,-0.019059558768209417,-0.22778722964059606,-0.3079981973093817,-0.3260961648126717
orz,2016,0.0,0.23644021672409546,0.595617225869538,0.5152997276034776,0.2876190285601563,0.18920356279080597,-0.3079981973093817,-0.3260961648126717
orz,2016,0.0,0.10714403676934614,0.5658209280448934,0.33486558695492796,0.25782273073551165,0.008769422142256289,-0.3079981973093817,-0.3260961648126717
orz,2016,0.0,0.2193182521668419,0.3432209448371122,0.32135983960418546,0.03522274752773047,-0.004736325208486214,-0.3079981973093817,-0.3260961648126717
orz,2016,0.0,0.16025456439030497,0.42746251841229377,0.3115282776479775,0.11946432110291205,-0.014567887164694149,-0.3079981973093817,-0.3260961648126717
orz,2016,0.0,0.15425879229597977,0.05545623798719035,0.1104376924401489,-0.25254195932219137,-0.43653385725282057,-0.3079981973093817,-0.3260961648126717
orz,2016,0.0,0.12281032237550452,0.42647408349019233,0.4644991585257974,0.11847588618081062,0.1384029937131257,-0.3079981973093817,-0.3260961648126717
orz,2016,0.0,0.28237513652805524,0.501418702609564,0.40236023198086723,0.1934205053001823,0.07626406716819556,-0.3079981973093817,-0.3260961648126717
orz,2016,0.0,0.377927503496825,0.013942615393646385,0.01710612000333489,-0.29405558191573533,-0.3089900448093368,-0.3079981973093817,-0.3260961648126717
orz,2016,0.0,0.22020768268886037,0.39607593943964714,0.2985354256404462,0.08807774213026542,-0.027560739172225457,-0.3079981973093817,-0.3260961648126717
orz,2016,0.0,0.3001075967730279,0.3513652673807255,0.5590878149289256,0.04336707007134377,0.2329916501162539,-0.3079981973093817,-0.3260961648126717
orz,2016,0.0,0.25623328825517655,0.30016483705677643,0.49813912101937463,-0.007833360252605281,0.17204295620670296,-0.3079981973093817,-0.3260961648126717
orz,2016,0.0,0.20051838107885792,0.3936586189653859,0.3055109053483571,0.08566042165600418,-0.020585259464314554,-0.3079981973093817,-0.3260961648126717
orz,2016,0.0,0.14802068950831396,0.40370129345214556,0.3295231520033388,0.09570309614276384,0.003426987190667141,-0.3079981973093817,-0.3260961648126717
orz,2016,0.0,0.2529374504066132,0.531242358076569,0.6017076068411353,0.22324416076718734,0.27561144202846366,-0.3079981973093817,-0.3260961648126717
orz,2016,0.0,0.17052407544544704,0.18265909694358617,0.2334687624455083,-0.12533910036579554,-0.09262740236716338,-0.3079981973093817,-0.3260961648126717
orz,2016,0.0,0.2332930072853221,0.3455785616396496,0.5225822953657842,0.0375803643302679,0.19648613055311248,-0.3079981973093817,-0.3260961648126717
orz,2016,0.0,0.23770108890463532,0.31529414909790265,0.39385346160856916,0.007295951788520938,0.06775729679589748,-0.3079981973093817,-0.3260961648126717
orz,2017,0.0,0.23022425037484323,0.37707318872362006,0.28687525402481784,0.16649905536081056,0.22634843551101813,-0.2105741333628095,-0.06052681851379971
orz,2017,0.0,0.3802086505052727,0.6195869362627691,0.2929782615652021,0.40901280289995956,0.23245144305140242,-0.2105741333628095,-0.06052681851379971
orz,2017,0.0,0.3431317417643577,0.4597546850903971,0.32544683062350055,0.24918055172758757,0.26492001210970084,-0.2105741333628095,-0.06052681851379971
orz,2017,0.0,0.3233891679267181,0.3816467312802967,0.14826260588337536,0.1710725979174872,0.08773578736957566,-0.2105741333628095,-0.06052681851379971
orz,2017,0.0,0.2563253661359806,0.49634796714750173,0.23044054541278092,0.28577383378469223,0.1699137268989812,-0.2105741333628095,-0.06052681851379971
orz,2017,0.0,0.26290853444016554,0.2961066261612477,0.02534978313470493,0.08553249279843822,-0.08587660164850464,-0.2105741333628095,-0.06052681851379971
orz,2017,0.0,0.18063591321189007,0.15354346554469878,0.012149716608426786,-0.057030667818110725,-0.04837710190537292,-0.2105741333628095,-0.06052681851379971
orz,2017,0.0,0.2521302511687235,0.32960674001809576,0.16031263341689828,0.11903260665528625,0.09978581490309857,-0.2105741333628095,-0.06052681851379971
orz,2017,0.0,0.3559635521151177,0.247130075365261,0.18987282678605455,0.03655594200245149,0.12934600827225484,-0.2105741333628095,-0.06052681851379971
orz,2017,0.0,0.3578273864738135,0.21224010669207782,0.1797013353080934,0.001665973329268322,0.1191745167942937,-0.2105741333628095,-0.06052681851379971
orz,2017,0.0,0.1994803715346535,0.309141616038882,0.07456033920207394,0.09856748267607252,0.014033520688274237,-0.2105741333628095,-0.06052681851379971
orz,2017,0.0,0.2655082012624148,0.2358733542095881,0.01719521288319603,0.025299220846778603,-0.07772203139699574,-0.2105741333628095,-0.06052681851379971
orz,2017,0.0,0.3755788598650765,0.2620822192405683,0.08780140669335923,0.05150808587775879,0.027274588179559522,-0.2105741333628095,-0.06052681851379971
orz,2017,0.0,0.38703788989647214,0.20105332971283474,0.295762704077136,-0.009520803649974763,0.2352358855633363,-0.2105741333628095,-0.06052681851379971
orz,2017,0.0,0.3129774519357474,0.0844569999684599,0.40810675224765225,-0.1261171333943496,-0.46863357076145196,-0.2105741333628095,-0.06052681851379971
orz,2017,0.0,0.32416213105083946,0.12080830608887538,0.10187893085205513,-0.08976582727393412,-0.16240574936585483,-0.2105741333628095,-0.06052681851379971
orz,2017,0.0,0.2933357251088866,0.13213415919610183,0.17061462306445474,-0.07843997416670767,-0.23114144157825445,-0.2105741333628095,-0.06052681851379971
orz,2017,0.0,0.3106128621490665,0.056049573213088344,0.48595805769220934,-0.26662370657589785,-0.546484876206009,-0.2105741333628095,-0.06052681851379971
orz,2017,0.0,0.23719085494284303,0.1928426009538038,0.029308768522303907,-0.017731532409005712,-0.0312180499914958,-0.2105741333628095,-0.06052681851379971
orz,2017,0.0,0.27733783942702706,0.3460957918250416,0.32431900069938413,0.13552165846223208,-0.38484581921318384,-0.2105741333628095,-0.06052681851379971
orz,2017,0.0,0.26885526545312016,0.22894452975999213,0.00594309493203804,0.01837039639718263,-0.06646991344583775,-0.2105741333628095,-0.06052681851379971
orz,2017,0.0,0.46577229348221155,0.265817944160474,0.0259288714698358,0.055243810797664494,-0.034597947043963906,-0.2105741333628095,-0.06052681851379971
orz,2017,0.0,0.27603619954290376,0.1978828343763901,0.7132443812143525,-0.4084569677391996,-0.7737711997281522,-0.2105741333628095,-0.06052681851379971
orz,2017,0.0,0.4777472042586493,0.38589356704313627,0.21065737990860312,0.17531943368032676,0.1501305613948034,-0.2105741333628095,-0.06052681851379971
orz,2017,0.0,0.25719666769722627,0.2506177102551397,0.023339042540204247,0.04004357689233018,-0.03718777597359546,-0.2105741333628095,-0.06052681851379971
orz,2017,0.0,0.21251521693210096,0.053815078595309096,0.01950998519969449,-0.1567590547675004,-0.0800368037134942,-0.2105741333628095,-0.06052681851379971
orz,2017,0.0,0.49936370625058685,0.10559783475227214,0.1416885617272916,-0.10497629861053737,0.0811617432134919,-0.2105741333628095,-0.06052681851379971
orz,2017,0.0,0.2685443985094283,0.05637877545787662,0.30328384590223845,-0.15419535790493288,0.24275702738843874,-0.2105741333628095,-0.06052681851379971
orz,2017,0.0,0.19398483050235038,0.015380695894719132,0.1374014683847733,-0.22595482925752863,0.07687464987097359,-0.2105741333628095,-0.06052681851379971
orz,2017,0.0,0.46538412519786815,0.12938005126166097,0.14476258356581262,-0.08119408210114853,0.08423576505201291,-0.2105741333628095,-0.06052681851379971
orz,2017,0.0,0.3168540646434748,0.07576659104789307,0.05560855375371654,-0.13480754231491643,-0.004918264760083169,-0.2105741333628095,-0.06052681851379971
orz,2017,0.0,0.24144848004195502,0.2094799002217278,0.2018554238515411,-0.0010942331410817019,0.1413286053377414,-0.2105741333628095,-0.06052681851379971
orz,2017,0.0,0.34820366406565595,0.2784127128890641,0.25791624490259313,0.0678385795262546,0.19738942638879342,-0.2105741333628095,-0.06052681851379971
orz,2017,0.0,0.27008769732648913,0.063923729420444,0.2965260230292017,-0.1466504039423655,0.23599920451540202,-0.2105741333628095,-0.06052681851379971
orz,2017,0.0,0.23957746261655047,0.0778544467974247,0.2781172427428942,-0.1327196865653848,0.21759042422909447,-0.2105741333628095,-0.06052681851379971
orz,2018,0.0,0.8326167089827177,0.22549162605546558,0.5426460481667132,0.22410571431161097,0.3639879851324461,-0.0013859117438546065,-0.17865806303426712
orz,2018,0.0,0.27013620584487097,0.2724669919652225,0.17643558673071214,-0.2738529037090771,-0.35509364976497926,-0.0013859117438546065,-0.17865806303426712
orz,2018,0.0,0.49285246700236646,0.033468836926037415,0.15196410405179295,0.03208292518218281,-0.026693958982474175,-0.0013859117438546065,-0.17865806303426712
orz,2018,0.004105020913216739,0.29875751015603835,0.011973320424609746,0.04388801360030348,0.01058740868075514,-0.13477004943396365,-0.0013859117438546065,-0.17865806303426712
orz,2018,0.0,0.2704862465702843,0.22056288628800358,0.11144088947485109,0.21917697454414897,-0.06721717355941603,-0.0013859117438546065,-0.17865806303426712
orz,2018,0.0019102557091468242,0.3183417010691819,0.1661644157615667,0.10121489408465045,-0.16755032750542131,-0.2798729571189176,-0.0013859117438546065,-0.17865806303426712
orz,2018,0.0,0.27942479368145196,0.16143787346063476,0.1906879310007641,-0.16282378520448937,0.012029867966496965,-0.0013859117438546065,-0.17865806303426712
orz,2018,0.0,0.5010288842222503,0.022166816984222848,0.042457740579282977,0.02078090524036824,-0.13620032245498415,-0.0013859117438546065,-0.17865806303426712
orz,2018,0.0,0.3069198866589077,0.12082397965463798,0.2224861490286858,-0.12220989139849259,0.043828085994418675,-0.0013859117438546065,-0.17865806303426712
orz,2018,0.004105020913216739,0.2595880170589721,0.2474942691306361,0.1644690099739421,-0.2488801808744907,-0.3431270730082092,-0.0013859117438546065,-0.17865806303426712
orz,2018,0.0,0.29151126430845703,0.0708048401516792,0.2182281712518881,-0.07219075189553381,0.03957010821762097,-0.0013859117438546065,-0.17865806303426712
orz,2018,0.0,0.3079136112452478,0.13570715946557677,0.02942307019528334,-0.13709307120943137,-0.14923499283898378,-0.0013859117438546065,-0.17865806303426712
orz,2018,0.0,0.3085275408781107,0.0211147769565887,0.046192186438506866,0.019728865212734092,-0.13246587659576026,-0.0013859117438546065,-0.17865806303426712
orz,2018,0.0,0.8257537098483573,0.1105927779438467,0.46005067440782454,0.10920686619999209,0.2813926113735574,-0.0013859117438546065,-0.17865806303426712
orz,2018,0.0,0.5245162158262021,0.10377289479988061,0.03448539527672745,-0.10515880654373522,-0.21314345831099457,-0.0013859117438546065,-0.17865806303426712
orz,2018,0.0,0.8892238421666226,0.17703942918872917,0.36442822282377474,0.17565351744487456,0.18577015978950762,-0.0013859117438546065,-0.17865806303426712
orz,2018,0.0,0.8449699705929617,0.09199917563291171,0.23691418699844524,0.0906132638890571,0.05825612396417812,-0.0013859117438546065,-0.17865806303426712
orz,2018,0.0,0.3935711993062395,0.08428010686599441,0.11394067624613857,-0.08566601860984902,-0.06471738678812855,-0.0013859117438546065,-0.17865806303426712
orz,2018,0.0,0.8513471763697,0.12109475110157675,0.11287453744692177,-0.12248066284543135,-0.06578352558734535,-0.0013859117438546065,-0.17865806303426712
orz,2018,0.0,0.6138184966644964,0.4727360694029601,0.2951399898762568,0.4713501576591055,0.11648192684198966,-0.0013859117438546065,-0.17865806303426712
orz,2018,0.0,0.6290785357292038,0.05594731676279707,0.2120672058132067,0.054561405018942466,0.03340914277893958,-0.0013859117438546065,-0.17865806303426712
orz,2018,0.0,0.6167342662697562,0.19968947779539414,0.36461840128522427,0.19830356605153954,0.18596033825095715,-0.0013859117438546065,-0.17865806303426712
orz,2018,0.0,0.6918030239237596,0.46512622838792517,0.3724741832060898,-0.4665121401317798,-0.551132246240357,-0.0013859117438546065,-0.17865806303426712
orz,2018,0.0,0.5498238990709037,0.08569729819576644,0.13048857376894185,0.08431138645191183,-0.309146636803209,-0.0013859117438546065,-0.17865806303426712
orz,2018,0.0,0.3080638794123726,0.1417368615704726,0.16206999860935278,-0.1431227733143272,-0.3407280616436199,-0.0013859117438546065,-0.17865806303426712
orz,2018,0.0,0.5912613050863379,0.5116622916807705,0.3399755221883911,-0.5130482034246251,-0.5186335852226582,-0.0013859117438546065,-0.17865806303426712
orz,2018,0.0,0.849670275220325,0.028906389423462464,0.31661579618509794,0.027520477679607858,0.13795773315083082,-0.0013859117438546065,-0.17865806303426712
orz,2018,0.0,1.1093839110003154,0.16136640150154058,0.705690707783885,0.15998048975768597,0.5270326447496179,-0.0013859117438546065,-0.17865806303426712
orz,2018,0.0,1.1560787657830207,0.058224729627412763,0.35051684194729615,-0.05961064137126737,0.17185877891302903,-0.0013859117438546065,-0.17865806303426712
orz,2018,0.0,0.8725165928996784,0.06020328640248174,0.29592778063318015,0.05881737465862713,0.11726971759891303,-0.0013859117438546065,-0.17865806303426712
orz,2018,0.0,0.8915232578446701,0.041904957391583064,0.3512735974042127,0.04051904564772846,0.1726155343699456,-0.0013859117438546065,-0.17865806303426712
orz,2018,0.0,1.0768046709090402,0.054530196196682645,0.3203155304061802,-0.05591610794053725,0.1416574673719131,-0.0013859117438546065,-0.17865806303426712
orz,2018,0.0,0.802329310378299,0.39594158766809606,0.6960009859324461,0.39455567592424146,0.517342922898179,-0.0013859117438546065,-0.17865806303426712
orz,2018,0.0,0.9945184130526862,0.21747090331712515,0.5617286762687272,0.21608499157327055,0.3830706132344601,-0.0013859117438546065,-0.17865806303426712
orz,2018,0.0,0.8696979798809915,0.1295611665939589,0.37712725479127585,0.12817525485010428,0.19846919175700872,-0.0013859117438546065,-0.17865806303426712
orz,2019,0.0,0.22701481371312493,0.43610283208110356,0.40479781700408335,-0.4956263382712973,-0.43885079333518684,-0.05952350619019375,-0.03405297633110349
orz,2019,0.0,0.12993843371281785,0.06389124378931088,0.06821666023067552,0.0043677375991171274,-0.10226963656177901,-0.05952350619019375,-0.03405297633110349
orz,2019,0.0,0.1848645963023417,0.08230310293502807,0.1429030990822997,-0.14182660912522183,0.10885012275119621,-0.05952350619019375,-0.03405297633110349
orz,2019,0.0,0.2852856607775382,0.1426775629153001,0.21631503494839022,0.08315405672510634,0.18226205861728673,-0.05952350619019375,-0.03405297633110349
orz,2019,0.0,0.25168831851137036,0.21222049951991462,0.2456064044935613,0.15269699332972086,0.2115534281624578,-0.05952350619019375,-0.03405297633110349
orz,2019,0.0,0.23039944925640085,0.12110604551018378,0.25733386449027407,0.061582539319990026,0.22328088815917058,-0.05952350619019375,-0.03405297633110349
orz,2019,0.0,0.19665977245431115,0.0747993091890855,0.011976151702463245,0.015275802998891752,-0.046029128033566735,-0.05952350619019375,-0.03405297633110349
orz,2019,0.0,0.17402311896801298,0.289503394150338,0.34555211466751157,0.22997988796014424,0.3114991383364081,-0.05952350619019375,-0.03405297633110349
orz,2019,0.0,0.1948012999892843,0.04625704564996003,0.06700803892439211,-0.10578055184015378,-0.1010610152554956,-0.05952350619019375,-0.03405297633110349
orz,2019,0.0,0.21968169309684224,0.029952043431006103,0.2647204903828424,-0.02957146275918765,0.2306675140517389,-0.05952350619019375,-0.03405297633110349
orz,2019,0.0,0.23119613240359618,0.132635695216627,0.21206867826010578,0.07311218902643324,0.1780157019290023,-0.05952350619019375,-0.03405297633110349
orz,2019,0.0,0.08054450220637424,0.028979120306603434,0.1152028165606458,-0.08850262649679719,-0.14925579289174928,-0.05952350619019375,-0.03405297633110349
orz,2019,0.0,0.07824977488864715,0.2866899523476394,0.3142630974831664,0.22716644615744563,0.2802101211520629,-0.05952350619019375,-0.03405297633110349
orz,2019,0.0,0.1914201081219608,0.0010763535335813756,0.03521152984921372,-0.06059985972377513,-0.06926450618031721,-0.05952350619019375,-0.03405297633110349
orz,2019,0.0,0.19761011855486899,0.1801209104817132,0.2676489280026373,0.12059740429151944,-0.3017019043337408,-0.05952350619019375,-0.03405297633110349
orz,2019,0.0,0.33891230456545063,0.23968381260631677,0.14733514053382946,0.18016030641612302,0.11328216420272597,-0.05952350619019375,-0.03405297633110349
orz,2019,0.0,0.2805436845422527,0.005854262688131939,0.29104004464452293,-0.06537776887832569,-0.3250930209756264,-0.05952350619019375,-0.03405297633110349
orz,2019,0.0,0.3056285681027008,0.21675093039247706,0.13400103137245578,0.1572274242022833,-0.16805400770355927,-0.05952350619019375,-0.03405297633110349
orz,2019,0.0,0.2320460680681859,0.14295967703045598,0.2471373978096838,-0.20248318322064973,-0.2811903741407873,-0.05952350619019375,-0.03405297633110349
orz,2019,0.0,0.17751245422915743,0.5330854744558233,0.9019314451558325,-0.5926089806460171,-0.935984421486936,-0.05952350619019375,-0.03405297633110349
orz,2019,0.0,0.18865885157549572,0.29964147978898614,0.13357633552356996,0.2401179735987924,0.09952335919246647,-0.05952350619019375,-0.03405297633110349
orz,2019,0.0,0.22470311089155648,0.48884195078459847,0.38762209244028156,0.4293184445944047,0.35356911610917807,-0.05952350619019375,-0.03405297633110349
orz,2019,0.0,0.33684835763280285,0.10137069528898746,0.10715836429476733,0.0418471890987937,-0.14121134062587082,-0.05952350619019375,-0.03405297633110349
orz,2019,0.0,0.3191615948802148,0.3112382263917195,0.21006892784912035,0.25171472020152574,0.17601595151801686,-0.05952350619019375,-0.03405297633110349
orz,2019,0.0,0.21439793053379672,0.18787171082175957,0.06591790906177408,0.12834820463156582,0.03186493273067059,-0.05952350619019375,-0.03405297633110349
orz,2019,0.0,0.18493184553143993,0.10214435314713777,0.06156029626348758,-0.16166785933733152,-0.09561327259459107,-0.05952350619019375,-0.03405297633110349
orz,2019,0.0,0.2582570030511655,0.04642761078877644,0.09662420967336516,-0.1059511169789702,-0.13067718600446865,-0.05952350619019375,-0.03405297633110349
orz,2019,0.0,0.282633693204151,0.04063896637330133,0.07997824393149777,-0.10016247256349509,0.04592526760039428,-0.05952350619019375,-0.03405297633110349
orz,2019,0.0,0.30651939084265684,0.15355848789049809,0.24698430894338497,0.09403498170030433,0.21293133261228148,-0.05952350619019375,-0.03405297633110349
orz,2019,0.0,0.3674497268508423,0.3004983991578012,0.1476834985925386,-0.36002190534799494,-0.1817364749236421,-0.05952350619019375,-0.03405297633110349
orz,2019,0.0,0.2476028356336324,0.19984254796271594,0.11504014682023023,0.1403190417725222,0.08098717048912674,-0.05952350619019375,-0.03405297633110349
orz,2019,0.0,0.2638271792525666,0.09675033375965914,0.15926942003330113,0.03722682756946538,0.12521644370219764,-0.05952350619019375,-0.03405297633110349
orz,2019,0.0,0.3817543726493488,0.049161682329022405,0.3724862277207266,-0.10868518851921616,0.3384332513896231,-0.05952350619019375,-0.03405297633110349
orz,2019,0.0,0.25789400090568854,0.08020224996118275,0.16758794939934418,0.020678743770988994,0.1335349730682407,-0.05952350619019375,-0.03405297633110349
orz,2019,0.0,0.15440650335381237,0.010537485066517416,0.06442291560420221,-0.07006099125671117,0.030369939273098723,-0.05952350619019375,-0.03405297633110349
orz,2020,0.0,0.22852937342487997,2.2278087940941447,1.8593919935495118,-1.3942127605390484,-1.166696204421729,0.833596033555096,0.6926957891277827
orz,2020,0.0,0.16175217314309348,2.026689321181815,1.9739467052630872,-1.193093287626719,-1.2812509161353045,0.833596033555096,0.6926957891277827
orz,2020,0.0,0.38516223929502225,0.27649780202158514,0.05870412762896393,0.5570982315335109,0.6339916614988188,0.833596033555096,0.6926957891277827
orz,2020,0.0,0.14514424030388234,0.6016229938095714,0.42627589855421455,0.23197303974552463,0.2664198905735682,0.833596033555096,0.6926957891277827
orz,2020,0.0,0.16195382874331837,0.4450000379499226,0.3605470093370582,0.38859599560517344,0.33214877979072455,0.833596033555096,0.6926957891277827
orz,2020,0.0,0.3223765483188975,0.5732821648597173,0.2994696160799233,0.26031386869537876,0.39322617304785945,0.833596033555096,0.6926957891277827
orz,2020,0.0,0.14193980963209168,0.783248804641473,0.6514069933788758,0.05034722891362309,0.04128879574890698,0.833596033555096,0.6926957891277827
orz,2020,0.0,0.19112328109336216,0.5319683991419835,0.32398552505741396,0.3016276344131126,0.3687102640703688,0.833596033555096,0.6926957891277827
orz,2020,0.0,0.1548862757908522,0.2866365581982371,0.13834541417126145,0.546959475356859,0.5543503749565213,0.833596033555096,0.6926957891277827
orz,2020,0.0,0.2830999960261401,0.2018996582379602,0.06572246951774563,0.6316963753171358,0.7584182586455284,0.833596033555096,0.6926957891277827
orz,2020,0.0,0.17764501122873666,0.30298114741753013,0.10180849623804633,0.5306148861375659,0.5908872928897364,0.833596033555096,0.6926957891277827
orz,2020,0.0,0.22976307858240824,0.8651393825335028,0.8574979735500525,-0.031543348978406716,-0.1648021844222698,0.833596033555096,0.6926957891277827
orz,2020,0.0,0.14028576533664477,0.18299723808578428,0.026992310971116762,0.6505987954693118,0.7196881000988995,0.833596033555096,0.6926957891277827
orz,2020,0.0,0.36517774402609715,0.928450006582711,0.9090725186172026,-0.094853973027615,-0.21637672948941988,0.833596033555096,0.6926957891277827
orz,2020,0.0,0.13680922098705914,0.9594097538598643,0.960049118018091,-0.12581372030476823,-0.2673533288903083,0.833596033555096,0.6926957891277827
orz,2020,0.0,0.26226328057980747,0.7479622131055645,0.5336873221759175,0.0856338204495315,0.1590084669518652,0.833596033555096,0.6926957891277827
orz,2020,0.0,0.16035870643153483,1.6470037261736747,1.533039508094388,-0.8134076926185787,-0.8403437189666052,0.833596033555096,0.6926957891277827
orz,2020,0.0,0.10173646567936516,1.4035093113527606,1.336517160034076,-0.5699132777976645,-0.6438213709062932,0.833596033555096,0.6926957891277827
orz,2020,0.0,0.27857131971082627,1.472212045481182,1.282752859683144,-0.638616011926086,-0.5900570705553612,0.833596033555096,0.6926957891277827
orz,2020,0.0,0.14011897500104004,1.086148937173536,1.1882070603455392,-0.25255290361843996,-0.4955112712177565,0.833596033555096,0.6926957891277827
orz,2020,0.0,0.21845957205394448,0.8543531278357404,0.6414630354754176,-0.020757094280644317,0.051232753652365126,0.833596033555096,0.6926957891277827
orz,2020,0.0,0.26182712041615475,0.39859232137384426,0.36896511798224685,0.4350037121812518,0.3237306711455359,0.833596033555096,0.6926957891277827
orz,2020,0.0,0.14994129151872243,0.9815109498285577,0.8929968026489159,-0.14791491627346165,-0.20030101352113316,0.833596033555096,0.6926957891277827
orz,2020,0.0,0.18561413792994813,0.6243517660686151,0.5581951495493822,0.20924426748648095,0.13450063957840053,0.833596033555096,0.6926957891277827
orz,2020,0.0,0.11889122226550031,1.1518152320206627,1.2083423414287,-0.3182191984655667,-0.5156465523009173,0.833596033555096,0.6926957891277827
orz,2020,0.0,0.1998043620232745,1.197431816935612,1.1148142621997725,-0.3638357833805159,-0.4221184730719898,0.833596033555096,0.6926957891277827
orz,2020,0.0,0.3202589525156826,1.0200173954708398,1.027270494895879,-0.18642136191574377,-0.33457470576809634,0.833596033555096,0.6926957891277827
orz,2020,0.0,0.1824701154157218,0.12123926000891361,0.21991747321833532,0.7123567735461824,0.9126132623461181,0.833596033555096,0.6926957891277827
orz,2020,0.0,0.20377244368949002,0.25139844826727664,0.013782087831016199,0.5821975852878194,0.7064778769587989,0.833596033555096,0.6926957891277827
orz,2020,0.0,0.16114557833162346,1.1590684154723294,0.8920955847605354,-0.3254723819172334,-0.19939979563275267,0.833596033555096,0.6926957891277827
orz,2020,0.0,0.28447768857504635,1.320828161063345,1.3212009227498296,-0.48723212750824896,-0.6285051336220469,0.833596033555096,0.6926957891277827
orz,2020,0.0,0.22238755033100216,0.9957051565994983,0.7766976478737986,-0.16210912304440228,-0.08400185874601585,0.833596033555096,0.6926957891277827
orz,2020,0.0,0.167826951884608,0.9372131671914019,0.7609271699401514,-0.10361713363630587,-0.06823138081236868,0.833596033555096,0.6926957891277827
orz,2020,0.0,0.24575298430612835,0.04202753133785064,0.3029572614399707,0.8756235648929467,0.9956530505677534,0.833596033555096,0.6926957891277827
orz,2020,0.0,0.3444015921284856,0.6538951917270572,0.5160503931691793,0.1797008418280388,0.1766453959586034,0.833596033555096,0.6926957891277827
orz,2021,0.0,0.3047257548036897,0.14843100183311497,0.6175542272829682,0.27632839934388587,0.22434310681261316,0.1278973975107709,-0.393211120470355
orz,2021,0.0,0.29353282017522175,0.03270732763500073,0.508839632051461,0.16060472514577162,0.11562851158110599,0.1278973975107709,-0.393211120470355
orz,2021,0.0,0.419435472078767,0.3030927944351083,0.24401162136704135,-0.1751953969243374,-0.14919949910331365,0.1278973975107709,-0.393211120470355
orz,2021,0.0,0.3839473489970361,0.18391390854146117,0.8042388711605093,0.31181130605223206,0.4110277506901543,0.1278973975107709,-0.393211120470355
orz,2021,0.0,0.33974681087283454,0.023256775647686023,0.7137872032277448,0.15115417315845692,0.3205760827573898,0.1278973975107709,-0.393211120470355
orz,2021,0.0,0.4081833991056653,0.04548122509271302,0.5072221681224649,0.08241617241805788,0.1140110476521099,0.1278973975107709,-0.393211120470355
orz,2021,0.0,0.2332611714197658,0.04390721511705431,0.42751746062672424,0.08399018239371658,0.03430634015636924,0.1278973975107709,-0.393211120470355
orz,2021,0.0,0.24818000367048104,0.12853801172833057,0.4966554672814074,-0.0006406142175596763,0.10344434681105241,0.1278973975107709,-0.393211120470355
orz,2021,0.0,0.22991142654053087,0.11581126797587737,0.44700705323073553,0.01208612953489352,0.05379593276038053,0.1278973975107709,-0.393211120470355
orz,2021,0.0,0.4183853126794821,0.05913374484196021,0.6058522788138108,0.06876365266881068,0.21264115834345576,0.1278973975107709,-0.393211120470355
orz,2021,0.0,0.3997259975190026,0.1308141616726206,0.5309376813870132,-0.0029167641618497164,0.13772656091665825,0.1278973975107709,-0.393211120470355
orz,2021,0.0,0.38741765012615603,0.08716646690971519,0.3161185766303922,0.040730930601055704,-0.07709254383996278,0.1278973975107709,-0.393211120470355
orz,2021,0.0,0.46031820187643024,0.15791496906147495,0.5033942248190462,-0.03001757155070406,0.11018310434869116,0.1278973975107709,-0.393211120470355
orz,2021,0.0,0.1759610355406189,0.4836907744406025,0.1719058114885632,-0.3557933769298316,-0.2213053089817918,0.1278973975107709,-0.393211120470355
orz,2021,0.0,0.4408196423315257,0.11714440429270212,0.3490741469334515,0.010752993218068774,-0.04413697353690349,0.1278973975107709,-0.393211120470355
orz,2021,0.0,0.277903315507629,0.19653425036326633,0.19888381087341456,-0.06863685285249543,-0.19432730959694045,0.1278973975107709,-0.393211120470355
orz,2021,0.0,0.24314212415418499,0.2303256105846998,0.06451043830008896,-0.10242821307392891,-0.32870068217026605,0.1278973975107709,-0.393211120470355
orz,2021,0.0,0.3952542014996788,0.01678211343364655,0.6160042937583738,0.14467951094441744,0.22279317328801884,0.1278973975107709,-0.393211120470355
orz,2021,0.0,0.2851338646168355,0.06096711762943752,0.37946361253750016,0.06693027988133338,-0.013747507932854841,0.1278973975107709,-0.393211120470355
orz,2021,0.0,0.41367481078666335,0.2972613791128098,0.1385940173396234,-0.16936398160203892,-0.5318051378099784,0.1278973975107709,-0.393211120470355
orz,2021,0.0,0.4712932537781674,0.39887080883412773,0.0860481114329672,-0.27097341132335684,-0.3071630090373878,0.1278973975107709,-0.393211120470355
orz,2021,0.0,0.4413149304349077,0.12741926390898728,0.37462713396453085,0.00047813360178361464,-0.018583986505824157,0.1278973975107709,-0.393211120470355
orz,2021,0.0,0.2601837263489098,0.1803017138886256,0.2692901687128524,-0.0524043163778547,-0.12392095175750262,0.1278973975107709,-0.393211120470355
orz,2021,0.0,0.21204809308267772,0.5387936252055785,0.15046783409434772,-0.4108962276948076,-0.24274328637600728,0.1278973975107709,-0.393211120470355
orz,2021,0.0,0.3160353808535193,0.10144479294361641,0.21235906449874475,0.02645260456715448,-0.18085205597161025,0.1278973975107709,-0.393211120470355
orz,2021,0.0,0.2642462437938944,0.0853319556997425,0.40266780268692415,0.2132293532105134,0.009456682216569146,0.1278973975107709,-0.393211120470355
orz,2021,0.33563535684649004,0.6425385273539241,0.36112130552836996,0.36579804158109575,-0.23322390801759907,-0.027413078889259257,0.1278973975107709,-0.393211120470355
orz,2021,0.0,0.23983680373673927,0.09234775334127221,0.5559635719581371,0.2202451508520431,0.16275245148778206,0.1278973975107709,-0.393211120470355
orz,2021,0.0,0.1774828152817527,0.14669583020359944,0.5984708373891459,0.27459322771437034,0.20525971691879086,0.1278973975107709,-0.393211120470355
orz,2021,0.0,0.22025867724276527,0.22065096373569038,0.41531513512687823,-0.09275356622491948,0.02210401465652323,0.1278973975107709,-0.393211120470355
orz,2021,0.0,0.19171462885296525,0.34514461801048,0.10423281275136631,-0.21724722049970913,-0.2889783077189887,0.1278973975107709,-0.393211120470355
orz,2021,0.0,0.23260967747593098,0.020088078528895714,0.3766878718829627,0.1479854760396666,-0.016523248587392292,0.1278973975107709,-0.393211120470355
orz,2021,0.0,0.2334142031406016,0.4098861081270875,0.34746743014676307,-0.2819887106163166,-0.045743690323591935,0.1278973975107709,-0.393211120470355
orz,2021,0.0,0.4578031006382851,0.06560139173371926,0.6570963521861168,0.06229600577705163,0.26388523171576184,0.1278973975107709,-0.393211120470355
orz,2021,0.0,0.25183138195530064,0.018945672566738736,0.48151248549652603,0.10895172494403216,0.08830136502617103,0.1278973975107709,-0.393211120470355
orz,2022,0.0,0.13201922993452647,0.4695489159960289,0.29919430944691827,-0.18882204859710905,-0.006540695293234311,0.28072686739891983,0.29265361415368396
orz,2022,0.0,0.17524130469915863,0.1614369806298699,0.17230508484716278,0.11928988676904995,0.12034852930652118,0.28072686739891983,0.29265361415368396
orz,2022,0.0,0.15628377865854542,0.26838240516714107,0.16383825101756155,0.012344462231778763,0.1288153631361224,0.28072686739891983,0.29265361415368396
orz,2022,0.0,0.19431069311352286,0.3305873359594238,0.24756747126808953,-0.04986046856050397,0.04508614288559443,0.28072686739891983,0.29265361415368396
orz,2022,0.0,0.09778184382602545,0.4783218493705501,0.44794751072185646,-0.19759498197163028,-0.1552938965681725,0.28072686739891983,0.29265361415368396
orz,2022,0.0,0.1651649505825053,0.28506122396958933,0.41873690841663924,-0.004334356570669495,-0.12608329426295528,0.28072686739891983,0.29265361415368396
orz,2022,0.0,0.13120369426913503,0.4489489241337594,0.5129949570124821,-0.1682220567348396,-0.22034134285879814,0.28072686739891983,0.29265361415368396
orz,2022,0.0,0.2458069125893017,0.34782007302102524,0.21660659334223542,-0.06709320562210541,0.07604702081144854,0.28072686739891983,0.29265361415368396
orz,2022,0.0,0.14141162588208722,0.3178522944754958,0.2874192365398964,-0.037125427076575956,0.005234377613787533,0.28072686739891983,0.29265361415368396
orz,2022,0.0,0.320188519860772,0.36633473437699937,0.25520607331545486,-0.08560786697807954,0.0374475408382291,0.28072686739891983,0.29265361415368396
orz,2022,0.0,0.20320463699748448,0.36738373205965447,0.23932648874945084,-0.08665686466073463,0.05332712540423312,0.28072686739891983,0.29265361415368396
orz,2022,0.0,0.18560933709831615,0.4346740402751461,0.6002452484503302,-0.15394717287622628,-0.30759163429664627,0.28072686739891983,0.29265361415368396
orz,2022,0.0,0.2526370971278594,0.307017091449461,0.3129982792385455,-0.026290224050541156,-0.020344665084861546,0.28072686739891983,0.29265361415368396
orz,2022,0.0,0.23523167710788417,0.18700195661905905,0.136431341081785,0.09372491077986078,0.15622227307189895,0.28072686739891983,0.29265361415368396
orz,2022,0.0,0.09930889481887875,0.2473681087896784,0.08153976133227969,0.5280949761885982,0.37419337548596365,0.28072686739891983,0.29265361415368396
orz,2022,0.0,0.16675703419243765,0.11155129812683429,0.3412971541456109,0.16917556927208555,-0.04864353999192694,0.28072686739891983,0.29265361415368396
orz,2022,0.0,0.19473337271585694,0.048710198419778195,0.19354081287152392,0.329437065818698,0.09911280128216005,0.28072686739891983,0.29265361415368396
orz,2022,0.0,0.14014275745109547,0.14241348848872937,0.27140517179204604,0.13831337891019047,0.02124844236163792,0.28072686739891983,0.29265361415368396
orz,2022,0.0,0.1880869334626063,0.5358543236676705,0.5125030690115873,-0.25512745626875066,-0.2198494548579033,0.28072686739891983,0.29265361415368396
orz,2022,0.0,0.06297883494990608,0.7955095238326231,0.8548585393774819,-0.5147826564337032,-0.562204925223798,0.28072686739891983,0.29265361415368396
orz,2022,0.0,0.18247442823433113,0.23127464322958602,0.19263094550830173,0.049452224169333814,0.10002266864538223,0.28072686739891983,0.29265361415368396
orz,2022,0.0,0.17602486476923626,0.21453126034382075,0.3204155311072956,0.06619560705509908,-0.02776191695361163,0.28072686739891983,0.29265361415368396
orz,2022,0.0,0.15440208809558176,0.2913418831027821,0.06913199716270091,0.5720687505017019,0.36178561131638487,0.28072686739891983,0.29265361415368396
orz,2022,0.0,0.13057579520829704,0.419797517754664,0.4113085112266268,-0.13907065035574417,-0.11865489707294286,0.28072686739891983,0.29265361415368396
orz,2022,0.0,0.10974042317169477,0.32039965915284263,0.36796625211969003,-0.0396727917539228,-0.07531263796600607,0.28072686739891983,0.29265361415368396
orz,2022,0.0,0.172353646646616,0.10186972259314198,0.18083802754553346,0.17885714480577786,0.1118155866081505,0.28072686739891983,0.29265361415368396
orz,2022,0.0,0.2979217170343166,0.3211361526000682,0.18808422061993602,-0.04040928520114839,0.10456939353374795,0.28072686739891983,0.29265361415368396
orz,2022,0.0,0.47276960648745475,0.3360223010919845,0.28799337469417363,-0.055295433693064666,0.004660239459510329,0.28072686739891983,0.29265361415368396
orz,2022,0.0,0.4295091370906297,0.29207920870551085,0.11625129913863574,-0.011352341306591018,0.17640231501504822,0.28072686739891983,0.29265361415368396
orz,2022,0.0,0.36210286183708934,0.22995295825805773,0.3279095960693579,0.050773909140862106,-0.03525598191567392,0.28072686739891983,0.29265361415368396
orz,2022,0.0,0.2388458644251627,0.39510959508805277,0.5058244352437615,-0.11438272768913293,-0.21317082109007757,0.28072686739891983,0.29265361415368396
orz,2022,0.0,0.26618170188172924,0.3291428026785348,0.12744921217544736,-0.04841593527961496,0.1652044019782366,0.28072686739891983,0.29265361415368396
orz,2022,0.0,0.20499569480041716,0.1849951316419145,0.32138006572576483,0.09573173575700533,-0.02872645157208087,0.28072686739891983,0.29265361415368396
orz,2022,0.0,0.37995603079951573,0.3396219776501139,0.39868597463009303,-0.058895110251194094,-0.10603236047640907,0.28072686739891983,0.29265361415368396
orz,2022,0.0,0.24575088519505303,0.3412274268670741,0.16238830742264687,-0.06050055946815425,0.1302653067310371,0.28072686739891983,0.29265361415368396
orz,2023,0.0,0.49338227752587593,0.354479609491956,0.04803811190724039,0.1333670055205327,-0.19451828256479642,-0.2211126039714233,-0.14648017065755603
orz,2023,0.0,0.21893236395965565,0.682191160307029,0.32910180078830287,0.4610785563356057,0.18262163013074684,-0.2211126039714233,-0.14648017065755603
orz,2023,0.0,0.3262976937600438,0.07026105511810243,0.34563316815671774,-0.15085154885332086,0.1991529974991617,-0.2211126039714233,-0.14648017065755603
orz,2023,0.0,0.20234688595908223,0.5306388701213951,0.6139420238829034,0.3095262661499718,0.4674618532253474,-0.2211126039714233,-0.14648017065755603
orz,2023,0.0,0.21697912857617735,0.2905244399361542,0.2812176521781553,0.06941183596473088,0.13473748152059928,-0.2211126039714233,-0.14648017065755603
orz,2023,0.0,0.24246481216711158,0.13864306226100132,0.32498458993176627,-0.08246954171042198,0.17850441927421024,-0.2211126039714233,-0.14648017065755603
orz,2023,0.0,0.23324068840308015,0.3517866542511823,0.4057939923694538,0.13067405027975898,0.25931382171189776,-0.2211126039714233,-0.14648017065755603
orz,2023,0.0,0.18909736152782106,0.400177871585889,0.5275503644879516,0.17906526761446573,0.38107019383039553,-0.2211126039714233,-0.14648017065755603
orz,2023,0.0,0.18340683262850307,0.19795545613581345,0.2080642685614471,-0.023157147835609848,0.06158409790389108,-0.2211126039714233,-0.14648017065755603
orz,2023,0.0,0.30659998372653974,0.07637385816370523,0.4833372794235613,-0.14473874580771806,0.3368571087660053,-0.2211126039714233,-0.14648017065755603
orz,2023,0.0,0.2808911148489034,0.17693777600635308,0.4823627590934638,-0.04417482796507022,0.3358825884359078,-0.2211126039714233,-0.14648017065755603
orz,2023,0.0,0.22344781418659415,0.3248651392691957,0.17223811726027405,0.1037525352977724,0.025757946602718018,-0.2211126039714233,-0.14648017065755603
orz,2023,0.0,0.23002998430433536,0.32675359847493457,0.4815228396029787,0.10564099450351128,0.3350426689454227,-0.2211126039714233,-0.14648017065755603
orz,2023,0.0,0.44434314759196114,0.38917024184656146,0.22394729911362798,0.16805763787513817,0.07746712845607195,-0.2211126039714233,-0.14648017065755603
orz,2023,0.0,0.2740279828415094,0.2672794866949513,0.5030129694526968,-0.48839209066637457,-0.6494931401102528,-0.2211126039714233,-0.14648017065755603
orz,2023,0.0,0.47370297982177495,0.29703281339298737,0.5016511822985459,0.07592020942156408,0.35517101164098985,-0.2211126039714233,-0.14648017065755603
orz,2023,0.0,0.3399369178165862,0.5513115528213057,0.3054182412065716,0.33019894884988243,0.15893807054901554,-0.2211126039714233,-0.14648017065755603
orz,2023,0.0,0.20343249210947706,0.4201979945195138,0.04101550146840305,0.1990853905480905,-0.10546466918915298,-0.2211126039714233,-0.14648017065755603
orz,2023,0.0,0.3770430939013891,0.15460449308548752,0.011359553459682648,-0.06650811088593578,-0.15783972411723868,-0.2211126039714233,-0.14648017065755603
orz,2023,0.0,0.219894177621397,0.9670159311940862,1.3663547321692624,-1.1881285351655095,-1.5128349028268184,-0.2211126039714233,-0.14648017065755603
orz,2023,0.0,0.21756198887449313,0.16260525588083308,0.11796945560377914,-0.05850734809059022,-0.26444962626133517,-0.2211126039714233,-0.14648017065755603
orz,2023,0.0,0.2915093227282651,0.5031743770371886,0.33512231386101243,0.2820617730657653,0.1886421432034564,-0.2211126039714233,-0.14648017065755603
orz,2023,0.0,0.226313150858315,0.3708622886504549,0.17262270656153023,0.1497496846790316,0.026142535903974196,-0.2211126039714233,-0.14648017065755603
orz,2023,0.0,0.2354172133693241,0.08400221208399072,0.1340258490417825,-0.305114816055414,-0.012454321615773534,-0.2211126039714233,-0.14648017065755603
orz,2023,0.0,0.21817357950618907,0.2083404857326263,0.08416701694173767,-0.012772118238796981,-0.2306471875992937,-0.2211126039714233,-0.14648017065755603
orz,2023,0.0,0.37177486298645246,0.43542278451656236,0.27795932835972836,0.21431018054513906,0.13147915770217233,-0.2211126039714233,-0.14648017065755603
orz,2023,0.0,0.45176179845429676,0.4117980901318372,0.1564855962403522,0.19068548616041392,0.010005425582796157,-0.2211126039714233,-0.14648017065755603
orz,2023,0.0,0.3365803466272289,0.050328224214899464,0.11128664181646863,-0.17078437975652383,-0.035193528841087396,-0.2211126039714233,-0.14648017065755603
orz,2023,0.0,0.5808691414735776,0.1763398012423063,0.2670058254250076,-0.04477280272911699,0.12052565476745158,-0.2211126039714233,-0.14648017065755603
orz,2023,0.0,0.47385283386840404,0.19202065841046512,0.13854036509152712,-0.029091945560958177,-0.28502053574908315,-0.2211126039714233,-0.14648017065755603
orz,2023,0.0,0.31583102234206006,0.3446717756036626,0.08070227402431263,0.12355917163223928,-0.22718244468186866,-0.2211126039714233,-0.14648017065755603
orz,2023,0.0,0.3421459618091772,0.16943692754339645,0.03398302890183791,-0.05167567642802684,-0.11249714175571812,-0.2211126039714233,-0.14648017065755603
orz,2023,0.0,0.2826580352655093,0.1741157851299282,0.031042316271876036,-0.04699681884149509,-0.11543785438568,-0.2211126039714233,-0.14648017065755603
orz,2023,0.0,0.3386214352015825,0.0104008230476067,0.1216831699983012,-0.23151342701903,-0.02479700065925483,-0.2211126039714233,-0.14648017065755603
orz,2023,0.0,0.29514689579316017,0.13461749113774202,0.10795259536269652,-0.08649511283368128,-0.038527575294859506,-0.2211126039714233,-0.14648017065755603
orz,2024,0.0,0.34760888462035555,0.7509854137360117,0.26780973936829255,0.48148884774569556,0.46454367065441593,-0.26949656599031613,0.19673393128612338
orz,2024,0.0,0.4650010498769415,0.4840691635864762,0.03976417086987949,0.2145725975961601,0.1569697604162439,-0.26949656599031613,0.19673393128612338
orz,2024,0.0,0.3590911814179067,0.1599448874931011,0.20326255564601148,-0.10955167849721503,-0.006528624359888102,-0.26949656599031613,0.19673393128612338
orz,2024,0.0,0.4436340583633697,0.14499947302311034,0.20569381675414533,-0.12449709296720579,-0.008959885468021955,-0.26949656599031613,0.19673393128612338
orz,2024,0.0,0.4184318266638143,0.020803213238845153,0.39981329353786643,-0.24869335275147098,-0.20307936225174306,-0.26949656599031613,0.19673393128612338
orz,2024,0.0,0.35663949656826527,0.28741785051878477,0.09756326488911782,0.01792128452846864,0.09917066639700556,-0.26949656599031613,0.19673393128612338
orz,2024,0.0,0.7228048887680232,0.23075694380110257,0.1572647147177766,-0.03873962218921356,0.03946921656834679,-0.26949656599031613,0.19673393128612338
orz,2024,0.0,0.35819019740584274,0.13197645392699675,0.2627197211794634,-0.13752011206331938,-0.06598578989334003,-0.26949656599031613,0.19673393128612338
orz,2024,0.0,0.435926350351984,0.07210512345224673,0.41429449334866053,-0.1973914425380694,-0.21756056206253716,-0.26949656599031613,0.19673393128612338
orz,2024,0.0,0.3648974290626781,0.354393540941643,0.17125310444682507,0.08489697495132686,0.36798703573294844,-0.26949656599031613,0.19673393128612338
orz,2024,0.0,0.4971383417529259,0.05867058491338417,0.3214890584434946,-0.21082598107693196,-0.12475512715737125,-0.26949656599031613,0.19673393128612338
orz,2024,0.0,0.49082684367839635,0.4807300296403074,0.01053938317418801,0.2112334636499913,0.18619454811193537,-0.26949656599031613,0.19673393128612338
orz,2024,0.0,0.3650462494756269,0.2647207820488058,0.1464880379220097,-0.004775783941510348,0.05024589336411367,-0.26949656599031613,0.19673393128612338
orz,2024,0.0,0.36833950937435594,0.5587272479151602,0.3111393750318592,0.289230681924844,0.5078733063179826,-0.26949656599031613,0.19673393128612338
orz,2024,0.0,0.19439367134201593,0.11276309976315169,0.7746743772352991,-0.3822596657534678,-0.5779404459491757,-0.26949656599031613,0.19673393128612338
orz,2024,0.0,0.3384120533438741,0.3929663113150097,0.02897508381921554,0.12346974532469357,0.16775884746690783,-0.26949656599031613,0.19673393128612338
orz,2024,0.0,0.3640273124221777,0.6940217254148728,0.234012787690014,0.4245251594245567,0.43074671897613737,-0.26949656599031613,0.19673393128612338
orz,2024,0.0,0.6633631600400658,0.4098793452049141,0.14879649055836097,0.14038277921459796,0.047937440727762404,-0.26949656599031613,0.19673393128612338
orz,2024,0.0,0.5636166335277084,0.2189981704429309,0.3359662702072699,-0.05049839554738522,-0.1392323389211465,-0.26949656599031613,0.19673393128612338
orz,2024,0.0,0.3956528461217088,0.09197964401433589,0.802870525157477,-0.361476210004652,-0.6061365938713537,-0.26949656599031613,0.19673393128612338
orz,2024,0.0,0.41765467200269474,0.22856429183213356,0.3126921520790096,-0.04093227415818257,-0.1159582207928862,-0.26949656599031613,0.19673393128612338
orz,2024,0.0,0.2201450108764187,0.618272428298162,0.03421367636125616,0.34877586230784585,0.1625202549248672,-0.26949656599031613,0.19673393128612338
orz,2024,0.0,0.590590533655525,0.21031035638634643,0.41047534375558925,-0.0591862096039697,-0.21374141246946587,-0.26949656599031613,0.19673393128612338
orz,2024,0.0,0.41533926350304673,0.20417628761555884,0.13595327409930702,-0.06532027837475729,0.060780657186816356,-0.26949656599031613,0.19673393128612338
orz,2024,0.0,0.5320707453361162,0.13244777538382202,0.6558715724598319,-0.1370487906064941,-0.4591376411737085,-0.26949656599031613,0.19673393128612338
orz,2024,0.0,0.3022922688177118,0.5559695989743196,0.04298711678639844,0.2864730329840035,0.23972104807252181,-0.26949656599031613,0.19673393128612338
orz,2024,0.0,0.5599982831717247,0.4421070759417347,0.07234207240596735,0.17261050995141858,0.12439185888015603,-0.26949656599031613,0.19673393128612338
orz,2024,0.0,0.492360280141061,0.06483584125966146,0.351717975070045,-0.3343324072499776,-0.1549840437839216,-0.26949656599031613,0.19673393128612338
orz,2024,0.0,0.3415972743785006,0.06155821568299791,0.30671355534463896,-0.20793835030731822,-0.10997962405851558,-0.26949656599031613,0.19673393128612338
orz,2024,0.0,0.6742921832905726,0.5536538444364698,0.046784263699257256,0.2841572784461537,0.14994966758686612,-0.26949656599031613,0.19673393128612338
orz,2024,0.0,0.2866107188688303,0.41586445261809457,0.2048265006415817,0.14636788662777844,-0.008092569355458323,-0.26949656599031613,0.19673393128612338
orz,2024,0.0,0.29115733985334286,0.1599949078713756,0.2923287693547736,-0.10950165811894053,-0.09559483806865021,-0.26949656599031613,0.19673393128612338
orz,2024,0.0,0.6398805954501859,0.2934445654530098,0.17686856409839047,0.02394799946269366,0.019865367187732907,-0.26949656599031613,0.19673393128612338
orz,2024,0.0,0.41004546034848816,0.043404726875428956,0.35364204477282746,-0.22609183911488717,-0.15690811348670408,-0.26949656599031613,0.19673393128612338
orz,2024,0.0,0.3619443769672463,0.06602360671506213,0.20828469673500516,-0.203472959275254,-0.011550765448881783,-0.26949656599031613,0.19673393128612338
orz,2025,0.0,0.3197146879832693,0.424973739436604,0.8308705996159684,0.20521234834815028,0.409088890622499,-0.21976139108845372,-0.42178170899346945
orz,2025,0.0,0.2906845936209327,0.8615157755923226,1.2386527948509007,0.6417543845038689,0.8168710858574313,-0.21976139108845372,-0.42178170899346945
orz,2025,0.0,0.5084655483595617,0.05124623607670076,0.4761655980207218,-0.16851515501175296,0.05438388902725233,-0.21976139108845372,-0.42178170899346945
orz,2025,0.0,0.3177586557774875,0.3245760506833748,0.5845922588985295,0.10481465959492109,0.16281054990506005,-0.21976139108845372,-0.42178170899346945
orz,2025,0.0,0.26341331941597534,0.19469133882632494,0.38676828405774577,-0.025070052262128772,-0.03501342493572368,-0.21976139108845372,-0.42178170899346945
orz,2025,0.0,0.374239654418331,0.23278130987400303,0.6440692007047941,0.013019918785549311,0.22228749171132467,-0.21976139108845372,-0.42178170899346945
orz,2025,0.0,0.2048473868902226,0.2627661888427997,0.34488660808526594,0.04300479775434596,-0.0768951009082035,-0.21976139108845372,-0.42178170899346945
orz,2025,0.0,0.17997595869912755,0.15044740249184052,0.6168201657278747,-0.0693139885966132,0.19503845673440523,-0.21976139108845372,-0.42178170899346945
orz,2025,0.0,0.15060710801775756,0.16116750951238945,0.47729211732692933,-0.058593881576064266,0.05551040833345988,-0.21976139108845372,-0.42178170899346945
orz,2025,0.0,0.6107571034443577,0.09889908721894303,0.44508259630093816,-0.12086230386951069,0.02330088730746871,-0.21976139108845372,-0.42178170899346945
orz,2025,0.0,0.2642227516738055,0.12518785948152855,0.256132458318433,-0.09457353160692517,-0.16564925067503644,-0.21976139108845372,-0.42178170899346945
orz,2025,0.0,0.19424229973338297,0.2756605409760766,0.32381827142364417,0.0558991498876229,-0.09796343756982528,-0.21976139108845372,-0.42178170899346945
orz,2025,0.0,0.25554386065932366,0.11936629067128823,0.41368818376866257,-0.10039510041716548,-0.008093525224806886,-0.21976139108845372,-0.42178170899346945
orz,2025,0.0,0.40758004491507716,0.2865763763510829,0.6622085802143158,0.06681498526262919,0.24042687122084638,-0.21976139108845372,-0.42178170899346945
orz,2025,0.0,0.27193894510360955,0.11352545568727646,0.18793553833059473,-0.10623593540117726,-0.23384617066287472,-0.21976139108845372,-0.42178170899346945
orz,2025,0.0,0.5251437780102927,0.21014691075568814,0.4649231177043891,-0.009614480332765574,0.04314140871091965,-0.21976139108845372,-0.42178170899346945
orz,2025,0.0,0.4000805223621257,0.3750699003490934,0.5063186010971341,0.15530850926063966,0.08453689210366466,-0.21976139108845372,-0.42178170899346945
orz,2025,0.0,0.3636873031370461,0.03467117239677675,0.1763832594472774,-0.18509021869167697,-0.24539844954619205,-0.21976139108845372,-0.42178170899346945
orz,2025,0.0,0.25245456502532615,0.3211896198302018,0.6519622112375729,0.10142822874174806,0.23018050224410347,-0.21976139108845372,-0.42178170899346945
orz,2025,0.0,0.24124497351910928,0.4690997704601796,0.5335481125512582,0.24933837937172587,0.11176640355778877,-0.21976139108845372,-0.42178170899346945
orz,2025,0.0,0.41227009789452485,0.19660588058359263,0.306125286690635,-0.023155510504861088,-0.11565642230283446,-0.21976139108845372,-0.42178170899346945
orz,2025,0.0,0.4150449882399184,0.14579441088395084,0.16663936842274518,-0.07396698020450287,-0.25514234057072427,-0.21976139108845372,-0.42178170899346945
orz,2025,0.0,0.4823845214591665,0.3697186586215744,0.29017214910845723,0.14995726753312066,-0.13160955988501222,-0.21976139108845372,-0.42178170899346945
orz,2025,0.0,0.21568132054381958,0.06810034739985582,0.17953437518265591,-0.28786173848830954,-0.24224733381081354,-0.21976139108845372,-0.42178170899346945
orz,2025,0.0,0.22156464266479237,0.3882668553013424,0.6332660244109447,0.1685054642128887,0.21148431541747525,-0.21976139108845372,-0.42178170899346945
orz,2025,0.0,0.18870956507964953,0.33090154455785026,0.6910060150671757,0.11114015346939654,0.2692243060737063,-0.21976139108845372,-0.42178170899346945
orz,2025,0.0,0.55814938667654,0.2942093788689717,0.22947111853455482,0.07444798778051798,-0.19231059045891463,-0.21976139108845372,-0.42178170899346945
orz,2025,0.0,0.23690401126090643,0.12634566972689942,0.3023784748627598,-0.0934157213615543,-0.11940323413070963,-0.21976139108845372,-0.42178170899346945
orz,2025,0.0,0.6314077238226476,0.07660442557461566,0.37943903737381257,-0.14315696551383805,-0.04234267161965688,-0.21976139108845372,-0.42178170899346945
orz,2025,0.0,0.45013323499917013,0.12068440685978521,0.3849603166677573,-0.09907698422866851,-0.03682139232571213,-0.21976139108845372,-0.42178170899346945
orz,2025,0.0,0.2882014428037536,0.3252881508017791,0.28031240971455906,0.10552675971332537,-0.1414692992789104,-0.21976139108845372,-0.42178170899346945
orz,2025,0.0,0.5027996747965068,0.17970163408789652,0.196963902241027,-0.040059757000557195,-0.22481780675244245,-0.21976139108845372,-0.42178170899346945
orz,2025,0.0,0.2550091146110982,0.24816884806818207,0.11130656499213298,-0.4679302391566358,-0.31047514400133647,-0.21976139108845372,-0.42178170899346945
orz,2025,0.0,0.24065403548262587,0.21166962351383978,0.311792845309375,-0.00809176757461394,-0.10998886368409444,-0.21976139108845372,-0.42178170899346945
orz,2025,0.0,0.5623049268957964,0.14856870866733907,0.07687336850989235,-0.07119268242111465,-0.3449083404835771,-0.21976139108845372,-0.42178170899346945
porumb,2007,0.0,0.27257719594936347,1.2503855726260529,1.2290285170449795,0.0998854339444123,0.41560429683685307,1.3502710065704653,1.6446328138818327
porumb,2007,0.0,0.2181082993370788,0.17690354576761402,0.07535541292973269,1.1733674608028513,1.5692774009521,1.3502710065704653,1.6446328138818327
porumb,2007,0.0,0.246987872155858,0.8682516271877403,0.827540392406442,0.482019379382725,0.8170924214753907,1.3502710065704653,1.6446328138818327
porumb,2007,0.0,0.3353939062177106,3.240681703788278,3.465860904407506,-1.8904106972178125,-1.8212280905256732,1.3502710065704653,1.6446328138818327
porumb,2007,0.0,0.27386453152084,0.7764147243667998,0.7359324765369948,0.5738562822036655,0.9087003373448379,1.3502710065704653,1.6446328138818327
porumb,2007,0.0,0.3707633268233665,1.9032428275001643,2.2681463267812134,-0.5529718209296991,-0.6235135128993806,1.3502710065704653,1.6446328138818327
porumb,2007,0.0,0.3211522124432274,2.502663180414835,2.7365175243279167,-1.1523921738443699,-1.091884710446084,1.3502710065704653,1.6446328138818327
porumb,2007,0.0,0.30896104255441403,0.740408722992256,0.9169446976387949,0.6098622835782092,0.7276881162430376,1.3502710065704653,1.6446328138818327
porumb,2007,0.0,0.2963329328558357,0.06961037477456422,0.27691433650967756,1.4198813813450295,1.9215471503915103,1.3502710065704653,1.6446328138818327
porumb,2007,0.0,0.31460790791496407,0.9593590658203348,0.8691321065460385,0.39091194075013036,0.7755007073357941,1.3502710065704653,1.6446328138818327
porumb,2007,0.0,0.2686105338912832,2.486875591694809,2.9372722111878926,-1.1366045851243438,-1.29263939730606,1.3502710065704653,1.6446328138818327
porumb,2007,0.0,0.2760815403199552,3.235806055117961,3.128786723145215,-1.8855350485474958,-1.4841539092633824,1.3502710065704653,1.6446328138818327
porumb,2007,0.0,0.5925981299389761,1.120562823852945,1.2173068064200536,0.22970818271752025,0.42732600746177907,1.3502710065704653,1.6446328138818327
porumb,2007,0.0,0.3671716469346057,1.0685252123435627,1.6226325785331281,0.2817457942269025,0.022000235348704433,1.3502710065704653,1.6446328138818327
porumb,2007,0.0,0.6562986280267447,1.6555382451905578,2.0993080795883845,-0.30526723862009264,-0.4546752657065517,1.3502710065704653,1.6446328138818327
porumb,2007,0.0,0.6781914217409847,1.3174585211261571,1.7155676044252548,0.03281248544430804,-0.07093479054342222,1.3502710065704653,1.6446328138818327
porumb,2007,0.0,0.36943795913471195,1.6920714748897974,2.2585440441867846,-0.3418004683193322,-0.6139112303049518,1.3502710065704653,1.6446328138818327
porumb,2007,0.0,0.3489631869447573,0.7629908584054863,1.10700412649878,0.5872801481649789,0.5376286873830526,1.3502710065704653,1.6446328138818327
porumb,2007,0.0,0.35387877052777206,0.7895616452520853,1.111029765367616,0.5607093613183799,0.5336030485142166,1.3502710065704653,1.6446328138818327
porumb,2007,0.0,0.3704456778497637,2.010138417734823,2.3250792635712787,-0.6598674111643579,-0.680446449689446,1.3502710065704653,1.6446328138818327
porumb,2007,0.0,0.3757161947620574,1.1683050851449435,1.4503567156936168,0.1819659214255217,0.19427609818821578,1.3502710065704653,1.6446328138818327
porumb,2007,0.0,0.33747285751988676,1.6053776035925305,2.094777395204026,-0.2551065970220654,-0.4501445813221936,1.3502710065704653,1.6446328138818327
porumb,2007,0.0,0.3283296870348759,1.336487668757301,1.3790052948900295,0.013783337813164098,0.26562751899180304,1.3502710065704653,1.6446328138818327
porumb,2007,0.0,0.32435450247295955,2.3378547952314745,2.957363055333465,-0.9875837886610093,-1.3127302414516322,1.3502710065704653,1.6446328138818327
porumb,2007,0.0,0.23481368643858963,1.8566850944572872,1.9274101848660126,-0.5064140878868221,-0.28277737098418,1.3502710065704653,1.6446328138818327
porumb,2007,0.0,0.8680613665408293,1.2868015897076452,2.124648705878257,0.06346941686281993,-0.48001589199642425,1.3502710065704653,1.6446328138818327
porumb,2007,0.0,0.6571186178900377,1.1188538421521923,1.5364964346200447,0.23141716441827287,0.10813637926178787,1.3502710065704653,1.6446328138818327
porumb,2007,0.0,0.8994604234988668,1.1404631872190478,1.7819128858230937,0.20980781935141746,-0.13728007194126124,1.3502710065704653,1.6446328138818327
porumb,2007,0.0,0.7039759387820305,0.8695108418426665,1.307755894194983,0.4807601647277987,0.33687691968684963,1.3502710065704653,1.6446328138818327
porumb,2007,0.0,0.4321753903480484,1.6190745635537982,2.0990377350925087,-0.26880355698333314,-0.4544049212106762,1.3502710065704653,1.6446328138818327
porumb,2007,0.0,0.7206569956389476,1.2656132530408948,1.5719517773180047,0.08465775352957039,0.07268103656382785,1.3502710065704653,1.6446328138818327
porumb,2007,0.0,0.22729224780922772,0.9866306955424893,1.615492395753963,0.3636403110279759,0.029140418127869494,1.3502710065704653,1.6446328138818327
porumb,2007,0.0,0.7585341885680081,0.3720271461984317,0.6654820624929414,0.9782438603720335,0.9791507513888912,1.3502710065704653,1.6446328138818327
porumb,2007,0.0,0.928601009580292,0.45729941565743215,1.0357499097870273,0.892971590913033,0.6088829040948053,1.3502710065704653,1.6446328138818327
porumb,2008,0.0,0.2662044933631532,0.27505930638128584,0.38987970482033596,-0.16487577514138785,-0.20549106379283222,0.11018353123989799,0.18438864102750374
porumb,2008,0.0,0.18780139755789596,0.7629852886081907,0.6090107265085325,-0.6528017573682927,-0.42462208548102875,0.11018353123989799,0.18438864102750374
porumb,2008,0.021872495196824993,0.4871579045824649,1.0109065795553391,0.5597819652935252,-0.9007230483154411,-0.37539332426602146,0.11018353123989799,0.18438864102750374
porumb,2008,0.0,0.4677480431078077,0.8458893315097229,0.424324718270948,-0.7357058002698249,-0.23993607724344423,0.11018353123989799,0.18438864102750374
porumb,2008,0.0,0.3595005657785791,0.3738496903246076,0.0776245517477645,-0.2636661590847096,0.10676408927973924,0.11018353123989799,0.18438864102750374
porumb,2008,0.0,0.30953928296175975,0.48049788938732396,0.18985356643575413,-0.37031435814742597,-0.005464925408250387,0.11018353123989799,0.18438864102750374
porumb,2008,0.0,0.1785620620802193,0.1840401530208502,0.10022327648923612,-0.0738566217809522,0.08416536453826762,0.11018353123989799,0.18438864102750374
porumb,2008,0.0,0.2813872263866107,0.06893087624103122,0.06498787466376887,0.04125265499886677,0.24937651569127262,0.11018353123989799,0.18438864102750374
porumb,2008,0.0,0.18912474993411313,0.40413844340149296,0.09966011695173904,-0.293954912161595,0.2840487579792428,0.11018353123989799,0.18438864102750374
porumb,2008,0.0,0.34895907741215976,0.08703637811928333,0.20057872585378433,0.19721990935918132,0.3849673668812881,0.11018353123989799,0.18438864102750374
porumb,2008,0.0,0.45712821754165134,0.5727539839467988,0.1116941685501942,-0.4625704527069008,0.07269447247730954,0.11018353123989799,0.18438864102750374
porumb,2008,0.0,0.20986711820678913,0.18330541107341514,0.1735580860219228,-0.07312187983351714,0.010830555005580944,0.11018353123989799,0.18438864102750374
porumb,2008,0.0,0.30362558941177475,0.4391413401072324,0.19605478448954816,0.5493248713471304,0.3804434255170519,0.11018353123989799,0.18438864102750374
porumb,2008,0.0,0.20536711575103545,0.362920514218827,0.30698153273247053,-0.252736982978929,-0.12259289170496679,0.11018353123989799,0.18438864102750374
porumb,2008,0.0,0.24088552570438598,0.11342077185227106,0.32482251461414613,-0.0032372406123730713,-0.1404338735866424,0.11018353123989799,0.18438864102750374
porumb,2008,0.0,0.25282966172457455,0.6387790311813855,0.4295706722270367,-0.5285954999414875,-0.24518203119953297,0.11018353123989799,0.18438864102750374
porumb,2008,0.0,0.24976377195074853,0.3114851582611955,0.09602415729093439,-0.2013016270212975,0.08836448373656935,0.11018353123989799,0.18438864102750374
porumb,2008,0.0,0.13673939723085024,0.09377241402617997,0.38173542247871284,0.20395594526607796,-0.1973467814512091,0.11018353123989799,0.18438864102750374
porumb,2008,0.0,0.26128983395814404,0.3802542205500985,0.5616949045631459,-0.2700706893102005,-0.3773062635356421,0.11018353123989799,0.18438864102750374
porumb,2008,0.0,0.31603802823500227,0.34785717251863346,0.010819026056454462,0.45804070375853145,0.17356961497104928,0.11018353123989799,0.18438864102750374
porumb,2008,0.0,0.2668110686286639,0.17691798481790544,0.1646080207965026,-0.06673445357800745,0.019780620231001134,0.11018353123989799,0.18438864102750374
porumb,2008,0.0,0.2371029243844339,0.5529414029769741,0.26326921552692006,0.6631249342168721,0.4476578565544238,0.11018353123989799,0.18438864102750374
porumb,2008,0.0,0.27415065070725975,0.9776598179158991,1.0601700070377116,-0.8674762866760011,-0.8757813660102078,0.11018353123989799,0.18438864102750374
porumb,2008,0.0,0.19710381419025147,0.41024756823754593,0.2706281968310238,0.5204310994774439,0.45501683785852753,0.11018353123989799,0.18438864102750374
porumb,2008,0.0,0.36752052797855833,0.031093869068703484,0.46590267726145784,0.07908966217119451,-0.2815140362339541,0.11018353123989799,0.18438864102750374
porumb,2008,0.0,0.3382133624626567,0.04971151318771083,0.11878147934617678,0.06047201805218716,0.06560716168132696,0.11018353123989799,0.18438864102750374
porumb,2008,0.0,0.2510579795333133,0.3256441069726006,0.38278618535442144,0.4358276382124986,-0.1983975443269177,0.11018353123989799,0.18438864102750374
porumb,2008,0.0,0.24259343722930177,0.4187629323542139,0.07923461864387482,0.5289464635941119,0.10515402238362892,0.11018353123989799,0.18438864102750374
porumb,2008,0.0,0.23949587039717532,0.358747805615506,0.03319417482381759,0.468931336855404,0.21758281585132133,0.11018353123989799,0.18438864102750374
porumb,2008,0.0,0.17386825131210393,0.11154982277849612,0.0913676873671121,0.2217333540183941,0.09302095366039165,0.11018353123989799,0.18438864102750374
porumb,2008,0.0,0.30352663875280383,0.23000691537521556,0.5911645786915045,-0.11982338413531757,-0.4067759376640008,0.11018353123989799,0.18438864102750374
porumb,2008,0.0,0.1868171126806095,0.4194771875574195,0.24499556572852965,0.5296607187973175,0.4293842067560334,0.11018353123989799,0.18438864102750374
porumb,2008,0.0,0.24284101862535318,0.22526712859323217,0.0162440491134892,0.33545065983313016,0.16814459191401454,0.11018353123989799,0.18438864102750374
porumb,2008,0.0,0.22657611033240585,0.4043828073198865,0.016549142905474046,0.5145663385597845,0.2009377839329778,0.11018353123989799,0.18438864102750374
porumb,2008,0.0,0.2912843868813972,0.383355089305645,0.1256619360238549,0.493538620545543,0.05872670500364885,0.11018353123989799,0.18438864102750374
porumb,2009,0.0,0.4156364722284257,0.714948927553134,0.44701816947648965,0.49332048898717096,0.5177760353953391,-0.22162843856596304,0.07075786591884947
porumb,2009,0.0,0.3575126147244705,0.614927602573875,0.0003214448698818373,0.393299164007912,0.07107931078873131,-0.22162843856596304,0.07075786591884947
porumb,2009,0.0,0.3032098974147671,0.20218184612334023,0.3826307890158427,-0.42381028468930326,-0.3118729230969932,-0.22162843856596304,0.07075786591884947
porumb,2009,0.0,0.29055964343797275,0.573143540745213,0.36953627478090345,0.35151510217924997,0.4402941406997529,-0.22162843856596304,0.07075786591884947
porumb,2009,0.0,0.5141413764799853,0.39942429598772966,0.0004412091301078114,0.17779585742176662,0.07031665678874166,-0.22162843856596304,0.07075786591884947
porumb,2009,0.0,0.22616090764983965,0.15430820094041353,0.3612951949317811,-0.37593663950637657,-0.2905373290129316,-0.22162843856596304,0.07075786591884947
porumb,2009,0.0,0.32886402445862456,0.4606288279607891,0.11313167062790708,0.23900038939482604,0.18388953654675655,-0.22162843856596304,0.07075786591884947
porumb,2009,0.0,0.4580512457081067,0.23848258843295111,0.0894168181332966,0.016854149866988077,-0.018658952214447133,-0.22162843856596304,0.07075786591884947
porumb,2009,0.0,0.39832899694484925,0.056317268925791364,0.05923665419840152,-0.16531116964017167,0.011521211720447955,-0.22162843856596304,0.07075786591884947
porumb,2009,0.0,0.41358919900623314,0.22351850561657516,0.15940293392367355,0.0018900670506121209,0.23016079984252302,-0.22162843856596304,0.07075786591884947
porumb,2009,0.0,0.2713553924506971,0.218024484113009,0.07954475667231709,-0.003603954452954028,0.15030262259116656,-0.22162843856596304,0.07075786591884947
porumb,2009,0.0,0.46649854593150836,0.13106506243413785,0.5395929362593201,-0.09056337613182519,-0.46883507034047067,-0.22162843856596304,0.07075786591884947
porumb,2009,0.0,0.7810545592902678,0.3941181160403091,0.05524506310108812,0.17248967747434607,0.1260029290199376,-0.22162843856596304,0.07075786591884947
porumb,2009,0.0,0.4878005081196061,0.16353065210216267,0.14216992238403003,-0.3851590906681257,-0.07141205646518056,-0.22162843856596304,0.07075786591884947
porumb,2009,0.0,0.2769135957422959,0.3469994670061567,0.17730657164496488,0.12537102844019365,-0.10654870572611541,-0.22162843856596304,0.07075786591884947
porumb,2009,0.0,0.5323047994869785,0.2547921499624475,0.3333753572086753,-0.4764205885284105,-0.2626174912898258,-0.22162843856596304,0.07075786591884947
porumb,2009,0.0,0.5224291379817998,0.13723992469221935,0.04391887393279292,-0.08438851387374369,0.1146767398516424,-0.22162843856596304,0.07075786591884947
porumb,2009,0.0,0.27752351896698835,0.04469445738829103,0.4275575542069947,-0.176933981177672,-0.35679968828814523,-0.22162843856596304,0.07075786591884947
porumb,2009,0.0,0.435620367682456,0.34385804644266926,0.1008689647331118,0.12222960787670623,-0.030111098814262327,-0.22162843856596304,0.07075786591884947
porumb,2009,0.0,0.18366329021988168,0.03275104096766368,0.39193929972875763,-0.18887739759829936,-0.32118143380990816,-0.22162843856596304,0.07075786591884947
porumb,2009,0.0,0.40735245241565715,0.19945116082036662,0.2718185624502274,-0.022177277745596413,-0.20106069653137792,-0.22162843856596304,0.07075786591884947
porumb,2009,0.0,0.632436771428469,0.38221847889367844,0.02170090915513434,0.1605900403277154,0.04905695676371513,-0.22162843856596304,0.07075786591884947
porumb,2009,0.0,0.29436607150663396,0.07482612647319531,0.5731566018991003,-0.29645456503915835,-0.5023987359802509,-0.22162843856596304,0.07075786591884947
porumb,2009,0.0,0.553126785688289,0.21194114448957047,0.5024659183683071,-0.4335695830555335,-0.43170805244945765,-0.22162843856596304,0.07075786591884947
porumb,2009,0.0,0.376311125643792,0.5199607456530226,0.2317888487865538,0.2983323070870596,-0.16103098286770434,-0.22162843856596304,0.07075786591884947
porumb,2009,0.0,0.2276981783329693,0.6643380282199827,0.3156790996492047,0.44270958965401963,0.3864369655680542,-0.22162843856596304,0.07075786591884947
porumb,2009,0.0,0.47171253993089907,0.6574850838903261,0.1739149896839458,0.4358566453243631,0.24467285560279528,-0.22162843856596304,0.07075786591884947
porumb,2009,0.0,0.6751790741148784,0.28651841761511765,0.22206541230677423,0.06488997904915461,0.2928232782256237,-0.22162843856596304,0.07075786591884947
porumb,2009,0.0,0.6591218998229526,0.27567843190340335,0.05305532602225416,0.054049993337440316,0.12381319194110363,-0.22162843856596304,0.07075786591884947
porumb,2009,0.0,0.46634818267933725,0.31530402815524017,0.28058965234015965,0.09367558958927713,0.3513475182590091,-0.22162843856596304,0.07075786591884947
porumb,2009,0.0,0.42412148894301654,0.05253208735519843,0.1839022679803901,-0.27416052592116147,-0.11314440206154064,-0.22162843856596304,0.07075786591884947
porumb,2009,0.0,0.37464468847850974,0.02836299427594824,0.025419842900294753,-0.24999143284191128,0.04533802301855472,-0.22162843856596304,0.07075786591884947
porumb,2009,0.0,0.709814179853363,0.42963456163362235,0.3080506211110139,0.2080061230676593,0.37880848702986336,-0.22162843856596304,0.07075786591884947
porumb,2009,0.0,0.3873879416076054,0.13531605437214234,0.2653054508553301,-0.3569444929381054,-0.1945475849364806,-0.22162843856596304,0.07075786591884947
porumb,2009,0.0,0.43072704916917026,0.3740555122378595,0.01660992168748976,0.15242707367189645,0.05414794423135971,-0.22162843856596304,0.07075786591884947
porumb,2010,0.0,0.8713916709238603,0.8785025209332717,0.05495137805265404,0.5289225000744899,0.13143004699601946,-0.3495800208587818,0.1863814250486735
porumb,2010,0.0,0.783290294586328,0.7127997163267823,1.1602902256001943,-1.062379737185564,-0.9739088005515208,-0.3495800208587818,0.1863814250486735
porumb,2010,0.0,0.16354291181087427,0.6354650489282485,0.2167575802504209,-0.9850450697870303,-0.030376155201747412,-0.3495800208587818,0.1863814250486735
porumb,2010,0.0,0.25871569238915265,0.3084132439458074,0.07558309906541716,-0.6579932648045892,0.26196452411409066,-0.3495800208587818,0.1863814250486735
porumb,2010,0.0,0.38310580089083746,0.0035864423694560443,0.08902516123693083,-0.35316646322823786,0.2754065862856043,-0.3495800208587818,0.1863814250486735
porumb,2010,0.0,0.2732500437824991,0.5430682825943554,0.20186271203539308,-0.8926483034531372,-0.015481286986719578,-0.3495800208587818,0.1863814250486735
porumb,2010,0.0,0.6901122003660859,0.034473908031298794,0.28066368077199666,-0.315106112827483,-0.09428225572332316,-0.3495800208587818,0.1863814250486735
porumb,2010,0.0,0.705437743918973,0.07806715483368754,0.07507943791343408,-0.2715128660250943,0.11130198713523942,-0.3495800208587818,0.1863814250486735
porumb,2010,0.0,0.6488350145432602,0.14025932498150873,0.21385289710608868,-0.48983934584029054,-0.02747147205741518,-0.3495800208587818,0.1863814250486735
porumb,2010,0.0,0.1695018891955002,0.5279563921137802,0.2365575189130733,-0.877536412972562,-0.05017609386439981,-0.3495800208587818,0.1863814250486735
porumb,2010,0.0,0.7581389223777217,0.27647595798517655,0.3022942110772222,-0.6260559788439584,-0.11591278602854871,-0.3495800208587818,0.1863814250486735
porumb,2010,0.0,0.8035455231307571,0.011004131245920146,0.502321235037924,-0.33857588961286167,-0.31593980998925053,-0.3495800208587818,0.1863814250486735
porumb,2010,0.0,0.361822039430964,0.29923618611615455,0.16216312773531527,-0.05034383474262727,0.024218297313358228,-0.3495800208587818,0.1863814250486735
porumb,2010,0.0,0.4524810262308119,0.6023819698264963,0.027604576984919582,0.25280194896771446,0.15877684806375392,-0.3495800208587818,0.1863814250486735
porumb,2010,0.0,0.7943347219586979,0.07597982277333415,0.21454200090506337,-0.27360019808544767,-0.02816057585638987,-0.3495800208587818,0.1863814250486735
porumb,2010,0.0,0.4849432244698485,0.650925284991041,0.09292811921801825,0.30134526413225915,0.09345330583065525,-0.3495800208587818,0.1863814250486735
porumb,2010,0.0,0.48479702171427,0.7327194504372723,0.031614816853612115,0.38313942957849045,0.15476660819506138,-0.3495800208587818,0.1863814250486735
porumb,2010,0.0,0.5986031574145961,0.46738535165986583,0.309489282717061,0.11780533080108402,-0.1231078576683875,-0.3495800208587818,0.1863814250486735
porumb,2010,0.0,0.7286916886047015,0.7732374299495306,0.04188749627045274,0.4236574090907488,0.14449392877822076,-0.3495800208587818,0.1863814250486735
porumb,2010,0.0,0.8406503044452716,0.31945804421456625,0.04697955965843725,-0.030121976644215565,0.13940186539023625,-0.3495800208587818,0.1863814250486735
porumb,2010,0.0,0.8291394476873439,0.2867789558311715,0.3469414576393226,-0.06280106502761029,-0.1605600325906491,-0.3495800208587818,0.1863814250486735
porumb,2010,0.0,0.5462969588943694,0.02546751028447325,0.6390273488701168,-0.37504753114325506,-0.4526459238214433,-0.3495800208587818,0.1863814250486735
porumb,2010,0.0,0.8887443448195741,0.7094759056150308,0.051093194936011166,0.359895884756249,0.23747461998468467,-0.3495800208587818,0.1863814250486735
porumb,2010,0.0,0.7449613568612177,0.568577574244538,0.894959519165595,-0.9181575951033198,-0.7085780941169215,-0.3495800208587818,0.1863814250486735
porumb,2010,0.0,0.8322703656744981,0.33551051689057054,0.6274568782557797,-0.014069503968211272,-0.44107545320710617,-0.3495800208587818,0.1863814250486735
porumb,2010,0.0,0.7097610680682038,0.20774052791546627,0.1976065943318548,-0.14183949294331555,-0.011225169283181291,-0.3495800208587818,0.1863814250486735
porumb,2010,0.0,0.5300529365450354,1.0391674897221197,0.45344652186593315,0.6895874688633379,-0.26706509681725965,-0.3495800208587818,0.1863814250486735
porumb,2010,0.0,0.4019315536648419,1.2874263362513259,0.3070740533803211,0.937846315392544,0.4934554784289946,-0.3495800208587818,0.1863814250486735
porumb,2010,0.0,0.40498650750260534,1.1153313936008389,0.2637149651357893,0.7657513727420571,0.4500963901844628,-0.3495800208587818,0.1863814250486735
porumb,2010,0.0,0.6039868880052198,1.4898332187208756,0.37613065288909997,1.1402531978620938,0.5625120779377735,-0.3495800208587818,0.1863814250486735
porumb,2010,0.0,0.39102990899838713,0.4638425150763279,0.5498536588339595,0.11426249421754608,-0.36347223378528604,-0.3495800208587818,0.1863814250486735
porumb,2010,0.0,0.6224986456835421,0.7421734021847066,0.08572746482651805,0.3925933813259248,0.27210888987519155,-0.3495800208587818,0.1863814250486735
porumb,2010,0.0,0.4142145813755073,1.3244550038501308,0.1797268861603003,0.974874982991349,0.3661083112089738,-0.3495800208587818,0.1863814250486735
porumb,2010,0.0,0.4439031693642422,0.9443490130369017,0.1352686415870208,0.5947689921781198,0.05111278346165271,-0.3495800208587818,0.1863814250486735
porumb,2010,0.0,0.4692940703412523,1.1079146901235841,0.06497512331692379,0.7583346692648023,0.2513565483655973,-0.3495800208587818,0.1863814250486735
porumb,2011,0.0,0.2172963555865552,0.16800834240916585,0.12089606766690819,0.11920172260324335,0.15702369539477434,-0.04880661980592249,0.03612762772786615
porumb,2011,0.0,0.13452735738719418,0.09059893630184845,0.26983306391300266,-0.13940555610777094,-0.2337054361851365,-0.04880661980592249,0.03612762772786615
porumb,2011,0.0,0.2588705168997799,0.16410057980363701,0.12445037291670502,0.11529395999771452,0.16057800064457117,-0.04880661980592249,0.03612762772786615
porumb,2011,0.0,0.25241143118139814,0.25854805163905503,0.005339245184759811,0.20974143183313254,0.03078838254310634,-0.04880661980592249,0.03612762772786615
porumb,2011,0.0,0.20042566201548126,0.13807022592742602,0.2097894533264011,0.08926360612150352,-0.17366182559853494,-0.04880661980592249,0.03612762772786615
porumb,2011,0.0,0.2003709590330714,0.0415764705760826,0.17581451105620394,-0.007230149229839888,-0.13968688332833779,-0.04880661980592249,0.03612762772786615
porumb,2011,0.0,0.1562711637568948,0.00796182594317063,0.04168859291753879,-0.04084479386275186,-0.00556096518967264,-0.04880661980592249,0.03612762772786615
porumb,2011,0.0,0.2382919715177409,0.3208506343402173,0.07044652534004481,0.27204401453429483,0.10657415306791096,-0.04880661980592249,0.03612762772786615
porumb,2011,0.0,0.27455720228888264,0.4024009148193901,0.4462515064050079,0.3535942950134676,0.48237913413287403,-0.04880661980592249,0.03612762772786615
porumb,2011,0.0,0.23121376598322546,0.17851298208510924,0.08870216001198061,0.12970636227918675,-0.05257453228411446,-0.04880661980592249,0.03612762772786615
porumb,2011,0.0,0.17937772163807075,0.34794637972113396,0.2525199527259172,0.29913975991521147,0.28864758045378336,-0.04880661980592249,0.03612762772786615
porumb,2011,0.0,0.18856850756617824,0.3719119199801453,0.13644456746473743,0.3231053001742228,0.17257219519260358,-0.04880661980592249,0.03612762772786615
porumb,2011,0.0,0.2519537671054494,0.34310641673886,0.03565955746866667,0.2942997969329375,0.0004680702591994823,-0.04880661980592249,0.03612762772786615
porumb,2011,0.0,0.1275466620682219,0.5899559904902643,0.1832092467918125,-0.6387626102961868,-0.14708161906394634,-0.04880661980592249,0.03612762772786615
porumb,2011,0.0,0.18176956634355182,0.3362123184746362,0.012872913988801749,0.2874056986687137,0.023254713739064403,-0.04880661980592249,0.03612762772786615
porumb,2011,0.0,0.10461521862250082,0.20679539936416358,0.0978001820606984,-0.25560201917008607,0.13392780978856456,-0.04880661980592249,0.03612762772786615
porumb,2011,0.0,0.10225396316012984,0.34439177316569136,0.020539423395610434,-0.39319839297161385,0.015588204332255717,-0.04880661980592249,0.03612762772786615
porumb,2011,0.0,0.11620010205283812,0.15995091708302267,0.4703517789500373,-0.20875753688894516,-0.4342241512221712,-0.04880661980592249,0.03612762772786615
porumb,2011,0.0,0.1797472118476826,0.26827881443297885,0.13063281751768896,0.21947219462705636,0.1667604452455551,-0.04880661980592249,0.03612762772786615
porumb,2011,0.0,0.16715035391458863,0.060671142556242064,0.31783816879920224,-0.10947776236216455,-0.2817105410713361,-0.04880661980592249,0.03612762772786615
porumb,2011,0.0,0.21136458833832342,0.061212499761595485,0.2106456095829743,-0.11001911956751798,-0.17451798185510814,-0.04880661980592249,0.03612762772786615
porumb,2011,0.0,0.18448768992008696,0.25803741364334787,0.6335555200898475,-0.30684403344927036,-0.5974278923619813,-0.04880661980592249,0.03612762772786615
porumb,2011,0.0,0.20078863610804798,0.12848957358782886,0.13885608073949074,0.07968295378190637,-0.10272845301162459,-0.04880661980592249,0.03612762772786615
porumb,2011,0.0,0.1685097112208723,0.23458052842120525,0.11735529824917945,0.18577390861528276,0.1534829259770456,-0.04880661980592249,0.03612762772786615
porumb,2011,0.0,0.13222419565700452,0.6376123054079281,0.2881373486141543,0.5888056856020056,0.32426497634202045,-0.04880661980592249,0.03612762772786615
porumb,2011,0.0,0.13408851159265492,0.03336768629044595,0.14948923105744605,-0.015438933515476538,0.1856168587853122,-0.04880661980592249,0.03612762772786615
porumb,2011,0.0,0.18122409948147677,0.3292795625500706,0.5877448117999471,-0.3780861823559931,-0.5516171840720809,-0.04880661980592249,0.03612762772786615
porumb,2011,0.0,0.12350932449971697,0.09984215578598832,0.14782097399078964,-0.1486487755919108,0.1839486017186558,-0.04880661980592249,0.03612762772786615
porumb,2011,0.0,0.15263698893802177,0.00019653219751525342,0.008594940949396168,-0.04861008760840724,0.04472256867726232,-0.04880661980592249,0.03612762772786615
porumb,2011,0.0,0.12144792946093005,0.004959919266064539,0.14346333789112276,-0.04384670053985795,0.1795909656189889,-0.04880661980592249,0.03612762772786615
porumb,2011,0.0,0.11625906351656397,0.01814267919182644,0.05330905708003586,-0.06694929899774893,-0.017181429352169708,-0.04880661980592249,0.03612762772786615
porumb,2011,0.0,0.15989317486390414,0.08688088624123402,0.2134597183954119,-0.13568750604715651,0.24958734612327804,-0.04880661980592249,0.03612762772786615
porumb,2011,0.0,0.12096201192939629,0.2130917298154693,0.2591128533128324,0.16428511000954682,0.29524048104069855,-0.04880661980592249,0.03612762772786615
porumb,2011,0.0,0.18010880358253742,0.4165634193404175,0.2458196506087642,-0.46537003914634,-0.20969202288089805,-0.04880661980592249,0.03612762772786615
porumb,2011,0.0,0.14795820040556365,0.16922968319448684,0.26977381932827216,-0.21803630300040933,-0.233646191600406,-0.04880661980592249,0.03612762772786615
porumb,2012,0.0827279287324787,0.639626315903358,0.9087445568802945,1.9452757974141297,-1.2580225543257715,-1.4587108730866027,-0.34927799744547694,0.48656492432752696
porumb,2012,0.0,0.4240503960268015,0.06088513721722477,1.314893828909012,-0.4101631346627017,-0.828328904581485,-0.34927799744547694,0.48656492432752696
porumb,2012,0.0,0.3715572564844581,0.9831518510303252,1.0142686368221123,0.6338738535848483,1.5008335611496393,-0.34927799744547694,0.48656492432752696
porumb,2012,0.0,0.36441991264594054,0.5571560433708331,0.3027688426792765,0.2078780459253562,0.7893337670068035,-0.34927799744547694,0.48656492432752696
porumb,2012,0.0,0.28377536748602344,0.8279509176436135,0.06891712581650067,0.47867292019813656,0.5554820501440276,-0.34927799744547694,0.48656492432752696
porumb,2012,0.0,0.39740692803474087,0.9153436301499931,0.45182115080227225,0.5660656327045162,0.9383860751297992,-0.34927799744547694,0.48656492432752696
porumb,2012,0.0,0.40384490817597996,0.03205902957576945,1.1013856629370542,-0.3813370270212464,-0.6148207386095272,-0.34927799744547694,0.48656492432752696
porumb,2012,0.0,0.3426408096610622,0.8020289862986598,0.07259627244855871,0.4527509888531829,0.5591611967760857,-0.34927799744547694,0.48656492432752696
porumb,2012,0.0,0.40527649655964904,0.4985104257112134,0.17499305144443333,0.14923242826573646,0.3115718728830936,-0.34927799744547694,0.48656492432752696
porumb,2012,0.0,0.38130524449840364,0.26497143334758766,0.3309032393400093,-0.08430656409788928,0.8174681636675363,-0.34927799744547694,0.48656492432752696
porumb,2012,0.0,0.2269105115677526,0.910519386769578,0.1947627019588758,0.5612413893241011,0.6813276262864028,-0.34927799744547694,0.48656492432752696
porumb,2012,0.0,0.40774091417948616,0.6740354702304765,0.2283792236468103,0.32475747278499956,0.25818570068071667,-0.34927799744547694,0.48656492432752696
porumb,2012,0.0,0.3892610756469293,0.7414960998809836,0.13213740863410184,0.3922181024355067,0.6187023329616288,-0.34927799744547694,0.48656492432752696
porumb,2012,0.31932090065443175,0.7035185068852366,0.9384169262731534,0.4255056277424698,0.5891389288276765,0.9120705520699968,-0.34927799744547694,0.48656492432752696
porumb,2012,0.0,0.4054202509959324,1.1881917005769456,0.046882755319804126,0.8389137031314686,0.5334476796473311,-0.34927799744547694,0.48656492432752696
porumb,2012,0.0,0.43882090506071714,0.28698510108581887,0.19856169428435955,-0.06229289635965807,0.6851266186118865,-0.34927799744547694,0.48656492432752696
porumb,2012,0.0,0.4312393548361261,0.5056010478597801,0.5693090324715224,-0.854879045305257,-0.08274410814399547,-0.34927799744547694,0.48656492432752696
porumb,2012,0.0,0.4802976191140811,0.4809746674200386,0.902499641815186,0.13169666997456164,-0.4159347174876591,-0.34927799744547694,0.48656492432752696
porumb,2012,0.0,0.4670173881772833,0.06616316382959342,0.992576455596669,-0.41544116127507036,-0.506011531269142,-0.34927799744547694,0.48656492432752696
porumb,2012,0.0,0.4240950238570956,0.9182796412917371,0.5043845843705128,0.5690016438462602,-0.017819660042985852,-0.34927799744547694,0.48656492432752696
porumb,2012,0.0,0.4298367640979543,0.36819269685811484,0.24147440494800465,0.018914699412637903,0.2450905193795223,-0.34927799744547694,0.48656492432752696
porumb,2012,0.0,0.20546028641974826,0.2770427407764562,0.6160234581387194,-0.6263207382219331,-0.12945853381119243,-0.34927799744547694,0.48656492432752696
porumb,2012,0.0,0.44308992319889773,0.4672535490926406,0.35539252539940236,0.11797555164716367,0.1311723989281246,-0.34927799744547694,0.48656492432752696
porumb,2012,0.0,0.22378427327319234,0.42629435521023584,0.08168531961138026,0.0770163577647589,0.4048796047161467,-0.34927799744547694,0.48656492432752696
porumb,2012,0.0,0.4393618348124475,0.3948856185648766,0.8977146267971765,0.045607621119399644,-0.41114970246964955,-0.34927799744547694,0.48656492432752696
porumb,2012,0.0,0.4611665325598443,0.43150342296992084,1.3924959605533258,-0.7807814204153978,-0.9059310362257988,-0.34927799744547694,0.48656492432752696
porumb,2012,0.3609726040207457,0.959886512444086,0.04620688724292621,1.4217904543452442,-0.39548488468840326,-0.9352255300177172,-0.34927799744547694,0.48656492432752696
porumb,2012,0.2742284686385923,1.1420261590165164,0.3785848509981009,1.0360554889376186,0.029306853552623968,-0.5494905646100916,-0.34927799744547694,0.48656492432752696
porumb,2012,0.16535503347118086,0.785006326623018,0.2163553093929278,1.0417475568077768,-0.13292268805254914,-0.5551826324802498,-0.34927799744547694,0.48656492432752696
porumb,2012,0.41519251756508657,0.7191521186113783,0.3137541629142895,0.5626006467090556,-0.03552383453118746,-0.07603572238152867,-0.34927799744547694,0.48656492432752696
porumb,2012,0.016836621078418545,0.622505195103565,0.059063288929178004,1.2119613578474189,-0.29021470851629894,-0.7253964335198919,-0.34927799744547694,0.48656492432752696
porumb,2012,0.2733143434874763,0.9707344621174027,0.15242096779137926,1.1858911041167637,-0.19685702965409768,-0.6993261797892367,-0.34927799744547694,0.48656492432752696
porumb,2012,0.0,0.38630677781680933,0.11684536574525839,0.7521050613050957,-0.46612336319073533,-0.26554013697756873,-0.34927799744547694,0.48656492432752696
porumb,2012,0.37533327240834824,1.0676102621301677,0.2958612647034158,0.8050109433682267,-0.05341673274206116,-0.3184460190406997,-0.34927799744547694,0.48656492432752696
porumb,2012,0.43749386145354485,1.21106829761445,0.6091029171528157,0.9332516198212215,0.2598249197073388,-0.44668669549369455,-0.34927799744547694,0.48656492432752696
porumb,2013,0.0,0.33954892950875265,0.003186344097166227,0.19142018925649795,-0.03339694675991822,-0.14318749666222352,-0.03658329085708445,0.04823269259427443
porumb,2013,0.0,0.32691412618194005,0.09305570621660753,0.35208844420908303,0.056472415359523076,-0.3038557516148086,-0.03658329085708445,0.04823269259427443
porumb,2013,0.0,0.290711897512109,0.14388367951447956,0.04766538726010383,-0.180466970371564,0.000567305334170598,-0.03658329085708445,0.04823269259427443
porumb,2013,0.0,0.2805390048226106,0.13252322047800336,0.05837434599213598,0.0959399296209189,0.10660703858641041,-0.03658329085708445,0.04823269259427443
porumb,2013,0.0,0.20445522199429012,0.47353270395569513,0.06601152978574909,0.4369494130986107,0.11424422238002352,-0.03658329085708445,0.04823269259427443
porumb,2013,0.0,0.2689424532669817,0.09987850746869631,0.04522479803914159,0.06329521661161186,0.0030078945551328395,-0.03658329085708445,0.04823269259427443
porumb,2013,0.0,0.3318622432299671,0.32285715045140284,0.10443365809845284,0.2862738595943184,0.15266635069272727,-0.03658329085708445,0.04823269259427443
porumb,2013,0.0,0.34595068671275675,0.3862966252150839,0.13225515558809464,0.34971333435799945,0.18048784818236907,-0.03658329085708445,0.04823269259427443
porumb,2013,0.0,0.25691708471191976,0.25505771212193995,0.18115004305948812,0.2184744212648555,0.22938273565376255,-0.03658329085708445,0.04823269259427443
porumb,2013,0.0,0.2552494628159438,0.11960530144558446,0.05816197003020074,-0.1561885923026689,-0.00992927743592631,-0.03658329085708445,0.04823269259427443
porumb,2013,0.0,0.23784933814029308,0.12090389796263867,0.06676742036667083,0.08432060710555422,-0.018534727772396398,-0.03658329085708445,0.04823269259427443
porumb,2013,0.0,0.30658599176839463,0.26633568940193,0.06656244115629706,0.22975239854484553,-0.01832974856202263,-0.03658329085708445,0.04823269259427443
porumb,2013,0.0,0.23396670771792527,0.21742964768535478,0.001005983152441381,0.18084635682827033,0.04722670944183305,-0.03658329085708445,0.04823269259427443
porumb,2013,0.0,0.4407124147905558,0.10525991826331271,0.35756827086263554,0.06867662740622826,0.40580096345690997,-0.03658329085708445,0.04823269259427443
porumb,2013,0.0,0.4260183783054045,0.34990311107887173,0.42455826677092157,-0.3864864019359562,-0.37632557417664714,-0.03658329085708445,0.04823269259427443
porumb,2013,0.0,0.2596861022621491,0.039095809606619625,0.03786487695293994,0.0025125187495351753,0.08609756954721437,-0.03658329085708445,0.04823269259427443
porumb,2013,0.0,0.2705413601911097,0.13136652366726675,0.11316284964266643,-0.1679498145243512,-0.064930157048392,-0.03658329085708445,0.04823269259427443
porumb,2013,0.0,0.5826934225233138,0.07822335704073291,0.017166162298148713,-0.11480664789781736,0.031066530296125716,-0.03658329085708445,0.04823269259427443
porumb,2013,0.0,0.2882921008697982,0.09203562509030139,0.19331961244816087,0.05545233423321694,-0.14508691985388644,-0.03658329085708445,0.04823269259427443
porumb,2013,0.0,0.5297594025980572,0.2791726593539563,0.26685184668356676,-0.31575595021104075,-0.21861915408929233,-0.03658329085708445,0.04823269259427443
porumb,2013,0.0,0.32386638509123505,0.17020496427293352,0.17393950035923078,0.13362167341584907,0.2221721929535052,-0.03658329085708445,0.04823269259427443
porumb,2013,0.0,0.40140656154649046,0.04190416833685395,0.33628327797514146,-0.0784874591939384,-0.28805058538086703,-0.03658329085708445,0.04823269259427443
porumb,2013,0.0,0.4193628615009857,0.07286617443982424,0.13327178076555635,-0.10944946529690869,-0.08503908817128192,-0.03658329085708445,0.04823269259427443
porumb,2013,0.0,0.36601717521299065,0.44651484677829023,0.28747198585706135,0.4099315559212058,0.3357046784513358,-0.03658329085708445,0.04823269259427443
porumb,2013,0.0,0.3461899547999277,0.45876913812909725,0.11426005879536438,0.4221858472720128,-0.06602736620108995,-0.03658329085708445,0.04823269259427443
porumb,2013,0.0,0.46878181835602317,0.32654122821656495,0.3246742596456289,0.2899579373594805,0.37290695223990333,-0.03658329085708445,0.04823269259427443
porumb,2013,0.0,0.3958909617167514,0.07425427136588647,0.36875198572083656,-0.11083756222297092,-0.32051929312656213,-0.03658329085708445,0.04823269259427443
porumb,2013,0.0,0.6563644598355144,0.41979715894620595,0.25831417863066797,-0.4563804498032904,-0.21008148603639354,-0.03658329085708445,0.04823269259427443
porumb,2013,0.0,0.3979647250311257,0.21794768138842446,0.0883808627381728,-0.2545309722455089,-0.040148170143898376,-0.03658329085708445,0.04823269259427443
porumb,2013,0.0,0.5328101494282839,0.05496079077423399,0.1355434658383734,-0.09154408163131844,-0.08731077324409897,-0.03658329085708445,0.04823269259427443
porumb,2013,0.0,0.5428343383681539,0.07907120907146581,0.17736515189489754,-0.11565449992855026,-0.12913245930062311,-0.03658329085708445,0.04823269259427443
porumb,2013,0.0,0.5811610171604912,0.3206581964864057,0.09865547090492921,-0.35724148734349015,0.14688816349920364,-0.03658329085708445,0.04823269259427443
porumb,2013,0.0,0.2914756418242181,0.110430615574022,0.05708068392343657,0.07384732471693756,-0.008847991329162141,-0.03658329085708445,0.04823269259427443
porumb,2013,0.0,0.5506715690181375,0.13203697252520374,0.20273017121297876,-0.1686202633822882,0.2509628638072532,-0.03658329085708445,0.04823269259427443
porumb,2013,0.0,0.5776775413504341,0.3238429155523135,0.2000666915225664,-0.36042620640939793,-0.15183399892829197,-0.03658329085708445,0.04823269259427443
porumb,2014,0.0,0.2290653017997733,0.16182638442254849,0.12097225173213433,-0.24512809153383497,-0.4915726962227973,-0.08330170711128648,-0.370600444490663
porumb,2014,0.0,0.240933641178917,0.01275492473007045,0.43097746754718314,-0.07054678238121603,0.06037702305652015,-0.08330170711128648,-0.370600444490663
porumb,2014,0.0,0.42153426821642376,0.11395734871056096,0.5458951516203885,-0.19725905582184744,0.1752947071297255,-0.08330170711128648,-0.370600444490663
porumb,2014,0.0,0.2474882056873145,0.12183098711126306,0.8284969616414606,0.03852927999997657,0.4578965171507976,-0.08330170711128648,-0.370600444490663
porumb,2014,0.0,0.3326483220953337,0.07363317581027928,0.6630921964941221,-0.0096685313010072,0.2924917520034591,-0.08330170711128648,-0.370600444490663
porumb,2014,0.0,0.2746760420427704,0.0630815332923742,0.6160893590824359,-0.14638324040366069,0.2454889145917729,-0.08330170711128648,-0.370600444490663
porumb,2014,0.0,0.2523777383659055,0.10501184645461636,0.6564058991425417,0.02171013934332988,0.2858054546518787,-0.08330170711128648,-0.370600444490663
porumb,2014,0.0,0.2182782789686458,0.031240895242655498,0.4766240221212872,-0.052060811868630985,0.1060235776306242,-0.08330170711128648,-0.370600444490663
porumb,2014,0.0,0.3024712586896201,0.0978952541465885,0.8502817178032518,-0.181196961257875,0.4796812733125888,-0.08330170711128648,-0.370600444490663
porumb,2014,0.0,0.30262824905261654,0.027660014582512993,0.5518096059928705,-0.11096172169379948,0.18120916150220756,-0.08330170711128648,-0.370600444490663
porumb,2014,0.0,0.27507395565059783,0.24442149388355006,0.7012745773839617,-0.32772320099483654,0.3306741328932987,-0.08330170711128648,-0.370600444490663
porumb,2014,0.0,0.26954869190897235,0.105237611450129,0.16839708628555616,0.021935904338842516,-0.20220335820510682,-0.08330170711128648,-0.370600444490663
porumb,2014,0.0,0.15979996370998598,0.19394469356898414,0.511614223324699,0.11064298645769766,0.14101377883403599,-0.08330170711128648,-0.370600444490663
porumb,2014,0.0,0.3026093633693519,0.19920638136069613,0.31052022102980015,0.11590467424940964,-0.060080223460862836,-0.08330170711128648,-0.370600444490663
porumb,2014,0.0,0.2265312164340118,0.38800556442235834,0.5089629239523359,-0.4713072715336448,-0.8795633684429989,-0.08330170711128648,-0.370600444490663
porumb,2014,0.0,0.25305288992558744,0.17221105085104327,0.3669308971917178,-0.25551275796232975,-0.003669547298945197,-0.08330170711128648,-0.370600444490663
porumb,2014,0.0,0.2768664590014329,0.18453910538499274,0.34062956218931095,-0.2678408124962792,-0.02997088230135203,-0.08330170711128648,-0.370600444490663
porumb,2014,0.0,0.13986657074821252,0.36323005103366857,0.4595838844297897,0.2799283439223821,0.08898343993912672,-0.08330170711128648,-0.370600444490663
porumb,2014,0.0,0.15032832465850432,0.1613216348268689,0.042843780989069824,0.07801992771558242,-0.32775666350159316,-0.08330170711128648,-0.370600444490663
porumb,2014,0.0,0.20717192078322602,0.46569731364913913,0.49056765130464086,-0.5489990207604256,-0.8611680957953038,-0.08330170711128648,-0.370600444490663
porumb,2014,0.0,0.1426213151554523,0.20772920018538432,0.22244884890217387,0.12442749307409784,-0.14815159558848912,-0.08330170711128648,-0.370600444490663
porumb,2014,0.0,0.22856222221883069,0.10185654267552646,0.15299923982554597,0.01855483556423998,-0.217601204665117,-0.08330170711128648,-0.370600444490663
porumb,2014,0.0,0.17706165080663322,0.24535299083249873,0.18176463211442684,0.16205128372121225,-0.18883581237623615,-0.08330170711128648,-0.370600444490663
porumb,2014,0.0,0.2577019473667676,0.41649204566221165,0.5387226175971982,0.33319033855092517,0.1681221731065352,-0.08330170711128648,-0.370600444490663
porumb,2014,0.0,0.1963344191498147,0.1810208245210001,0.09426333635350481,0.09771911740971362,-0.4648637808441678,-0.08330170711128648,-0.370600444490663
porumb,2014,0.0,0.3238586069391539,0.14376611584811716,0.29241196716886275,-0.22706782295940364,-0.07818847732180023,-0.08330170711128648,-0.370600444490663
porumb,2014,0.0,0.26945317545175157,0.09457103429868363,0.20805654773137938,0.011269327187397149,-0.5786569922220424,-0.08330170711128648,-0.370600444490663
porumb,2014,0.0,0.27033738700583837,0.3777468856687003,0.6163061391997506,0.2944451785574138,0.24570569470908765,-0.08330170711128648,-0.370600444490663
porumb,2014,0.0,0.14819730573476023,0.3196855389479296,0.6783112705821677,0.23638383183664313,0.3077108260915047,-0.08330170711128648,-0.370600444490663
porumb,2014,0.0,0.29820974035991404,0.5087095587179165,0.7035785289613474,0.42540785160662997,0.33297808447068444,-0.08330170711128648,-0.370600444490663
porumb,2014,0.0,0.26594170020300956,0.3300892916496112,0.4495168273546821,0.24678758453832472,0.07891638286401914,-0.08330170711128648,-0.370600444490663
porumb,2014,0.0,0.14391335518823048,0.22359450864007702,0.887857919423571,0.14029280152879053,0.517257474932908,-0.08330170711128648,-0.370600444490663
porumb,2014,0.0,0.20378924801343,0.35265384748560535,0.524162656711376,0.26935214037431887,0.15356221222071298,-0.08330170711128648,-0.370600444490663
porumb,2014,0.0,0.30049538524548913,0.035420114698109906,0.24567433418343265,-0.04788159241317658,-0.12492611030723033,-0.08330170711128648,-0.370600444490663
porumb,2014,0.0,0.3517762143723937,0.2162863425163546,0.3786166719532438,0.1329846354050681,0.008016227462580794,-0.08330170711128648,-0.370600444490663
porumb,2015,0.0,0.45316561988654475,0.6780688199813696,0.35886376618072635,0.032973533598687155,-0.1807368520868482,-0.6450952863826824,0.17812691409387815
porumb,2015,0.0,0.46623883311856995,0.8273822383112555,0.2959455051711819,0.18228695192857303,-0.11781859107730375,-0.6450952863826824,0.17812691409387815
porumb,2015,0.0,0.3537369386630687,0.31961373393280246,0.06688138824611967,-0.32548155244988,0.11124552584775849,-0.6450952863826824,0.17812691409387815
porumb,2015,0.0,0.31434542461068604,0.4038150349928453,0.2325089689754236,-0.2412802513898371,-0.05438205488154546,-0.6450952863826824,0.17812691409387815
porumb,2015,0.0,0.3659199619316782,0.40113964167303706,0.40829716321370313,-0.24395564470964537,-0.23017024911982498,-0.6450952863826824,0.17812691409387815
porumb,2015,0.0,0.28798016324705006,0.48505840656652843,0.20434212864857892,-0.160036879816154,-0.026215214554700772,-0.6450952863826824,0.17812691409387815
porumb,2015,0.0,0.3761831976389209,0.7588491924010059,0.14078518253647765,0.11375390601832347,0.037341731557400504,-0.6450952863826824,0.17812691409387815
porumb,2015,0.0,0.5391544858117067,0.6752679028978013,0.29373812645314334,0.030172616515118822,-0.11561121235926519,-0.6450952863826824,0.17812691409387815
porumb,2015,0.0,0.42181720701688735,0.6661917359266023,0.10604838023830343,0.02109644954391987,0.07207853385557472,-0.6450952863826824,0.17812691409387815
porumb,2015,0.0,0.3691517216877318,0.25246426205336103,0.1556994932350091,-0.3926310243293214,0.022427420858869063,-0.6450952863826824,0.17812691409387815
porumb,2015,0.0,0.3669827250511156,0.5041965932201649,0.25933455714187614,-0.14089869316251757,-0.08120764304799799,-0.6450952863826824,0.17812691409387815
porumb,2015,0.0,0.43534834648004955,0.7196564225128039,0.1742045498437652,0.0745611361301215,0.003922364250112942,-0.6450952863826824,0.17812691409387815
porumb,2015,0.0,0.6611319613408576,0.5772003652038991,0.22050407274949402,-0.06789492117878337,-0.042377158655615865,-0.6450952863826824,0.17812691409387815
porumb,2015,0.0,0.6108581739880014,1.1818361999078113,0.5659392642295749,0.5367409135251289,0.744066178323453,-0.6450952863826824,0.17812691409387815
porumb,2015,0.0,0.35703923665607895,0.12119252232646316,0.8097656523102845,-0.5239027640562193,-0.6316387382164064,-0.6450952863826824,0.17812691409387815
porumb,2015,0.0,0.6056511581608672,0.4782004533708437,0.018047206369680602,-0.16689483301183872,0.16007970772419755,-0.6450952863826824,0.17812691409387815
porumb,2015,0.0,0.6091644449761027,0.3035377119386249,0.22614650567346173,-0.34155757444405754,-0.048019591579583576,-0.6450952863826824,0.17812691409387815
porumb,2015,0.0,0.3940216612865489,0.773215403844099,0.2648224308829157,0.1281201174614166,-0.08669551678903753,-0.6450952863826824,0.17812691409387815
porumb,2015,0.0,0.36158132304414603,1.0613612832518275,0.14313358270851717,0.4162659968691451,0.3212604968023953,-0.6450952863826824,0.17812691409387815
porumb,2015,0.0,0.3027652945161424,0.4320055698809262,0.43443243028075784,-0.21308971650175623,-0.2563055161868797,-0.6450952863826824,0.17812691409387815
porumb,2015,0.0,0.42474296479953766,0.454977121047329,0.2760767682949088,-0.19011816533535342,-0.09794985420103064,-0.6450952863826824,0.17812691409387815
porumb,2015,0.0,0.37463056480853857,0.32731224376694357,0.37905750309948427,-0.31778304261573886,-0.20093058900560612,-0.6450952863826824,0.17812691409387815
porumb,2015,0.0,0.3400643573112144,0.7383330749226271,0.0741122436520536,0.09323778853994469,0.10401467044182455,-0.6450952863826824,0.17812691409387815
porumb,2015,0.0,0.2613740902143419,0.3515157149847892,0.19696076351660663,-0.29357957139789326,-0.018833849422728477,-0.6450952863826824,0.17812691409387815
porumb,2015,0.0,0.47493612744089503,0.7231900440839207,0.4228314554013819,0.0780947577012383,-0.24470454130750374,-0.6450952863826824,0.17812691409387815
porumb,2015,0.0,0.36809037257940014,0.8063260952087576,0.08356328617638376,0.1612308088260752,0.2616902002702619,-0.6450952863826824,0.17812691409387815
porumb,2015,0.0,0.570077165440075,0.9538244194654453,0.44559767267605865,0.30872913308276284,-0.2674707585821805,-0.6450952863826824,0.17812691409387815
porumb,2015,0.0,0.6792065199973317,0.9250838274635935,0.022229744357571857,0.2799885410809111,0.1558971697363063,-0.6450952863826824,0.17812691409387815
porumb,2015,0.08755558872486824,0.8543567766184124,1.035970253836823,0.20980436682231218,0.3908749674541405,0.38793128091619034,-0.6450952863826824,0.17812691409387815
porumb,2015,0.0,0.6816892882646265,0.8077254580121211,0.31703182390792994,0.1626301716294387,-0.1389049098140518,-0.6450952863826824,0.17812691409387815
porumb,2015,0.0,0.5492072892763424,0.657359070929386,0.43238350029561445,0.012263784546703516,-0.2542565862017363,-0.6450952863826824,0.17812691409387815
porumb,2015,0.0,0.6724945588315896,0.7545884071428639,0.14544684975574285,0.10949312076018147,0.323573763849621,-0.6450952863826824,0.17812691409387815
porumb,2015,0.0,0.27195317896623045,0.6839432807706016,0.006743785400643798,0.038847994387919194,0.17138312869323435,-0.6450952863826824,0.17812691409387815
porumb,2015,0.0,0.6030513064865268,0.8036646364798599,0.05839405069074832,0.15856935009717743,0.11973286340312983,-0.6450952863826824,0.17812691409387815
porumb,2015,0.0,0.6041630726564601,0.934267881084756,0.08054252353435043,0.28917259470207357,0.09758439055952772,-0.6450952863826824,0.17812691409387815
porumb,2016,0.0,0.2005003759292269,0.4827842524807764,0.7877675537998057,-0.544775621967136,-0.7083116096879936,-0.06199136948635964,0.07945594411181212
porumb,2016,0.0,0.22115759419853007,0.218851562909685,0.2925789549807867,-0.28084293239604463,-0.21312301086897456,-0.06199136948635964,0.07945594411181212
porumb,2016,0.0,0.12099369443971178,0.3009232482776407,0.558077842825381,-0.36291461776400036,-0.47862189871356886,-0.06199136948635964,0.07945594411181212
porumb,2016,0.0,0.15596060157666586,0.015061868785251065,0.23643257057088496,-0.04692950070110857,-0.15697662645907284,-0.06199136948635964,0.07945594411181212
porumb,2016,0.0,0.1377714261678414,0.045145849756632384,0.290152606074237,-0.10713721924299202,-0.21069666196242487,-0.06199136948635964,0.07945594411181212
porumb,2016,0.0,0.12095492219182721,0.21270600460036304,0.5169790670476067,-0.2746973740867227,-0.43752312293579454,-0.06199136948635964,0.07945594411181212
porumb,2016,0.0,0.18339127754291595,0.014398598905644544,0.08898309005615213,-0.047592770580715094,-0.00952714594434001,-0.06199136948635964,0.07945594411181212
porumb,2016,0.0,0.13690216534157879,0.33536042149209244,0.11248630254604519,0.2733690520057328,0.1919422466578573,-0.06199136948635964,0.07945594411181212
porumb,2016,0.0,0.1272101531059962,0.21967600012758304,0.28443517236158966,-0.2816673696139427,-0.20497922824977755,-0.06199136948635964,0.07945594411181212
porumb,2016,0.0,0.18178720388792569,0.00839736261132007,0.12551862923046997,-0.05359400687503957,-0.04606268511865785,-0.06199136948635964,0.07945594411181212
porumb,2016,0.0,0.1526108413696697,0.19532288876402992,0.23425196334585907,-0.25731425825038956,-0.15479601923404696,-0.06199136948635964,0.07945594411181212
porumb,2016,0.0,0.1236617521723677,0.014035326506651735,0.26708878099463496,-0.07602669599301137,-0.18763283688282284,-0.06199136948635964,0.07945594411181212
porumb,2016,0.0,0.10094547395318047,0.4015278993129274,0.30370083099586465,0.3395365298265678,0.38315677510767676,-0.06199136948635964,0.07945594411181212
porumb,2016,0.0,0.1697282854795233,0.27177967162219563,0.24811566786949646,0.209788302135836,0.3275716119813086,-0.06199136948635964,0.07945594411181212
porumb,2016,0.0,0.16931030463701252,0.28108195353545096,0.4830686107794855,-0.3430733230218106,-0.40361266666767337,-0.06199136948635964,0.07945594411181212
porumb,2016,0.0,0.24169471007186888,0.1016829082963584,0.1373157759149728,-0.16367427778271804,-0.05785983180316068,-0.06199136948635964,0.07945594411181212
porumb,2016,0.0,0.23823058509199857,0.18089931122313807,0.08983705699114042,0.11890794173677843,0.16929300110295253,-0.06199136948635964,0.07945594411181212
porumb,2016,0.0,0.25808125098367773,0.2667742621509208,0.033311332953578354,0.20478289266456118,0.04614461115823376,-0.06199136948635964,0.07945594411181212
porumb,2016,0.0,0.2365133458269843,0.06895329256280602,0.3273206226826484,-0.13094466204916566,-0.24786467857083627,-0.06199136948635964,0.07945594411181212
porumb,2016,0.0,0.10715049635659209,0.34198101872574416,0.14046350339759472,0.2799896492393845,0.21991944750940684,-0.06199136948635964,0.07945594411181212
porumb,2016,0.0,0.21939421828520933,0.2547765896012133,0.22505043973120387,0.19278522011485366,0.304506383843016,-0.06199136948635964,0.07945594411181212
porumb,2016,0.0,0.1603038874892055,0.17731456545581548,0.01641878043196643,0.11532319596945584,0.09587472454377854,-0.06199136948635964,0.07945594411181212
porumb,2016,0.0,0.15430415202560957,0.20980274677465705,0.09355399330364866,0.1478113772882974,0.17300993741546078,-0.06199136948635964,0.07945594411181212
porumb,2016,0.0,0.12283856576318301,0.47881161978548104,0.44909119180041657,0.4168202502991214,0.5285471359122287,-0.06199136948635964,0.07945594411181212
porumb,2016,0.0,0.2823948129202019,0.14862480334631423,0.020155640787653528,0.08663343385995459,0.09961158489946564,-0.06199136948635964,0.07945594411181212
porumb,2016,0.0,0.3779223227233162,0.12051288515674052,0.23737654547919762,-0.18250425464310016,0.31683248959100974,-0.06199136948635964,0.07945594411181212
porumb,2016,0.0,0.22020518181338514,0.3273471732434463,0.17232031843548734,0.2653558037570867,-0.09286437432367523,-0.06199136948635964,0.07945594411181212
porumb,2016,0.0,0.30012494271148954,0.2519840711226795,0.24817349774467656,0.18999270163631987,0.3276294418564887,-0.06199136948635964,0.07945594411181212
porumb,2016,0.0,0.2563245316788373,0.1217264724994096,0.031012675811973534,0.05973510301304996,0.11046861992378565,-0.06199136948635964,0.07945594411181212
porumb,2016,0.0,0.200571548429127,0.13452778534392484,0.16170621480773217,0.0725364158575652,-0.08225027069592006,-0.06199136948635964,0.07945594411181212
porumb,2016,0.0,0.14804693132782432,0.19676670718006717,0.0608372541543174,0.13477533769370753,0.018618689957494716,-0.06199136948635964,0.07945594411181212
porumb,2016,0.0,0.25293792564719897,0.029937417955864465,0.12779488431461727,-0.03205395153049517,0.2072508284264294,-0.06199136948635964,0.07945594411181212
porumb,2016,0.0,0.17059627070366448,0.17025754593408227,0.030865202070323505,0.10826617644772263,0.04859074204148861,-0.06199136948635964,0.07945594411181212
porumb,2016,0.0,0.23338263018349484,0.036692895816355264,0.08224940115669988,-0.0986842653027149,-0.0027934570448877594,-0.06199136948635964,0.07945594411181212
porumb,2016,0.0,0.23772993017080485,0.13000908774146192,0.04707190912373438,0.06801771825510228,0.1265278532355465,-0.06199136948635964,0.07945594411181212
porumb,2017,0.0,0.23026669011722248,0.219722064119114,0.1114866379616144,-0.3560370512181419,-0.3789931206548536,-0.5757591153372559,-0.2675064826932392
porumb,2017,0.0,0.38026696271240223,0.1972944874677589,0.44074327804405833,-0.378464627869497,-0.7082497607372975,-0.5757591153372559,-0.2675064826932392
porumb,2017,0.0,0.34338884637707656,0.582133977635996,0.30974671536859155,0.006374862298740069,0.042240232675352374,-0.5757591153372559,-0.2675064826932392
porumb,2017,0.0,0.3235506016352066,0.8122363873120864,0.42991232723505535,0.23647727197483048,0.16240584454181617,-0.5757591153372559,-0.2675064826932392
porumb,2017,0.0,0.25643833291662316,0.7716452575450976,0.26505046378858044,0.19588614220784173,-0.002456018904658741,-0.5757591153372559,-0.2675064826932392
porumb,2017,0.0,0.26305919292918434,0.7320878247404385,0.34480501852062195,0.15632870940318266,0.07729853582738277,-0.5757591153372559,-0.2675064826932392
porumb,2017,0.0,0.18065599773562058,0.4364493102730016,0.020361252096283255,-0.13930980506425428,-0.24714523059695592,-0.5757591153372559,-0.2675064826932392
porumb,2017,0.0,0.2521324338685219,0.4247580867505718,0.1371328908996423,-0.15100102858668407,-0.13037359179359687,-0.5757591153372559,-0.2675064826932392
porumb,2017,0.0,0.3560016975079765,0.5883071284423269,0.35181706050169126,0.012548013105071032,0.08431057780845208,-0.5757591153372559,-0.2675064826932392
porumb,2017,0.0,0.3580641185739399,0.3711976219839417,0.10874226357495642,-0.2045614933533142,-0.15876421911828276,-0.5757591153372559,-0.2675064826932392
porumb,2017,0.0,0.19954336870441752,0.6851225431354457,0.2618352813222846,0.10936342779818986,-0.0056712013709545595,-0.5757591153372559,-0.2675064826932392
porumb,2017,0.0,0.26550266589536814,0.4847135990280087,0.11554637010645008,-0.09104551630924718,-0.1519601125867891,-0.5757591153372559,-0.2675064826932392
porumb,2017,0.0,0.37568585065340643,0.6978114194664005,0.4495747943941679,0.12205230412914458,0.18206831170092874,-0.5757591153372559,-0.2675064826932392
porumb,2017,0.0,0.38731989216522034,0.5239013496376725,0.7813196344158815,-0.051857765699583336,0.5138131517226423,-0.5757591153372559,-0.2675064826932392
porumb,2017,0.0,0.3130847124383712,0.09785474310091757,0.41138629341379707,-0.4779043722363383,-0.6788927761070362,-0.5757591153372559,-0.2675064826932392
porumb,2017,0.0,0.3242720980760526,0.9046377229207563,0.460345449858901,0.3288786075835004,0.19283896716566185,-0.5757591153372559,-0.2675064826932392
porumb,2017,0.0,0.29334176899498265,0.7678909664381464,0.505869453164494,0.19213185110089048,0.23836297047125488,-0.5757591153372559,-0.2675064826932392
porumb,2017,0.0,0.3106666977432129,0.38358417963241553,0.1297500375713252,-0.19217493570484034,-0.3972565202645644,-0.5757591153372559,-0.2675064826932392
porumb,2017,0.0,0.23719275859061822,1.072274376719689,0.617362845909009,0.49651526138243307,0.34985636321576985,-0.5757591153372559,-0.2675064826932392
porumb,2017,0.0,0.27738443499490645,1.025509145511176,0.5389106882317303,0.4497500301739201,0.2714042055384911,-0.5757591153372559,-0.2675064826932392
porumb,2017,0.0,0.26892748387845034,0.818611659671487,0.32813967216806583,0.2428525443342311,0.060633189474826654,-0.5757591153372559,-0.2675064826932392
porumb,2017,0.0,0.46591476464462256,0.6069064410871676,0.03540378861061466,0.031147325749911747,-0.23210269408262452,-0.5757591153372559,-0.2675064826932392
porumb,2017,0.0,0.2760715118158162,0.3658263291053605,0.03552569388615234,-0.20993278623189537,-0.3030321765793915,-0.5757591153372559,-0.2675064826932392
porumb,2017,0.0,0.47789889130107904,0.8270208049350747,0.23279816504435757,0.2512616895978188,-0.034708317648881604,-0.5757591153372559,-0.2675064826932392
porumb,2017,0.0,0.2572401086804941,0.4479723259546078,0.3625770238327539,-0.1277867893826481,-0.6300835065259931,-0.5757591153372559,-0.2675064826932392
porumb,2017,0.0,0.21254966732757766,0.377441514226323,0.2182127570669632,-0.19831760111093288,-0.049293725626275986,-0.5757591153372559,-0.2675064826932392
porumb,2017,0.0,0.4994816997417468,0.4423911826811171,0.015422785534406458,-0.13336793265613878,-0.2520836971588327,-0.5757591153372559,-0.2675064826932392
porumb,2017,0.0,0.2685728374681407,0.4157096263030091,0.6171618683836906,-0.16004948903424676,0.3496553856904514,-0.5757591153372559,-0.2675064826932392
porumb,2017,0.0,0.1940692546230836,0.5808488520936068,0.524492351721225,0.005089736756350938,0.2569858690279858,-0.5757591153372559,-0.2675064826932392
porumb,2017,0.0,0.4655292218972236,0.6550461186939001,0.6840292905802312,0.07928700335664418,0.41652280788699203,-0.5757591153372559,-0.2675064826932392
porumb,2017,0.0,0.31688833874070044,0.6511652426439953,0.4006686178916592,0.07540612730673946,0.13316213519842002,-0.5757591153372559,-0.2675064826932392
porumb,2017,0.0,0.241604541906648,0.6132252434107928,0.7390155210823282,0.037466128073536886,0.471509038389089,-0.5757591153372559,-0.2675064826932392
porumb,2017,0.0,0.3481272012314052,0.583577717403152,0.47944648407692103,0.00781860206589613,0.21194000138368185,-0.5757591153372559,-0.2675064826932392
porumb,2017,0.0,0.27024386435646186,0.5792557868416179,0.527611681480153,0.003496671504362059,0.26010519878691385,-0.5757591153372559,-0.2675064826932392
porumb,2017,0.0,0.23959540845210553,0.40743799989180474,0.3534603659441329,-0.16832111544545114,0.0859538832508937,-0.5757591153372559,-0.2675064826932392
porumb,2018,0.0,0.832783326039309,0.40441428936521584,0.9461694040866817,-0.1615787621357927,-0.07181221701916307,-0.5659930515010085,-1.0179816211058448
porumb,2018,0.0,0.27018812325592295,0.5600739596855941,1.2361205935963464,-0.00591909181541439,0.21813897249050163,-0.5659930515010085,-1.0179816211058448
porumb,2018,0.0,0.4929987287031311,0.2460967459650032,0.8012195551405918,-0.31989630553600534,-0.21676206596525294,-0.5659930515010085,-1.0179816211058448
porumb,2018,0.004109494228546007,0.29874205499064704,0.3335169246052163,0.5645687237625743,-0.23247612689579222,-0.4534128973432705,-0.5659930515010085,-1.0179816211058448
porumb,2018,0.0,0.27061916764884025,0.7044101430432943,0.9369255203272662,0.13841709154228576,-0.08105610077857861,-0.5659930515010085,-1.0179816211058448
porumb,2018,0.0019123373492471174,0.31835460688733247,0.384989727674407,0.6732980903269565,-0.18100332382660156,-0.34468353077888825,-0.5659930515010085,-1.0179816211058448
porumb,2018,0.0,0.2795614466687465,0.5073992832634882,1.2885320903035704,-0.05859376823752038,0.27055046919772563,-0.5659930515010085,-1.0179816211058448
porumb,2018,0.0,0.5009189524579328,0.6882446994866682,1.200858529607415,0.12225164798565968,0.18287690850157023,-0.5659930515010085,-1.0179816211058448
porumb,2018,0.0,0.30696370010825885,0.3841656611307567,1.3845931492526278,-0.18182739037025186,0.366611528146783,-0.5659930515010085,-1.0179816211058448
porumb,2018,0.004109494228546007,0.25977581443794584,0.5525555691545114,0.8173657065926805,-0.01343748234649711,-0.2006159145131643,-0.5659930515010085,-1.0179816211058448
porumb,2018,0.0,0.2915794640033661,0.3799449096045677,1.3900391310878972,-0.1860481418964408,0.37205750998205245,-0.5659930515010085,-1.0179816211058448
porumb,2018,0.0,0.3079479365801526,0.6009839971331679,1.1876657793399734,0.03499094563215932,0.16968415823412863,-0.5659930515010085,-1.0179816211058448
porumb,2018,0.0,0.30854760642619816,0.5541401697532922,0.7179167150694847,-0.01185288174771637,-0.30006490603636005,-0.5659930515010085,-1.0179816211058448
porumb,2018,0.0,0.8262527480817127,0.442877674026084,1.2436806766664725,-0.12311537747492451,0.22569905556062775,-0.5659930515010085,-1.0179816211058448
porumb,2018,0.0,0.524466039913768,0.7450287496824539,1.2113168344970213,0.17903569818144538,0.19333521339117654,-0.5659930515010085,-1.0179816211058448
porumb,2018,0.0,0.8897062301303518,0.6543440538817604,0.8594260288188003,0.08835100238075189,-0.15855559228704452,-0.5659930515010085,-1.0179816211058448
porumb,2018,0.0,0.8454580684959121,0.5437750710990805,1.1769451308620353,-0.022217980401928017,0.15896350975619056,-0.5659930515010085,-1.0179816211058448
porumb,2018,0.0,0.3935818113789006,0.42082100812944345,0.8884804051016264,-0.14517204337156508,-0.12950121600421838,-0.5659930515010085,-1.0179816211058448
porumb,2018,0.0,0.851954184126626,0.788960180262396,1.093866575351639,0.22296712876138747,0.07588495424579422,-0.5659930515010085,-1.0179816211058448
porumb,2018,0.0,0.6139713608685462,0.4625098791129236,0.9628910915352402,-0.10348317238808491,-0.05509052957060456,-0.5659930515010085,-1.0179816211058448
porumb,2018,0.0,0.6294006039979497,0.6548545486308117,1.1405982070008203,0.08886149712980318,0.12261658589497548,-0.5659930515010085,-1.0179816211058448
porumb,2018,0.0,0.6171178153880541,0.9805731002145928,1.2555252098360015,0.4145800487135842,0.23754358873015669,-0.5659930515010085,-1.0179816211058448
porumb,2018,0.0,0.6919844962439093,0.6985709498618551,0.9437360875209277,0.13257789836084655,-0.07424553358491703,-0.5659930515010085,-1.0179816211058448
porumb,2018,0.0,0.550072159496371,0.7281054439564261,0.599993640708135,0.16211239245541753,-0.4179879803977098,-0.5659930515010085,-1.0179816211058448
porumb,2018,0.0,0.30803903388648546,0.8658346713704823,1.2520364487858577,0.2998416198694738,0.23405482768001296,-0.5659930515010085,-1.0179816211058448
porumb,2018,0.0,0.5910356469739972,0.5664544816103962,1.3587527463660933,0.000461430109387706,0.34077112526024855,-0.5659930515010085,-1.0179816211058448
porumb,2018,0.0,0.8501219194402502,0.5375495225395319,0.6785809491234462,-0.028443528961476616,-0.33940067198239854,-0.5659930515010085,-1.0179816211058448
porumb,2018,0.0,1.1101196559196176,0.49143855827380856,1.0269551813596665,-0.07455449322719998,0.008973560253821677,-0.5659930515010085,-1.0179816211058448
porumb,2018,0.0,1.1566694141409397,0.5897058724585902,0.807744146696924,0.02371282095758165,-0.21023747440892082,-0.5659930515010085,-1.0179816211058448
porumb,2018,0.0,0.8730282944526682,0.5026227883438268,0.9725843416049957,-0.06337026315718175,-0.04539727950084904,-0.5659930515010085,-1.0179816211058448
porumb,2018,0.0,0.8919556210169987,0.7838315696719471,1.040083559441301,0.21783851817093858,0.02210193833545615,-0.5659930515010085,-1.0179816211058448
porumb,2018,0.0,1.0773859411551745,0.4134087089619758,0.9568335097761227,-0.15258434253903275,-0.06114811132972209,-0.5659930515010085,-1.0179816211058448
porumb,2018,0.0,0.8027984923599633,0.5952744385463569,0.880235620626892,0.029281387045348328,-0.1377460004789528,-0.5659930515010085,-1.0179816211058448
porumb,2018,0.0,0.9951128498824854,0.5501667201907847,1.1309100044915223,-0.015826331310223818,0.11292838338567757,-0.5659930515010085,-1.0179816211058448
porumb,2018,0.0,0.8701715635461849,0.49211273184456594,1.0029073540389533,-0.0738803196564426,-0.015074267066891522,-0.5659930515010085,-1.0179816211058448
porumb,2019,0.0,0.22707184770689853,0.26253329977638806,0.4731482473373565,-0.06298031082604316,-0.2824712237740554,-0.3255136106024312,-0.7556194711114119
porumb,2019,0.0,0.12998981211485078,1.0045941033391896,1.355565669236316,0.6790804927367584,0.5999461981249041,-0.3255136106024312,-0.7556194711114119
porumb,2019,0.0,0.18494185844570174,0.0408676784198887,0.4730243332545201,-0.3663812890223199,-0.28259513785689183,-0.3255136106024312,-0.7556194711114119
porumb,2019,0.0,0.2853176462190567,0.10142453653539896,0.8237996373171717,-0.22408907406703227,0.06818016620575973,-0.3255136106024312,-0.7556194711114119
porumb,2019,0.0,0.25172151001165843,0.27901436637804977,0.8178839839327092,-0.04649924422438145,0.0622645128212973,-0.3255136106024312,-0.7556194711114119
porumb,2019,0.0,0.23051778200703216,0.06567461534952201,0.712303230202167,-0.39118822595195324,-0.04331624090924491,-0.3255136106024312,-0.7556194711114119
porumb,2019,0.0,0.19674790890585941,0.35804135595374387,0.9216000511169518,0.03252774535131264,0.16598058000553984,-0.3255136106024312,-0.7556194711114119
porumb,2019,0.0,0.17409214487768201,0.23224471782939782,0.7958598754820994,-0.09326889277303341,0.04024040437068743,-0.3255136106024312,-0.7556194711114119
porumb,2019,0.0,0.19483150351902948,0.2805700045578643,0.9781814019235222,-0.04494360604456693,0.2225619308121103,-0.3255136106024312,-0.7556194711114119
porumb,2019,0.0,0.21981076048520362,0.08310734261191222,0.7608920668960564,-0.40862095321434344,0.0052725957846444516,-0.3255136106024312,-0.7556194711114119
porumb,2019,0.0,0.23133893135890057,0.15500795427556557,0.9558823225998898,-0.17050565632686565,0.2002628514884779,-0.3255136106024312,-0.7556194711114119
porumb,2019,0.0,0.08056781570909928,0.5272817856083161,0.8813662400398026,0.20176817500588484,0.12574676892839065,-0.3255136106024312,-0.7556194711114119
porumb,2019,0.0,0.07828085984057727,0.38066696486420826,1.0196093841093807,0.05515335426177703,0.2639899129979688,-0.3255136106024312,-0.7556194711114119
porumb,2019,0.0,0.19144589069477133,0.26449020664240797,0.9380124012274584,-0.06102340396002326,0.18239293011604651,-0.3255136106024312,-0.7556194711114119
porumb,2019,0.0,0.19763150250954667,0.4878547936452824,0.7284730287277261,0.16234118304285117,-0.027146442383685798,-0.3255136106024312,-0.7556194711114119
porumb,2019,0.0,0.338933618441837,0.6098432170292929,0.7247009540616762,0.28432960642686167,-0.030918517049735694,-0.3255136106024312,-0.7556194711114119
porumb,2019,0.0,0.28051490993704975,0.5883207298699742,0.624540648726291,0.26280711926754297,-0.13107882238512092,-0.3255136106024312,-0.7556194711114119
porumb,2019,0.0,0.30579800323128387,0.6667441300058958,0.8832866925959442,0.3412305194034646,0.12766722148453225,-0.3255136106024312,-0.7556194711114119
porumb,2019,0.0,0.2321324743888201,0.3436808673991787,0.2969926556271547,0.018167256796747466,-0.4586268154842572,-0.3255136106024312,-0.7556194711114119
porumb,2019,0.0,0.17747919746213217,0.2102111718643025,0.7992536669575614,-0.11530243873812873,0.04363419584614947,-0.3255136106024312,-0.7556194711114119
porumb,2019,0.0,0.1886570989344253,0.5955980836000943,0.6468244092154065,0.270084472997663,-0.10879506189600541,-0.3255136106024312,-0.7556194711114119
porumb,2019,0.0,0.2247622767632637,0.6003123500842156,0.5951508802676044,0.27479873948178435,-0.1604685908438075,-0.3255136106024312,-0.7556194711114119
porumb,2019,0.0,0.33690382046619527,0.5554648552760795,0.6558147318083432,0.22995124467364825,-0.09980473930306877,-0.3255136106024312,-0.7556194711114119
porumb,2019,0.0,0.3191924861039701,0.42013247779021334,0.6423368567211174,0.09461886718778212,-0.11328261439029452,-0.3255136106024312,-0.7556194711114119
porumb,2019,0.0,0.21449332079881245,0.6391109962998818,0.6746874547347361,0.31359738569745055,-0.0809320163766758,-0.3255136106024312,-0.7556194711114119
porumb,2019,0.0,0.184926855430877,0.5120719935522291,0.9183633664510729,0.18655838294979787,0.16274389533966094,-0.3255136106024312,-0.7556194711114119
porumb,2019,0.0,0.25832405907676365,0.05463138696332903,0.04528540226222599,-0.38014499756576026,-0.7103340688491859,-0.3255136106024312,-0.7556194711114119
porumb,2019,0.0,0.2827174659963558,0.03589420346306538,0.5057286883077206,-0.3614078140654966,-0.24989078280369137,-0.3255136106024312,-0.7556194711114119
porumb,2019,0.0,0.30655234793749186,0.47351928741354365,0.7869881623560961,0.14800567681111243,0.03136869124468422,-0.3255136106024312,-0.7556194711114119
porumb,2019,0.0,0.3675728962463801,0.070382784324162,1.247885619055134,-0.2551308262782692,0.49226614794372203,-0.3255136106024312,-0.7556194711114119
porumb,2019,0.0,0.24757296203269466,0.3089173231696849,0.6596109372451404,-0.016596287432746326,-0.0960085338662715,-0.3255136106024312,-0.7556194711114119
porumb,2019,0.0,0.2637686440429589,0.335370854879407,0.8795687306045128,0.009857244276975763,0.12394925949310087,-0.3255136106024312,-0.7556194711114119
porumb,2019,0.0,0.3819213424597535,0.2380066939745329,0.7832615904657807,-0.08750691662789833,0.027642119354368777,-0.3255136106024312,-0.7556194711114119
porumb,2019,0.0,0.2580211354697418,0.270692134379773,1.2338985103365454,-0.054821476222658205,0.4782790392251335,-0.3255136106024312,-0.7556194711114119
porumb,2019,0.0,0.15448239740004915,0.09895244242541557,0.2068996576962534,-0.4244660530278468,-0.5487198134151585,-0.3255136106024312,-0.7556194711114119
porumb,2020,0.0,0.22851085526284404,2.148549497082961,1.7538937298471589,-0.7973165851847726,-0.6784524877147833,1.3512329118981885,1.0754412421323756
porumb,2020,0.0,0.16185097252941424,0.7715723999483934,0.5999271772886394,0.5796605119497951,0.47551406484373615,1.3512329118981885,1.0754412421323756
porumb,2020,0.0,0.38524518804908975,0.07363441563485562,0.0471757023426429,1.2775984962633329,1.0282655397897327,1.3512329118981885,1.0754412421323756
porumb,2020,0.0,0.1451833941962705,1.0669209503295383,1.0716716448530672,0.28431196156865024,0.0037695972793083676,1.3512329118981885,1.0754412421323756
porumb,2020,0.0,0.1619588863738044,0.6312242550104719,0.6902620622366826,0.7200086568877166,0.38517917989569295,1.3512329118981885,1.0754412421323756
porumb,2020,0.0,0.32245266028982755,0.4315956229138269,0.4770107544919764,0.9196372889843616,0.5984304876403992,1.3512329118981885,1.0754412421323756
porumb,2020,0.0,0.1419348182097495,0.8119517503212421,0.7044740575653994,0.5392811615769464,0.3709671845669762,1.3512329118981885,1.0754412421323756
porumb,2020,0.0,0.1912034222076898,1.2661636436470567,1.1355990817419732,0.08506926825113181,-0.06015783960959764,1.3512329118981885,1.0754412421323756
porumb,2020,0.0,0.1548923730045439,0.6414429180758887,0.552698663945618,0.7097899938222998,0.5227425781867576,1.3512329118981885,1.0754412421323756
porumb,2020,0.0,0.2830514703406157,0.5129045513944419,0.5086680463830353,0.8383283605037466,0.5667731957493403,1.3512329118981885,1.0754412421323756
porumb,2020,0.0,0.1776769943171237,0.595959456685621,0.5024096479667781,0.7552734552125675,0.5730315941655975,1.3512329118981885,1.0754412421323756
porumb,2020,0.0,0.22974522443105166,1.2157098008126934,1.217634010995687,0.13552311108549508,-0.14219276886331134,1.3512329118981885,1.0754412421323756
porumb,2020,0.0,0.14031704346679091,0.8976667638887346,0.8591738759017922,0.45356614800945394,0.2162673662305834,1.3512329118981885,1.0754412421323756
porumb,2020,0.0,0.3652147103270046,1.788315291799597,1.0422752339031411,-0.4370823799014085,0.033166008229234434,1.3512329118981885,1.0754412421323756
porumb,2020,0.0,0.1368231718904171,1.1475014226306723,1.3810503487226589,0.20373148926751616,-0.3056091065902833,1.3512329118981885,1.0754412421323756
porumb,2020,0.0,0.2623068906950152,1.6776289112652774,0.6727177234343027,-0.32639599936708885,0.4027235186980729,1.3512329118981885,1.0754412421323756
porumb,2020,0.0,0.1603414300984612,1.1350944543242707,0.4104206281677989,0.2161384575739178,0.6650206139645767,1.3512329118981885,1.0754412421323756
porumb,2020,0.0,0.10180116092786815,1.9511075423164825,2.0063260958240203,-0.599874630418294,-0.9308848536916445,1.3512329118981885,1.0754412421323756
porumb,2020,0.0,0.2786335261925007,1.6715169231603189,1.3630737685468035,-0.32028401126213035,-0.28763252641442794,1.3512329118981885,1.0754412421323756
porumb,2020,0.0,0.1401367746945658,2.434191989136587,2.439634181508084,-1.0829590772383988,-1.3641929393757082,1.3512329118981885,1.0754412421323756
porumb,2020,0.0,0.2185800118327325,1.4906298591037235,1.04260432568433,-0.13939694720553497,0.03283691644804554,1.3512329118981885,1.0754412421323756
porumb,2020,0.0,0.26192461748239027,1.6654316504411348,1.5495877402056502,-0.31419873854294633,-0.4741464980732746,1.3512329118981885,1.0754412421323756
porumb,2020,0.0,0.1499565143811844,2.0862559246895103,2.1043171528459013,-0.735023012791322,-1.028875910713526,1.3512329118981885,1.0754412421323756
porumb,2020,0.0,0.18568565004269474,1.4062567137842663,1.3374236332906948,-0.055023801886077806,-0.2619823911583192,1.3512329118981885,1.0754412421323756
porumb,2020,0.0,0.11893029302616957,2.656104814557292,2.8866576639125463,-1.3048719026591034,-1.8112164217801707,1.3512329118981885,1.0754412421323756
porumb,2020,0.0,0.19982598922781292,1.3955890074226844,1.1885311544966086,-0.04435609552449593,-0.11308991236423305,1.3512329118981885,1.0754412421323756
porumb,2020,0.0,0.32043126127499794,1.6400053577147449,1.4816798620894542,-0.28877244581655637,-0.40623861995707866,1.3512329118981885,1.0754412421323756
porumb,2020,0.0,0.1824442913942556,1.052265370318644,0.132772634169958,0.2989675415795445,0.9426686079624176,1.3512329118981885,1.0754412421323756
porumb,2020,0.0,0.20378583867670766,1.5276957728676126,0.7235661384398826,-0.1764628609694241,0.351875103692493,1.3512329118981885,1.0754412421323756
porumb,2020,0.0,0.16117222507544254,1.803682463873345,1.0353453885033497,-0.45244955197515657,0.0400958536290259,1.3512329118981885,1.0754412421323756
porumb,2020,0.0,0.28461968925910347,1.678755989173785,1.3416809356758888,-0.3275230772755966,-0.2662396935435132,1.3512329118981885,1.0754412421323756
porumb,2020,0.0,0.22251230307711886,2.4003043556992405,1.3883016130396006,-1.049071443801052,-0.31286037090722507,1.3512329118981885,1.0754412421323756
porumb,2020,0.0,0.1679004405111642,1.4889324195497884,0.9138833144873386,-0.13769950765159988,0.16155792764503696,1.3512329118981885,1.0754412421323756
porumb,2020,0.0,0.24579317458081135,0.8276566653874751,0.14033042149358232,0.5235762465107134,0.9351108206387932,1.3512329118981885,1.0754412421323756
porumb,2020,0.0,0.34451875324764203,1.3029329914744419,0.9376650606311241,0.048299920423746645,0.13777618150125148,1.3512329118981885,1.0754412421323756
porumb,2021,0.0,0.30480696532097673,0.6595018366959309,1.025559044173605,0.4274104827635252,0.15392569714812598,-0.23209135393240565,-0.8716333470254791
porumb,2021,0.0,0.2935011973747973,0.748778569961452,1.238639398842185,0.5166872160290463,0.367006051816706,-0.23209135393240565,-0.8716333470254791
porumb,2021,0.0,0.4193349163217269,0.13909781069209526,0.9591801586745774,-0.0929935432403104,0.08754681164909828,-0.23209135393240565,-0.8716333470254791
porumb,2021,0.0,0.3839677488280802,0.3745199806634343,0.8930661617494104,0.14242862673102863,0.021432814723931326,-0.23209135393240565,-0.8716333470254791
porumb,2021,0.0,0.3397023190869939,0.4790875868443427,1.1543736866897039,0.24699623291193706,0.28274033966422474,-0.23209135393240565,-0.8716333470254791
porumb,2021,0.0,0.4080797868083864,0.18419409129431408,0.803683376204023,-0.047897262638091576,-0.06794997082145615,-0.23209135393240565,-0.8716333470254791
porumb,2021,0.0,0.23334656828625167,0.3232643388577081,0.84398849706617,0.09117298492530246,-0.02764484995930916,-0.23209135393240565,-0.8716333470254791
porumb,2021,0.0,0.2482490741206096,0.3981412316535806,0.9548178074605351,0.16604987772117497,0.083184460435056,-0.23209135393240565,-0.8716333470254791
porumb,2021,0.0,0.22996134647062355,0.18062112239594352,1.0727699825828885,-0.05147023153646213,0.20113663555740935,-0.23209135393240565,-0.8716333470254791
porumb,2021,0.0,0.41832179189960267,0.2488198798514336,1.0136963428189758,0.01672852591902796,0.14206299579349668,-0.23209135393240565,-0.8716333470254791
porumb,2021,0.0,0.39967207965627116,0.23431079752280848,0.9812674797076117,0.0022194435904028254,0.10963413268213262,-0.23209135393240565,-0.8716333470254791
porumb,2021,0.0,0.38743771362392954,0.39645634282305275,0.8322560647897981,0.1643649888906471,-0.039377282235681044,-0.23209135393240565,-0.8716333470254791
porumb,2021,0.0,0.4602561613682363,0.2024152902756411,0.8253279859780034,-0.029676063656764562,-0.046305361047475735,-0.23209135393240565,-0.8716333470254791
porumb,2021,0.0,0.17596317168664544,0.05835342708812963,1.3660569067074553,-0.2904447810205353,0.49442355968197615,-0.23209135393240565,-0.8716333470254791
porumb,2021,0.0,0.44073864922569045,0.08492777901988369,0.5666759708270566,-0.14716357491252197,-0.30495737619842256,-0.23209135393240565,-0.8716333470254791
porumb,2021,0.0,0.27802660235207743,0.3462051360156462,1.0633803750369895,0.11411378208324052,0.19174702801151033,-0.23209135393240565,-0.8716333470254791
porumb,2021,0.0,0.24323069417333665,0.07897543035438126,0.8784562723328917,-0.1531159235780244,0.006822925307412575,-0.23209135393240565,-0.8716333470254791
porumb,2021,0.0,0.39531013149411365,0.16945259826417214,0.7577127397938979,-0.06263875566823351,-0.11392060723158126,-0.23209135393240565,-0.8716333470254791
porumb,2021,0.0,0.28524927022992774,0.13121062648938908,0.4481272920573156,-0.10088072744301657,-0.4235060549681635,-0.23209135393240565,-0.8716333470254791
porumb,2021,0.0,0.41360380758140713,0.39729550579636363,0.8109138023673967,0.16520415186395798,-0.06071954465808238,-0.23209135393240565,-0.8716333470254791
porumb,2021,0.0,0.4712597567502508,0.3340890887209609,0.863043595091459,0.10199773478855523,-0.008589751934020118,-0.23209135393240565,-0.8716333470254791
porumb,2021,0.0,0.441336768479461,0.06305682563094539,0.5207116652632355,-0.29514817956335104,-0.3509216817622436,-0.23209135393240565,-0.8716333470254791
porumb,2021,0.0,0.2601842166418533,0.44511372855322406,0.7430644194510276,0.2130223746208184,-0.12856892757445149,-0.23209135393240565,-0.8716333470254791
porumb,2021,0.0,0.21200174456002374,0.3429822934541553,0.4003271938208326,-0.575073647386561,-0.4713061532046465,-0.23209135393240565,-0.8716333470254791
porumb,2021,0.0,0.3160055350734253,0.5130463539712391,0.8066070492344015,0.28095500003883345,-0.0650262977910776,-0.23209135393240565,-0.8716333470254791
porumb,2021,0.0,0.2644758927519669,0.29247711489465367,0.9777733638739976,0.060385760962248014,0.10614001684851848,-0.23209135393240565,-0.8716333470254791
porumb,2021,0.3354373851160215,0.6423015531899113,0.11179295969739211,0.730321418999289,-0.34388431362979777,-0.14131192802619008,-0.23209135393240565,-0.8716333470254791
porumb,2021,0.0,0.23984306955482976,0.24142097342412683,0.995536809277604,0.009329619491721175,0.1239034622521249,-0.23209135393240565,-0.8716333470254791
porumb,2021,0.0,0.17760265553008797,0.5855553867188981,1.2130181145876135,0.3534640327864924,0.34138476756213443,-0.23209135393240565,-0.8716333470254791
porumb,2021,0.0,0.22024228416872244,0.05817819548702641,0.9235406254992671,-0.29026954941943206,0.051907278473787954,-0.23209135393240565,-0.8716333470254791
porumb,2021,0.0,0.19179189177704878,0.24228607956936088,0.8044662866904164,0.010194725636955226,-0.0671670603350627,-0.23209135393240565,-0.8716333470254791
porumb,2021,0.0,0.23274937507041837,0.45426966706021954,1.1513160711955992,0.2221783131278139,0.2796827241701201,-0.23209135393240565,-0.8716333470254791
porumb,2021,0.0,0.23342662216872964,0.04761360164162376,0.7378724699042514,-0.2797049555740294,-0.13376087712122775,-0.23209135393240565,-0.8716333470254791
porumb,2021,0.0,0.45787512958072496,0.11684857886666933,0.7312194778596082,-0.348939932799075,-0.14041386916587095,-0.23209135393240565,-0.8716333470254791
porumb,2021,0.0,0.25196654318226713,0.036488921115851,0.4183992392827016,-0.19560243281655465,-0.4532341077427775,-0.23209135393240565,-0.8716333470254791
porumb,2022,0.0,0.1320435620216632,0.7768686958645992,0.5486747624945192,-0.08391465119920927,-0.19449254461638654,0.6929540446653899,0.35418221787813264
porumb,2022,0.0,0.17529126449766602,1.3241295759498422,1.3568298819501492,-0.6311755312844523,-1.0026476640720166,0.6929540446653899,0.35418221787813264
porumb,2022,0.0,0.15627757792063274,0.0328818386040437,0.10927220625466738,0.7258358832694336,0.24491001162346526,0.6929540446653899,0.35418221787813264
porumb,2022,0.0,0.1943088964054501,0.9929519535548574,0.8051186417667147,-0.29999790888946753,-0.450936423888582,0.6929540446653899,0.35418221787813264
porumb,2022,0.0,0.09781112998282718,0.5209593343510881,0.46093489184937253,0.1719947103143018,-0.10675267397123989,0.6929540446653899,0.35418221787813264
porumb,2022,0.0,0.16516376264087188,0.25371542411479986,0.20487397566213517,0.43923862055059004,0.14930824221599748,0.6929540446653899,0.35418221787813264
porumb,2022,0.0,0.1312237832958386,1.0728347984219497,0.9924575437592966,-0.37988075375655983,-0.638275325881164,0.6929540446653899,0.35418221787813264
porumb,2022,0.0,0.2458087716501547,0.8117543640670779,0.8224153821954849,-0.118800319401688,-0.4682331643173523,0.6929540446653899,0.35418221787813264
porumb,2022,0.0,0.14142641813729726,0.749043971328661,0.5270933873553316,-0.05608992666327106,-0.17291116947719898,0.6929540446653899,0.35418221787813264
porumb,2022,0.0,0.3201856025409876,0.6452779618884295,0.30032871294848196,0.04767608277696045,0.053853504929650686,0.6929540446653899,0.35418221787813264
porumb,2022,0.0,0.2032631359680516,0.8346728402228853,0.44873794636985087,-0.14171879555749545,-0.09455572849171823,0.6929540446653899,0.35418221787813264
porumb,2022,0.0,0.18565348544003632,0.7446055340457547,0.5122149220671468,-0.05165148938036479,-0.15803270418901416,0.6929540446653899,0.35418221787813264
porumb,2022,0.0,0.25266112519758793,0.7001224611216275,0.6178564292259452,-0.0071684164562375585,-0.26367421134781255,0.6929540446653899,0.35418221787813264
porumb,2022,0.0,0.23521087811420674,0.4662802527723664,0.17786126692684867,0.2266737918930235,0.5320434848049813,0.6929540446653899,0.35418221787813264
porumb,2022,0.0,0.09930740735385492,0.25874504740440774,0.3702335064022595,0.43420899726098217,-0.01605128852412685,0.6929540446653899,0.35418221787813264
porumb,2022,0.0,0.16679536006766213,0.16219899388151138,0.14336687926127212,0.5307550507838785,0.49754909713940476,0.6929540446653899,0.35418221787813264
porumb,2022,0.0,0.19473486254951547,0.3892553038583584,0.00020359201124708903,0.3036987408070315,0.35438580988937973,0.6929540446653899,0.35418221787813264
porumb,2022,0.0,0.14022109284638518,0.4267245962684356,0.3508595502041585,0.2662294483969543,0.0033226676739741556,0.6929540446653899,0.35418221787813264
porumb,2022,0.0,0.1881046189839642,1.4537382957078622,1.2610428807205998,-0.7607842510424723,-0.9068606628424671,0.6929540446653899,0.35418221787813264
porumb,2022,0.0,0.06297444361699762,0.4094577874755556,0.1959906071013533,0.2834962571898343,0.15819161077677935,0.6929540446653899,0.35418221787813264
porumb,2022,0.0,0.18250432407357775,0.7412374909512414,0.2583410008840423,-0.04828344628585146,0.09584121699409032,0.6929540446653899,0.35418221787813264
porumb,2022,0.0,0.1761008766485454,0.9076396035865084,0.6531608642578042,-0.2146855589211185,-0.29897864637967153,0.6929540446653899,0.35418221787813264
porumb,2022,0.0,0.15446667744497014,0.15280761337946824,0.11277312378896998,0.5401464312859217,0.24140909408916267,0.6929540446653899,0.35418221787813264
porumb,2022,0.0,0.1305868170516184,0.6745121128890177,0.5118785798208596,0.01844193177637221,-0.15769636194272696,0.6929540446653899,0.35418221787813264
porumb,2022,0.0,0.1097793822666473,0.7197115745597866,0.7823107992477136,-0.026757529894396725,-0.428128581369581,0.6929540446653899,0.35418221787813264
porumb,2022,0.0,0.1723787851258442,0.8890738065921608,0.3402100665712062,-0.19611976192677094,0.013972151306926417,0.6929540446653899,0.35418221787813264
porumb,2022,0.0,0.29791837595153114,0.8716061069770258,0.23283760680072652,-0.17865206231163588,0.12134461107740613,0.6929540446653899,0.35418221787813264
porumb,2022,0.0,0.4729401490440102,0.8744022621591223,0.21911184304355702,-0.1814482174937324,0.13507037483457562,0.6929540446653899,0.35418221787813264
porumb,2022,0.0,0.42953823582413114,1.025645100290053,0.31260423174173235,-0.33269105562466317,0.666786449619865,0.6929540446653899,0.35418221787813264
porumb,2022,0.0,0.3621773951083297,0.9365074668926834,0.37956606910378277,-0.24355342222729348,-0.025383851225650123,0.6929540446653899,0.35418221787813264
porumb,2022,0.0,0.23881681835247717,0.5998162251533135,0.22211142421318364,0.09313781951207645,0.5762936420913163,0.6929540446653899,0.35418221787813264
porumb,2022,0.0,0.2662025936199287,0.6867422628912445,0.3911483830650382,0.006211781774145386,0.7453306009431708,0.6929540446653899,0.35418221787813264
porumb,2022,0.0,0.20508194430771504,0.45805710682654954,0.11628165389719314,0.23489693783884036,0.2379005639809395,0.6929540446653899,0.35418221787813264
porumb,2022,0.0,0.38004647944475456,0.7460191916583847,0.11098747919982133,-0.053065146992994805,0.24319473867831132,0.6929540446653899,0.35418221787813264
porumb,2022,0.0,0.24586843933579505,1.0091582847860638,0.04127908801081137,-0.31620424012067394,0.3129031298673213,0.6929540446653899,0.35418221787813264
porumb,2023,0.0,0.4935414618206365,0.7962900917000337,0.40377446442816867,0.6616848690183756,0.2815009753697133,-0.1346052226816581,-0.12227348905845536
porumb,2023,0.0,0.21908588507641108,0.4103224610510998,0.19261709795281856,0.27571723836944173,0.0703436088943632,-0.1346052226816581,-0.12227348905845536
porumb,2023,0.0,0.3263302867895811,0.12143263636149104,0.28781599945159186,-0.013172586320167046,0.1655425103931365,-0.1346052226816581,-0.12227348905845536
porumb,2023,0.0,0.20243306502252773,0.38467464066986334,0.3594021646153034,0.25006941798820526,0.23712867555684802,-0.1346052226816581,-0.12227348905845536
porumb,2023,0.0,0.21700686023391963,0.4438842592043528,0.21503260205932628,0.30927903652269473,0.09275911300087092,-0.1346052226816581,-0.12227348905845536
porumb,2023,0.0,0.24252608614677612,0.14694309758089297,0.20719289616480419,0.01233787489923488,0.08491940710634882,-0.1346052226816581,-0.12227348905845536
porumb,2023,0.0,0.23322768215704656,0.33564289567746197,0.41218870638884697,0.20103767299580388,0.2899152173303916,-0.1346052226816581,-0.12227348905845536
porumb,2023,0.0,0.18913732176266912,0.3637157021898245,0.39631279534612496,0.22911047950816643,0.2740393062876696,-0.1346052226816581,-0.12227348905845536
porumb,2023,0.0,0.18350609446672986,0.14253447952788845,0.3846477425618331,0.00792925684623036,0.26237425350337773,-0.1346052226816581,-0.12227348905845536
porumb,2023,0.0,0.3067971694479311,0.033671591925857225,0.39270004585246987,-0.10093363075580086,0.2704265567940145,-0.1346052226816581,-0.12227348905845536
porumb,2023,0.0,0.28101985192888485,0.19988526467097012,0.5685200832560295,0.06528004198931203,0.4462465941975742,-0.1346052226816581,-0.12227348905845536
porumb,2023,0.0,0.22351938910307018,0.18939645032027252,0.04724324942124136,0.05479122763861444,-0.075030239637214,-0.1346052226816581,-0.12227348905845536
porumb,2023,0.0,0.2301416835990613,0.004516813268248487,0.1643135693503628,-0.13912203594990658,0.04204008029190742,-0.1346052226816581,-0.12227348905845536
porumb,2023,0.0,0.444419966270146,0.22306877622688903,0.4377692953854315,0.08846355354523094,0.31549580632697616,-0.1346052226816581,-0.12227348905845536
porumb,2023,0.0,0.2740863401136509,0.3160906019108056,0.04583811440389152,0.18148537922914754,-0.16811160346234688,-0.1346052226816581,-0.12227348905845536
porumb,2023,0.0,0.47369141921590574,0.48639747421510204,0.6192209347974593,0.35179225153344396,0.49694744573900396,-0.1346052226816581,-0.12227348905845536
porumb,2023,0.0,0.33989514614904814,0.4698239457630762,0.15188202037049559,0.3352187230814181,0.02960853131204022,-0.1346052226816581,-0.12227348905845536
porumb,2023,0.0,0.20353201627957912,0.10205076969105731,0.27104823560134417,-0.03255445299060078,-0.39332172465979953,-0.1346052226816581,-0.12227348905845536
porumb,2023,0.0,0.3771592269882759,0.22261851954182,0.3235812551213222,0.0880132968601619,-0.44585474417977755,-0.1346052226816581,-0.12227348905845536
porumb,2023,0.0,0.21998888029001903,0.3520859729661483,0.41261092970541924,-0.4866911956478064,-0.5348844187638746,-0.1346052226816581,-0.12227348905845536
porumb,2023,0.0,0.21762015772762705,0.00010239882758700247,0.19248459552147024,-0.1347076215092451,-0.3147580845799256,-0.1346052226816581,-0.12227348905845536
porumb,2023,0.0,0.29153549552455604,0.12605120861538932,0.06301888344243256,-0.008554014066268767,-0.059254605616022804,-0.1346052226816581,-0.12227348905845536
porumb,2023,0.0,0.22631454633231832,0.12550961687555295,0.053687114808036895,-0.009095605806105134,-0.17596060386649226,-0.1346052226816581,-0.12227348905845536
porumb,2023,0.0,0.23556235936090203,0.2203566221476474,0.1555370114388661,-0.3549618448293055,-0.2778105004973215,-0.1346052226816581,-0.12227348905845536
porumb,2023,0.0,0.21825839872769529,0.19878864870976365,0.049225440603898996,0.06418342602810556,-0.17149892966235436,-0.1346052226816581,-0.12227348905845536
porumb,2023,0.0,0.3719316312017373,0.35216343762190494,0.46411993927443396,0.21755821494024685,0.3418464502159786,-0.1346052226816581,-0.12227348905845536
porumb,2023,0.0,0.4516984371726295,0.3312239976658722,0.17350087617470278,0.1966187749842141,-0.29577436523315814,-0.1346052226816581,-0.12227348905845536
porumb,2023,0.0,0.33672325263488645,0.5038671928021046,0.34905235639448007,-0.6384724154837627,-0.47132584545293543,-0.1346052226816581,-0.12227348905845536
porumb,2023,0.0,0.581124469029308,0.5850999317545513,0.03857977101616594,-0.7197051544362094,-0.1608532600746213,-0.1346052226816581,-0.12227348905845536
porumb,2023,0.0,0.47392425852188075,0.1812023641546836,0.008874885238340458,0.046597141473025516,-0.11339860382011491,-0.1346052226816581,-0.12227348905845536
porumb,2023,0.0,0.31602489766043707,0.36312476665628246,0.04673307580250663,0.22851954397462437,-0.07554041325594874,-0.1346052226816581,-0.12227348905845536
porumb,2023,0.0,0.34241592160191653,0.06365304484710554,0.5983089892384306,-0.07095217783455254,0.4760355001799752,-0.1346052226816581,-0.12227348905845536
porumb,2023,0.0,0.2827005443773684,0.28850122529873357,0.1702536633975833,-0.42310644798039165,-0.29252715245603866,-0.1346052226816581,-0.12227348905845536
porumb,2023,0.0,0.338660787853388,0.11958078753310275,0.12636556831982304,-0.25418601021476084,0.004092079261367676,-0.1346052226816581,-0.12227348905845536
porumb,2023,0.0,0.2953315513775137,0.344867004919148,0.033083527485161746,-0.4794722276008061,-0.1553570165436171,-0.1346052226816581,-0.12227348905845536
porumb,2024,0.0,0.34780334524700096,0.9669152223637254,0.6231949918657032,1.0310949048525746,0.9658351202351625,0.0641796824888492,0.34264012836945934
porumb,2024,0.0,0.46521994075562106,0.5903271641567416,1.1165576460459599,-0.5261474816678924,-0.7739175176765005,0.0641796824888492,0.34264012836945934
porumb,2024,0.0,0.35926163570076997,0.10185005380888557,0.030411578685408003,0.16602973629773476,0.37305170705486734,0.0641796824888492,0.34264012836945934
porumb,2024,0.0,0.44393176971100806,0.2941810003549632,0.6823649790004662,-0.230001317866114,-0.3397248506310069,0.0641796824888492,0.34264012836945934
porumb,2024,0.0,0.41875128054035243,0.4019326490926365,0.9160345174672941,-0.3377529666037873,-0.5733943890978348,0.0641796824888492,0.34264012836945934
porumb,2024,0.0,0.3568396587406074,0.2136924008823704,0.6621259004586673,-0.1495127183935212,-0.3194857720892079,0.0641796824888492,0.34264012836945934
porumb,2024,0.0,0.7231253266348929,0.1357436835313779,0.26519616731202467,0.1999233660202271,0.07744396105743467,0.0641796824888492,0.34264012836945934
porumb,2024,0.0,0.3584533866705037,0.19544883064025198,0.5172443773041726,-0.13126914815140278,-0.17460424893471327,0.0641796824888492,0.34264012836945934
porumb,2024,0.0,0.43611815288101574,0.6378909115674509,1.1656940049562903,-0.5737112290786017,-0.8230538765868309,0.0641796824888492,0.34264012836945934
porumb,2024,0.0,0.3651627396718639,0.36658177047369245,0.5130839814394235,-0.30240208798484325,-0.17044385306996412,0.0641796824888492,0.34264012836945934
porumb,2024,0.0,0.49750118569103235,0.32205924457401514,0.6617255243923452,-0.25787956208516594,-0.3190853960228859,0.0641796824888492,0.34264012836945934
porumb,2024,0.0,0.49090441642615934,0.038691538741397746,0.8653113752035972,0.025488143747451453,-0.5226712468341379,0.0641796824888492,0.34264012836945934
porumb,2024,0.0,0.3652716106531883,0.2071526067490712,0.9350390267576274,-0.142972924260222,-0.5923988983881681,0.0641796824888492,0.34264012836945934
porumb,2024,0.0,0.368515932404237,0.4555340758689219,0.9159828926400397,0.5197137583577711,1.258623021009499,0.0641796824888492,0.34264012836945934
porumb,2024,0.0,0.19451703104965615,0.16495853083962198,0.6615597859395117,-0.10077884835077278,-0.31891965757005236,0.0641796824888492,0.34264012836945934
porumb,2024,0.0,0.3449276423139026,0.4854930642135127,0.3674211854926681,0.5496727467023619,0.7100613138621275,0.0641796824888492,0.34264012836945934
porumb,2024,0.0,0.3642205555504017,0.5996439166923939,0.8969348210586707,0.6638235991812431,1.23957494942813,0.0641796824888492,0.34264012836945934
porumb,2024,0.0,0.6638910418917425,0.07457536598974146,0.5929489981081444,0.13875504847859066,-0.25030886973868505,0.0641796824888492,0.34264012836945934
porumb,2024,0.0,0.5642621734758168,0.06858427209294371,0.5835247619418404,-0.004404589604094511,-0.2408846335723811,0.0641796824888492,0.34264012836945934
porumb,2024,0.0,0.3960615952315195,0.2862548556314852,0.27935993830529915,0.3504345381203344,0.06328019006416019,0.0641796824888492,0.34264012836945934
porumb,2024,0.0,0.41805698720490875,0.2045782859906229,0.5825884209557426,0.2687579684794721,-0.23994829258628325,0.0641796824888492,0.34264012836945934
porumb,2024,0.0,0.22035335928626218,0.43041942543336953,0.07129699464018202,0.49459910792221873,0.2713431337292773,0.0641796824888492,0.34264012836945934
porumb,2024,0.0,0.59102209674624,0.15030766883045477,0.3889397503869927,0.21448735131930396,-0.04629962201753335,0.0641796824888492,0.34264012836945934
porumb,2024,0.0,0.4153237560053592,0.023191221812576046,0.49294957543741313,0.08737090430142525,-0.1503094470679538,0.0641796824888492,0.34264012836945934
porumb,2024,0.0,0.5321038806488669,0.832577958945212,1.9178825092674654,-0.7683982764563628,-1.575242380898006,0.0641796824888492,0.34264012836945934
porumb,2024,0.0,0.30253447038171827,0.39247755490150604,0.14931510047077445,0.45665723739035524,0.4919552288402338,0.0641796824888492,0.34264012836945934
porumb,2024,0.0,0.5608009773126845,0.32182330511639723,0.34139928453401636,-0.25764362262754803,0.001240843835442984,0.0641796824888492,0.34264012836945934
porumb,2024,0.0,0.4924426438647613,0.5620766355311941,0.24017529540096572,-0.49789695304234494,0.10246483296849362,0.0641796824888492,0.34264012836945934
porumb,2024,0.0,0.3416767627414654,0.9648613438921274,0.8300217298256121,-0.9006816614032782,-0.4873816014561527,0.0641796824888492,0.34264012836945934
porumb,2024,0.0,0.6743345863025573,0.3050149080033133,0.13247449497791175,-0.24083522551446412,0.2101656333915476,0.0641796824888492,0.34264012836945934
porumb,2024,0.0,0.28693271017297206,0.4283426506342507,0.11999662613136675,0.4925223331230999,0.4626367545008261,0.0641796824888492,0.34264012836945934
porumb,2024,0.0,0.29137120150739815,0.27149601496610787,0.5914783609346888,0.33567569745495707,0.9341184893041481,0.0641796824888492,0.34264012836945934
porumb,2024,0.0,0.6403556347253967,0.10980181543340706,0.019268988689780997,0.17398149792225626,0.32337113967967834,0.0641796824888492,0.34264012836945934
porumb,2024,0.0,0.41007903763372794,0.31610129966035894,0.11922654289362677,-0.25192161717150974,0.4618666712630861,0.0641796824888492,0.34264012836945934
porumb,2024,0.0,0.36195180878139255,0.5589573918982924,0.3715985643552697,-0.4947777094094432,-0.028958435985810382,0.0641796824888492,0.34264012836945934
porumb,2025,0.0,0.31986320821604597,0.5104146369122358,0.7801762440370137,0.36226604138457885,0.39296904603945215,-0.1481485955276569,-0.38720719799756154
porumb,2025,0.0,0.29081862359319216,0.6087691538952944,0.8415714494826245,0.4606205583676375,0.454364251485063,-0.1481485955276569,-0.38720719799756154
porumb,2025,0.0,0.5084098048703038,0.005317767627686543,0.021328607340540984,-0.14283082789997037,-0.36587859065702055,-0.1481485955276569,-0.38720719799756154
porumb,2025,0.0,0.31787046558741955,0.2609838813912919,0.5755600016732574,0.112835285863635,0.18835280367569585,-0.1481485955276569,-0.38720719799756154
porumb,2025,0.0,0.2634642054145511,0.2731090333786357,0.36841471858226393,0.12496043785097877,-0.018792479415297603,-0.1481485955276569,-0.38720719799756154
porumb,2025,0.0,0.37425983681813746,0.20414161169932576,0.15801645415116017,0.05599301617166885,-0.22919074384640137,-0.1481485955276569,-0.38720719799756154
porumb,2025,0.0,0.20490050077858157,0.3367936017069142,0.5860910600183189,0.18864500617925728,0.19888386202075736,-0.1481485955276569,-0.38720719799756154
porumb,2025,0.0,0.17998017650626852,0.08671576475198428,0.45651507659254076,-0.06143283077567263,0.06930787859497922,-0.1481485955276569,-0.38720719799756154
porumb,2025,0.0,0.15069846970622014,0.2958048194679477,0.8857998687740318,0.14765622394029077,0.4985926707764703,-0.1481485955276569,-0.38720719799756154
porumb,2025,0.0,0.6107468957967555,0.1264235681483834,0.07435047631534264,-0.02172502737927351,-0.3128567216822189,-0.1481485955276569,-0.38720719799756154
porumb,2025,0.0,0.26424624173187927,0.2532863786864228,0.39262137449351986,0.10513778315876587,0.005414176495958323,-0.1481485955276569,-0.38720719799756154
porumb,2025,0.0,0.19427376716795497,0.3665832756336971,0.5486226266608218,0.21843468010604017,0.1614154286632603,-0.1481485955276569,-0.38720719799756154
porumb,2025,0.0,0.2556339204773171,0.05201008373339633,0.34345796891793334,-0.20015867926105324,-0.043749229079628194,-0.1481485955276569,-0.38720719799756154
porumb,2025,0.0,0.40762004704239335,0.22454011160270682,0.4937706228376899,-0.37268870713036373,0.10656342484012837,-0.1481485955276569,-0.38720719799756154
porumb,2025,0.0,0.2721330133556805,0.10904881515383158,0.10654355275821237,-0.03909978037382533,-0.4937507507557739,-0.1481485955276569,-0.38720719799756154
porumb,2025,0.0,0.5250818875105129,0.33869366999256423,0.8124447969073367,0.19054507446490732,0.4252375989097752,-0.1481485955276569,-0.38720719799756154
porumb,2025,0.0,0.4002363892652695,0.3097761463722484,0.7116988649329357,0.16162755084459146,0.3244916669353741,-0.1481485955276569,-0.38720719799756154
porumb,2025,0.0,0.36383299726357315,0.26626936369221577,0.41501866421997047,0.11812076816455885,0.02781146622240893,-0.1481485955276569,-0.38720719799756154
porumb,2025,0.0,0.2524707988597341,0.5097198335708399,0.2730094429743155,-0.6578684290984969,-0.660216640971877,-0.1481485955276569,-0.38720719799756154
porumb,2025,0.0,0.2414143822088551,0.1746528291167233,0.17580391290489716,0.026504233589066395,-0.21140328509266437,-0.1481485955276569,-0.38720719799756154
porumb,2025,0.0,0.41220002533085126,0.13006173109892183,0.5446836833380497,-0.018086864428735083,0.1574764853404882,-0.1481485955276569,-0.38720719799756154
porumb,2025,0.0,0.41513205570272343,0.4142913491011715,0.34731330798982496,0.2661427535735146,-0.03989389000773658,-0.1481485955276569,-0.38720719799756154
porumb,2025,0.0,0.48243846132076146,0.32957970782852586,0.5380401475510186,0.18143111230086895,0.15083294955345705,-0.1481485955276569,-0.38720719799756154
porumb,2025,0.0,0.21576607616782892,0.17324584401955168,0.46794093801975256,0.025097248491894764,0.08073374002219103,-0.1481485955276569,-0.38720719799756154
porumb,2025,0.0,0.2216366358688911,0.7308806129467875,1.0453546910554312,0.5827320174191306,0.6581474930578697,-0.1481485955276569,-0.38720719799756154
porumb,2025,0.0,0.18867926677045793,0.48149864671745757,1.280278482126739,0.33335005118980066,0.8930712841291775,-0.1481485955276569,-0.38720719799756154
porumb,2025,0.0,0.5584155715318945,0.4140441470718783,0.0738170626744683,0.2658955515442214,-0.46102426067202984,-0.1481485955276569,-0.38720719799756154
porumb,2025,0.0,0.2369734916565615,0.03833845186360696,0.388442344643225,-0.18648704739126387,0.0012351466456634874,-0.1481485955276569,-0.38720719799756154
porumb,2025,0.0,0.6317437735559593,0.2398776610110107,0.2979274189257355,0.0917290654833538,-0.08927977907182605,-0.1481485955276569,-0.38720719799756154
porumb,2025,0.0,0.45030674740837606,0.6818905594268188,0.14132465801308403,-0.8300391549544757,-0.5285318560106456,-0.1481485955276569,-0.38720719799756154
porumb,2025,0.0,0.288366990064131,0.16548571220406716,0.07298202436011136,0.017337116676410247,-0.3142251736374502,-0.1481485955276569,-0.38720719799756154
porumb,2025,0.0,0.5028626885716116,0.656165804082022,0.7923286815429056,0.508017208554365,0.40512148354534405,-0.1481485955276569,-0.38720719799756154
porumb,2025,0.0,0.2551130059248868,1.2207593741489178,0.587638200359577,-1.3689079696765747,-0.9748453983571386,-0.1481485955276569,-0.38720719799756154
porumb,2025,0.0,0.24074758809549138,0.2807471288848644,0.14036357739377348,-0.42889572441252133,-0.24684362060378806,-0.1481485955276569,-0.38720719799756154
porumb,2025,0.0,0.5625287399627545,0.06870914700965969,0.17766676090555222,-0.2168577425373166,-0.2095404370920093,-0.1481485955276569,-0.38720719799756154
sfecla,2007,0.0,0.46173919153382004,0.6503983622243856,1.3458026952353945,-0.6553575845163451,-0.9173239491421965,-0.004959222291959442,0.428478746093198
sfecla,2007,0.0,0.4332802912433372,0.10853832969878408,0.22797869814732685,0.10357910740682463,0.20050004794587117,-0.004959222291959442,0.428478746093198
sfecla,2007,0.0,0.48433128843883866,0.10744166284512513,0.29854525390969755,-0.11240088513708457,0.12993349218350048,-0.004959222291959442,0.428478746093198
sfecla,2007,0.0,0.4936578993605517,0.11263656017780832,0.6079466861329745,-0.11759578246976776,-0.1794679400397765,-0.004959222291959442,0.428478746093198
sfecla,2007,0.0,0.5307349089226925,0.07256002962640995,0.14959183185529135,0.06760080733445051,0.2788869142379067,-0.004959222291959442,0.428478746093198
sfecla,2007,0.0,0.4378816562016019,0.18137980506280815,0.1634510532186555,0.1764205827708487,0.26502769287454253,-0.004959222291959442,0.428478746093198
sfecla,2007,0.0,0.38719172846896727,0.11545368421650792,0.5612015131459076,-0.12041290650846737,-0.13272276705270958,-0.004959222291959442,0.428478746093198
sfecla,2007,0.0,0.4183302349455418,0.275088615920664,0.03621877636962623,0.2701293936287046,0.3922599697235718,-0.004959222291959442,0.428478746093198
sfecla,2007,0.0,0.44584328604065976,0.2679931559530804,0.030604388604476895,0.26303393366112093,0.4590831346976749,-0.004959222291959442,0.428478746093198
sfecla,2007,0.0,0.3810399887583105,0.10811527931976705,0.019620981466545118,0.10315605702780761,0.44809972755974314,-0.004959222291959442,0.428478746093198
sfecla,2007,0.0,0.4264533861011083,0.02255138323589101,0.503470247886523,-0.02751060552785045,-0.07499150179332492,-0.004959222291959442,0.428478746093198
sfecla,2007,0.0,0.37548438634278714,0.011666320795160168,0.4340718707332387,0.006707098503200726,-0.005593124640040692,-0.004959222291959442,0.428478746093198
sfecla,2007,0.0,0.4224083173409886,0.9965895280674393,1.3527478908930264,-1.0015487503593987,-0.9242691447998284,-0.004959222291959442,0.428478746093198
sfecla,2007,0.0,0.39857807984541316,0.12092667552462899,0.2833061188830488,0.11596745323266955,0.14517262721014923,-0.004959222291959442,0.428478746093198
sfecla,2007,0.0,0.42067584382013995,0.4544031453825559,0.7445848747129853,-0.4593623676745153,-0.31610612861978726,-0.004959222291959442,0.428478746093198
sfecla,2007,0.0,0.48821459262302047,0.5160082240818511,0.5241248073376594,0.5110490017898917,-0.0956460612444614,-0.004959222291959442,0.428478746093198
sfecla,2007,0.0,0.4514125105042256,0.4276914917941692,0.1055149945920606,0.42273226950220977,0.32296375150113743,-0.004959222291959442,0.428478746093198
sfecla,2007,0.0,0.4254036011353094,0.17369400767358556,0.8677742895206064,-0.178653229965545,-0.4392955434274084,-0.004959222291959442,0.428478746093198
sfecla,2007,0.0,0.2684542692060184,0.1144882981142894,0.17158310582200276,0.10952907582232996,0.25689564027119527,-0.004959222291959442,0.428478746093198
sfecla,2007,0.6483203349456885,1.3647079105472344,0.5278965537708844,0.2418855835389344,0.522937331478925,0.18659316255426361,-0.004959222291959442,0.428478746093198
sfecla,2008,0.0,0.2920075949762366,1.8922909248239725,1.647666291998918,-1.9351283584719003,-1.8036576723428284,-0.0428374336479278,-0.15599138034391036
sfecla,2008,0.02261487057953726,0.5448057213816015,0.21153157209107576,0.08236687989355129,-0.25436900573900356,-0.07362450045035906,-0.0428374336479278,-0.15599138034391036
sfecla,2008,0.144174378667687,0.5621077303515736,0.044398206733289314,0.5044645193092023,-0.08723564038121712,0.348473138965292,-0.0428374336479278,-0.15599138034391036
sfecla,2008,0.17681763421508823,0.46682629011730387,0.006169012105956995,0.261664172267281,-0.03666842154197081,0.10567279192337065,-0.0428374336479278,-0.15599138034391036
sfecla,2008,0.0,0.4015566411982294,0.004923665335693883,0.4407184388535672,-0.047761098983621686,0.28472705850965685,-0.0428374336479278,-0.15599138034391036
sfecla,2008,0.0,0.3213481110215183,0.1450033873085994,0.5048246167390475,0.1021659536606716,0.3488332363951372,-0.0428374336479278,-0.15599138034391036
sfecla,2008,0.0,0.3477313596490804,0.237637411719696,0.541782005911819,0.1947999780717682,0.38579062556790866,-0.0428374336479278,-0.15599138034391036
sfecla,2008,0.0,0.3123431369772932,0.08725427106174166,0.4778998713991447,0.04441683741381386,0.32190849105523434,-0.0428374336479278,-0.15599138034391036
sfecla,2008,0.0,0.44312346948785314,0.10457730972835577,0.4715334451907003,0.06173987608042797,0.3155420648467899,-0.0428374336479278,-0.15599138034391036
sfecla,2008,0.17681763421508823,0.5484742662354984,0.08584377113605157,0.4894602892334259,0.04300633748812377,0.3334689088895155,-0.0428374336479278,-0.15599138034391036
sfecla,2008,0.0,0.32265593446031826,0.014809226203110981,0.374725347511065,-0.057646659851038784,0.21873396716715465,-0.0428374336479278,-0.15599138034391036
sfecla,2008,0.0,0.31149012301613144,0.3995003541715363,0.6216010797614695,0.3566629205236085,0.46560969941755914,-0.0428374336479278,-0.15599138034391036
sfecla,2008,0.0,0.2625975686557064,0.09797426614968874,0.205848068496433,0.055136832501760935,-0.36183944884034336,-0.0428374336479278,-0.15599138034391036
sfecla,2008,0.0,0.17286817033251314,1.0101666882981357,0.05077765476846441,0.9673292546502079,-0.20676903511237477,-0.0428374336479278,-0.15599138034391036
sfecla,2008,0.0,0.3917261048944021,0.4514483989729321,0.25918960064568974,0.4086109653250043,0.10319822030177939,-0.0428374336479278,-0.15599138034391036
sfecla,2008,0.0,0.24843970288018125,0.23897223948066415,0.6231377727511518,-0.28180967312859195,-0.7791291530950621,-0.0428374336479278,-0.15599138034391036
sfecla,2008,0.0,0.22620908006551757,0.000698766254880745,0.11817561245923258,-0.04353619990280855,-0.037815767884677776,-0.0428374336479278,-0.15599138034391036
sfecla,2008,0.0,0.43199388406473227,0.3331438597692298,0.2996455796279438,0.290306426121302,0.14365419928403345,-0.0428374336479278,-0.15599138034391036
sfecla,2008,0.0,0.4741881352975428,0.24101090849331008,0.6052933030925827,0.19817347484538228,0.4493019227486723,-0.0428374336479278,-0.15599138034391036
sfecla,2008,0.0,0.6615848852190818,0.1961796374216931,0.006192154731317956,0.15334220377376528,-0.1497992256125924,-0.0428374336479278,-0.15599138034391036
sfecla,2008,0.0,0.2974791164782249,0.0886985688077333,0.25628814138995537,-0.1315360024556611,-0.41227952173386573,-0.0428374336479278,-0.15599138034391036
sfecla,2009,0.0,0.5011337696376682,0.7089184753085762,0.742812532904872,1.1339794177708935,0.8783910658851726,0.4250609424623173,0.13557853298030054
sfecla,2009,0.0,0.30449826759342546,0.6538793464782033,0.6179613960523644,-0.22881840401588605,-0.4823828630720639,0.4250609424623173,0.13557853298030054
sfecla,2009,0.0,0.3091565089136031,0.519664754050277,0.17376955435192265,-0.09460381158795972,-0.038191021371622114,0.4250609424623173,0.13557853298030054
sfecla,2009,0.0,0.6580974024673475,0.5215730401996916,0.07191161552658176,-0.09651209773737435,0.06366691745371877,0.4250609424623173,0.13557853298030054
sfecla,2009,0.0,0.22311274905615003,0.19039599580751165,0.1192289576648573,0.23466494665480564,0.25480749064515784,0.4250609424623173,0.13557853298030054
sfecla,2009,0.0,0.5571744479905401,0.655699607665519,0.24563846968631786,-0.23063866520320175,-0.11005993670601733,0.4250609424623173,0.13557853298030054
sfecla,2009,0.0,0.5488911993332197,0.9376369668078235,0.559422503520735,-0.5125760243455062,-0.42384397054043443,0.4250609424623173,0.13557853298030054
sfecla,2009,0.0,0.5605567871679982,0.17671729601495567,0.2508947800631187,0.24834364644736162,0.38647331304341925,0.4250609424623173,0.13557853298030054
sfecla,2009,0.0,0.43913595970618385,0.19330322509077114,0.21309556144793174,0.23175771737154616,0.3486740944282323,0.4250609424623173,0.13557853298030054
sfecla,2009,0.0,0.3831705088333184,0.12398193625460951,0.17155288195352458,0.3010790062077078,0.3071314149338251,0.4250609424623173,0.13557853298030054
sfecla,2009,0.0,0.6252567142473946,1.2082122763465835,0.996278040391398,-0.7831513338842662,-0.8606995074110975,0.4250609424623173,0.13557853298030054
sfecla,2009,0.0,0.9180929015109089,0.8037457133855712,0.33099050073275027,-0.3786847709232539,-0.19541196775244973,0.4250609424623173,0.13557853298030054
sfecla,2009,0.0,0.6220278409795805,0.2228528667604266,0.35788983412223985,0.2022080757018907,-0.2223113011419393,0.4250609424623173,0.13557853298030054
sfecla,2009,0.0,0.6689400712147108,0.4521086449190719,0.04182226137417988,-0.027047702456754585,0.09375627160612066,0.4250609424623173,0.13557853298030054
sfecla,2010,0.0,0.27381961344419603,0.2087394249848069,0.05758253599390972,0.3754013931692013,0.24799015588883133,0.16666196818439438,0.1904076198949216
sfecla,2010,0.0,0.44479762917090787,0.16929467264982545,0.049020764495245395,-0.0026327044654310683,0.239428384390167,0.16666196818439438,0.1904076198949216
sfecla,2010,0.0,0.5141471592716447,0.01648434201541793,0.035143850949999056,0.1831463101998123,0.22555147084492067,0.16666196818439438,0.1904076198949216
sfecla,2010,0.0,0.4603051494323437,0.3783232676214521,0.28254874189559764,-0.2116612994370577,-0.09214112200067603,0.16666196818439438,0.1904076198949216
sfecla,2010,0.0,0.8436137472045478,0.010883519968625244,0.060294050802060184,0.15577844821576914,0.13011356909286143,0.16666196818439438,0.1904076198949216
sfecla,2010,0.0,0.931666348581291,0.1946779559493379,0.22444346374985802,-0.028015987764943517,-0.03403584385493641,0.16666196818439438,0.1904076198949216
sfecla,2010,0.0,0.8107820135026869,0.025766995214589805,0.07122350063465799,0.14089497296980458,0.11918411926026362,0.16666196818439438,0.1904076198949216
sfecla,2010,0.0,0.27378698153627024,0.3372049129014423,0.28732299696897545,-0.1705429447170479,-0.09691537707405384,0.16666196818439438,0.1904076198949216
sfecla,2010,0.0,0.8954082318279148,0.09850674793873182,0.024720301065228156,0.06815522024566256,0.21512792096014977,0.16666196818439438,0.1904076198949216
sfecla,2010,0.0,0.9913636822586172,0.035126312888467126,0.28778530394442825,0.13153565529592726,-0.09737768404950664,0.16666196818439438,0.1904076198949216
sfecla,2010,0.0,0.46933238251182924,0.07554096651873721,0.24549569314214725,0.09112100166565718,-0.055088073247225644,0.16666196818439438,0.1904076198949216
sfecla,2010,0.0,1.0594465223936096,1.1117709683738122,1.209229938727252,-0.9451090001894178,-1.0188223188323304,0.16666196818439438,0.1904076198949216
sfecla,2010,0.0,0.8764467293897222,0.045266966627686145,0.02657717872661891,0.21192893481208053,0.21698479862154052,0.16666196818439438,0.1904076198949216
sfecla,2011,0.0,0.26125467800993685,0.024468084810101765,0.04563860462028835,0.2323238798445857,0.2129395741864668,0.25679196465468745,0.25857817880675515
sfecla,2011,0.0,0.2544292017659243,0.27324929039693835,0.020702363902575627,-0.016457325742250895,0.23787581490417953,0.25679196465468745,0.25857817880675515
sfecla,2011,0.0,0.23866873574908282,0.1266694069455383,0.2047341806441656,0.13012255770914916,0.05384399816258956,0.25679196465468745,0.25857817880675515
sfecla,2011,0.0,0.2147600427198181,0.258458554644986,0.14611430086669674,-0.0016665899902985615,0.11246387794005841,0.25679196465468745,0.25857817880675515
sfecla,2011,0.0,0.20937723812141362,0.5564436651859719,0.5293287414748118,-0.2996517005312844,-0.27075056266805664,0.25679196465468745,0.25857817880675515
sfecla,2011,0.0,0.2749062167906648,0.12832237834537974,0.27915631837086163,0.12846958630930772,-0.02057813956410648,0.25679196465468745,0.25857817880675515
sfecla,2011,0.0,0.32968243417135906,0.36548037405417677,0.4641513058064577,-0.10868840939948932,-0.20557312699970254,0.25679196465468745,0.25857817880675515
sfecla,2011,0.0,0.24932115686378017,0.44190524786226426,0.26775009649846826,-0.1851132832075768,-0.009171917691713105,0.25679196465468745,0.25857817880675515
sfecla,2011,0.0,0.1988676307367138,0.17899311070818502,0.13216863092637254,0.07779885394650243,0.1264095478803826,0.25679196465468745,0.25857817880675515
sfecla,2011,0.0,0.23242836561880628,0.3108685141398322,0.4334995189989588,-0.05407654948514473,-0.17492134019220362,0.25679196465468745,0.25857817880675515
sfecla,2011,0.0,0.29754365494228097,0.175313965721271,0.2787069257718011,0.08147799893341645,-0.020128746965045963,0.25679196465468745,0.25857817880675515
sfecla,2011,0.0,0.21751499526200008,0.044020523711077786,0.24619635140427754,0.30081248836576524,0.012381827402477619,0.25679196465468745,0.25857817880675515
sfecla,2011,0.0,0.15853353056532277,0.5421434714073738,0.3133689852020902,-0.2853515067526864,-0.05479080639533507,0.25679196465468745,0.25857817880675515
sfecla,2012,0.0,0.6724093013687398,0.7830376910261849,0.5560890495289161,0.5906217641495903,0.13718466187986778,-0.1924159268765946,-0.41890438764904836
sfecla,2012,0.0,0.5972409235084519,0.7850192595863996,1.236996626378656,0.592603332709805,0.8180922387296077,-0.1924159268765946,-0.41890438764904836
sfecla,2012,0.0,0.48444723632175196,0.15080189770472874,0.8760896286766862,-0.04161402917186585,0.4571852410276378,-0.1924159268765946,-0.41890438764904836
sfecla,2012,0.0,0.35020961402930084,0.3484088115955464,0.4832370364403946,0.15599288471895179,0.06433264879134626,-0.1924159268765946,-0.41890438764904836
sfecla,2012,0.0,0.4913851803896695,0.18381955378956327,0.6632557829210546,-0.008596373087031317,0.24435139527200622,-0.1924159268765946,-0.41890438764904836
sfecla,2012,0.0,0.604932346064447,0.3780344727745506,0.14051358529634506,-0.5704503996511452,-0.5594179729453934,-0.1924159268765946,-0.41890438764904836
sfecla,2012,0.0,0.42249227490452607,0.40553496110942966,0.6903457616026234,0.21311903423283507,0.27144137395357504,-0.1924159268765946,-0.41890438764904836
sfecla,2012,0.0,0.5272562892367387,0.21348570680168422,0.023034001521189396,-0.4059016336782788,-0.44193838917023776,-0.1924159268765946,-0.41890438764904836
sfecla,2012,0.0,0.5476556365945908,0.02769569991761678,0.41302872690741044,-0.22011162679421137,-0.0058756607416379225,-0.1924159268765946,-0.41890438764904836
sfecla,2012,0.0,0.2555511399849741,0.21316872603477055,0.5048210831375721,0.02075279915817596,0.08591669548852376,-0.1924159268765946,-0.41890438764904836
sfecla,2012,0.0,0.5070645055920059,0.006818390186954737,0.13361639474301157,-0.18559753668963985,-0.2852879929060368,-0.1924159268765946,-0.41890438764904836
sfecla,2012,0.0,0.4042577797748083,0.24155219949323392,0.4055732750912986,0.04913627261663933,-0.013331112557749769,-0.1924159268765946,-0.41890438764904836
sfecla,2012,0.0,0.3102576808287111,0.47116248142380357,0.4538741851969501,0.278746554547209,0.03496979754790175,-0.1924159268765946,-0.41890438764904836
sfecla,2012,0.0,0.9029866693313643,0.3944767208515785,0.24094317445970148,0.2020607939749839,-0.17796121318934688,-0.1924159268765946,-0.41890438764904836
sfecla,2012,0.0,0.9020232382638907,0.47834591015942696,0.21075732353101895,-0.6707618370360215,-0.6296617111800673,-0.1924159268765946,-0.41890438764904836
sfecla,2013,0.0,0.3408420688241892,0.4665822515875062,0.7400710652881717,-0.4471156503484277,-0.5495473585478639,0.019466601239078507,0.19052370674030783
sfecla,2013,0.0,0.31380023373706206,0.03271437754188877,0.0038095962966639974,-0.013247776302810266,0.18671411044364383,0.019466601239078507,0.19052370674030783
sfecla,2013,0.0,0.28468746118861266,0.17760205391923822,0.13452844507104533,0.19706865515831673,0.0559952616692625,0.019466601239078507,0.19052370674030783
sfecla,2013,0.0,0.3002078101201239,0.019711982965611163,0.07597947891038626,0.03917858420468967,0.11454422782992157,0.019466601239078507,0.19052370674030783
sfecla,2013,0.0,0.3391710061137737,0.11216381419443522,0.07587432917480541,0.13163041543351373,0.26639803591511324,0.019466601239078507,0.19052370674030783
sfecla,2013,0.0,0.37584955824582833,0.15290214620772247,0.0581931824204549,0.17236874744680097,0.13233052431985293,0.019466601239078507,0.19052370674030783
sfecla,2013,0.0,0.2694015409331788,0.01715793247247266,0.2159164892394081,0.002308668766605848,-0.025392782499100264,0.019466601239078507,0.19052370674030783
sfecla,2013,0.0,0.31347920561951803,0.03841564353198201,0.06186289589580518,-0.018949042292903506,0.12866081084450265,0.019466601239078507,0.19052370674030783
sfecla,2013,0.0,0.25050870418845445,0.04064810995210255,0.10541654849280135,0.06011471119118106,0.08510715824750648,0.019466601239078507,0.19052370674030783
sfecla,2013,0.0,0.32708403211681986,0.04277093130433318,0.30693514587141113,0.06223753254341169,-0.1164114391311033,0.019466601239078507,0.19052370674030783
sfecla,2013,0.0,0.2495783985743,0.12369732238547737,0.3464024007388362,-0.10423072114639886,-0.15587869399852838,0.019466601239078507,0.19052370674030783
sfecla,2013,0.0,0.586721860712772,0.36941488296936154,0.4258702781706569,-0.34994828173028303,-0.2353465714303491,0.019466601239078507,0.19052370674030783
sfecla,2013,0.0,0.3556350771119507,0.0028102098653350893,0.5153433278847483,0.022276811104413596,-0.3248196211444405,0.019466601239078507,0.19052370674030783
sfecla,2013,0.0,0.48190117837713614,0.22684074473282845,0.24712263074129215,0.24630734597190695,0.4376463374816,0.019466601239078507,0.19052370674030783
sfecla,2014,0.0,0.4816223801580244,0.3235425294310499,0.3088413696454273,0.11034750358546397,0.09034016218573804,-0.21319502584558592,-0.21850120745968926
sfecla,2014,0.0,0.37270074842853695,0.38379752881288987,0.586092175890526,0.17060250296730395,0.3675909684308367,-0.21319502584558592,-0.21850120745968926
sfecla,2014,0.0,0.5208800174660919,0.3197315772041156,0.21832634679889118,0.10653655135852969,-0.00017486066079808182,-0.21319502584558592,-0.21850120745968926
sfecla,2014,0.0,0.38473680245799696,0.2895610025062263,0.4143015087983075,0.07636597666064038,0.19580030133861825,-0.21319502584558592,-0.21850120745968926
sfecla,2014,0.0,0.3426898382697784,0.19465892712087296,0.2370964833801299,-0.018536098724712957,0.018595275920440635,-0.21319502584558592,-0.21850120745968926
sfecla,2014,0.0,0.3002330157967569,0.16201754478718033,0.1261952828430486,-0.05117748105840558,-0.09230592461664067,-0.21319502584558592,-0.21850120745968926
sfecla,2014,0.0,0.33675936288402497,0.029195834156103828,0.07929902087161977,-0.1839991916894821,-0.1392021865880695,-0.21319502584558592,-0.21850120745968926
sfecla,2014,0.0,0.37251306115088983,0.08359415032697193,0.3706842205403902,-0.129600875518614,0.15218301308070092,-0.21319502584558592,-0.21850120745968926
sfecla,2014,0.0,0.34024512654590894,0.2818583908126895,0.2518259180944016,0.06866336496710357,0.03332471063471232,-0.21319502584558592,-0.21850120745968926
sfecla,2014,0.0,0.3634410838229561,0.17858914213899624,0.041004803281333935,-0.03460588370658968,-0.17749640417835533,-0.21319502584558592,-0.21850120745968926
sfecla,2014,0.0,0.2004747904188195,0.20507644875277986,0.11026612688576076,-0.008118577092806056,-0.1082350805739285,-0.21319502584558592,-0.21850120745968926
sfecla,2014,0.0,0.29243763610848406,0.11464618780242208,0.27286987406278307,-0.09854883804316383,-0.49137108152247233,-0.21319502584558592,-0.21850120745968926
sfecla,2014,0.0,0.36414299052917876,0.20526607214031678,0.369452314008905,-0.007928953705269137,0.15095110654921573,-0.21319502584558592,-0.21850120745968926
sfecla,2015,0.0,0.7751174885043713,1.0441221530172804,0.7573182367236866,0.5958058461592373,0.2934008767883043,-0.44831630685804313,-0.4639173599353823
sfecla,2015,0.0,0.5208156848621783,0.43419816023558866,0.22249009219305194,-0.014118146622454475,-0.24142726774233036,-0.44831630685804313,-0.4639173599353823
sfecla,2015,0.0,0.4793686148711983,0.11734125303683385,0.1298546499342681,-0.3309750538212093,-0.3340627100011142,-0.44831630685804313,-0.4639173599353823
sfecla,2015,0.0,0.7788687753752153,0.390709730883799,0.5606187935609865,-0.05760657597424412,0.09670143362560424,-0.44831630685804313,-0.4639173599353823
sfecla,2015,0.0,0.5509906242168695,0.25009150490182463,0.16783198737405325,-0.1982248019562185,-0.29608537256132905,-0.44831630685804313,-0.4639173599353823
sfecla,2015,0.0,0.9249227869886845,0.7803351185510543,0.9296515131758145,0.3320188116930112,0.4657341532404322,-0.44831630685804313,-0.4639173599353823
sfecla,2015,0.0,0.8983018380689931,0.4210753154001745,0.31504153879623775,-0.027240991457868624,-0.14887582113914455,-0.44831630685804313,-0.4639173599353823
sfecla,2015,0.0,1.0603021215497088,0.7571603478706121,0.7985174778064623,0.308844041012569,0.33460011787108,-0.44831630685804313,-0.4639173599353823
sfecla,2015,0.0,0.46163458091316467,0.4861510011544192,0.46482140548075446,0.03783469429637609,0.0009040455453721563,-0.44831630685804313,-0.4639173599353823
sfecla,2015,0.0,1.0007305707125096,0.5237132646998415,0.7869066340126567,0.07539695784179834,0.3229892740772744,-0.44831630685804313,-0.4639173599353823
sfecla,2015,0.0,0.9553565413780856,0.6911795312890829,0.8178897442793893,0.2428632244310398,0.353972384344007,-0.44831630685804313,-0.4639173599353823
sfecla,2015,0.0,1.2144008542960605,0.3584423604964888,0.36437897877333114,-0.08987394636155432,-0.09953838116205116,-0.44831630685804313,-0.4639173599353823
sfecla,2015,0.0,0.7798331338620492,0.293461666356607,0.4148726086062222,-0.7417779732146501,-0.8787899685416045,-0.44831630685804313,-0.4639173599353823
sfecla,2015,0.0,0.7276584811351599,0.3153702208322047,0.5943945955908854,-0.13294608602583846,0.13047723565550307,-0.44831630685804313,-0.4639173599353823
sfecla,2016,0.0,0.17319620255848936,0.09128131713843146,0.11127193004533353,-0.1270224569692715,-0.25495260601012504,-0.03574113983084004,-0.1436806759647915
sfecla,2016,0.0,0.21323260128315785,0.054198156249761986,0.09871693916439028,0.018457016418921945,-0.04496373680040122,-0.03574113983084004,-0.1436806759647915
sfecla,2016,0.0,0.21915204217669784,0.1288404522741784,0.2641045132647948,-0.16458159210501844,-0.4077851892295863,-0.03574113983084004,-0.1436806759647915
sfecla,2016,0.0,0.18075312761043666,0.10233124549919292,0.04631057770649427,-0.13807238533003297,-0.09737009825829723,-0.03574113983084004,-0.1436806759647915
sfecla,2016,0.0,0.2623005016641101,0.2738170380615861,0.46406472415721023,0.23807589823074604,0.3203840481924187,-0.03574113983084004,-0.1436806759647915
sfecla,2016,0.0,0.23950807514990463,0.05470602841756822,0.04362652582970927,-0.09044716824840826,-0.18730720179450078,-0.03574113983084004,-0.1436806759647915
sfecla,2016,0.0,0.1907364427931605,0.3206602857319023,0.2594061974773174,-0.35640142556274235,-0.4030868734421089,-0.03574113983084004,-0.1436806759647915
sfecla,2016,0.0,0.1890013506953231,0.11183971445055096,0.34709589718309974,0.07609857461971092,0.20341522121830824,-0.03574113983084004,-0.1436806759647915
sfecla,2016,0.0,0.17674834643004705,0.1401716489131264,0.08744020712361689,-0.17591278874396643,-0.2311208830884084,-0.03574113983084004,-0.1436806759647915
sfecla,2016,0.0,0.2320486729284652,0.2468720819674619,0.36260168813273985,0.21113094213662187,0.21892101216794835,-0.03574113983084004,-0.1436806759647915
sfecla,2016,0.0,0.1419823390476585,0.12602997678161998,0.30550752547615634,0.09028883695077994,0.16182684951136483,-0.03574113983084004,-0.1436806759647915
sfecla,2016,0.0,0.2091649623459987,0.07751574072341327,0.5788110800771831,0.04177460089257323,0.43513040411239157,-0.03574113983084004,-0.1436806759647915
sfecla,2016,0.0,0.19835872238257884,0.4966381826434034,0.4400879188171647,0.4608970428125634,0.2964072428523732,-0.03574113983084004,-0.1436806759647915
sfecla,2016,0.0,0.39305654675389246,0.09677406760197638,0.06719271929871695,0.061032927771136336,-0.21087339526350846,-0.03574113983084004,-0.1436806759647915
sfecla,2016,0.0,0.4500875571142805,0.10957688304280033,0.3450558817969194,-0.14531802287364037,0.20137520583212787,-0.03574113983084004,-0.1436806759647915
sfecla,2017,0.0,0.41760923462082306,0.26077298729207055,0.12076794952286996,0.06792702502709602,0.009923378412903361,-0.19284596226497452,0.13069132793577332
sfecla,2017,0.0,0.365198125012821,0.3391765264863267,0.08519575903813159,0.14633056422135216,0.045495568897641725,-0.19284596226497452,0.13069132793577332
sfecla,2017,0.0,0.3470345669323785,0.23269651245228218,0.09874226731066127,0.039850550187307654,0.03194906062511205,-0.19284596226497452,0.13069132793577332
sfecla,2017,0.0,0.2786825267595633,0.3233589912551196,0.2170743407852953,0.13051302899014505,0.3477656687210686,-0.19284596226497452,0.13069132793577332
sfecla,2017,0.0,0.39280969556280193,0.03342972716118897,0.35456331138190045,-0.15941623510378555,-0.22387198344612713,-0.19284596226497452,0.13069132793577332
sfecla,2017,0.0,0.521177037574281,0.2984908791686136,0.12444486403264676,0.10564491690363909,0.2551361919684201,-0.19284596226497452,0.13069132793577332
sfecla,2017,0.0,0.4115172325914024,0.2253078250392937,0.02604626216489425,0.03246186277431917,0.10464506577087906,-0.19284596226497452,0.13069132793577332
sfecla,2017,0.0,0.295411572537834,0.35981043373792687,0.05878338667207217,0.16696447147295235,0.18947471460784548,-0.19284596226497452,0.13069132793577332
sfecla,2017,0.0,0.30125412697031767,0.059851827815835534,0.266501524405486,-0.25269779008081006,-0.1358101964697127,-0.19284596226497452,0.13069132793577332
sfecla,2017,0.0,0.41781205890161077,0.2857474100323696,0.02677483480533116,0.09290144776739506,0.15746616274110448,-0.19284596226497452,0.13069132793577332
sfecla,2017,0.0,0.28216396419026113,0.5268661245403123,0.06119679705251713,0.3340201622753378,0.19188812498829044,-0.19284596226497452,0.13069132793577332
sfecla,2017,0.0,0.6737199566250351,0.33365937232510134,0.8264031306536967,-0.5265053345900759,-0.6957118027179234,-0.19284596226497452,0.13069132793577332
sfecla,2017,0.0,0.42302590240259513,0.15397151125476327,0.698915352359835,-0.3468174735197378,-0.5682240244240617,-0.19284596226497452,0.13069132793577332
sfecla,2017,0.0,0.36533921495186616,0.36166876593983144,0.15918274238875707,0.1688228036748569,0.2898740703245304,-0.19284596226497452,0.13069132793577332
sfecla,2018,0.0,0.6695884133031927,0.61538057692003,0.4569051534446489,0.4892905805288912,0.17674815759184792,-0.12608999639113883,-0.28015699585280096
sfecla,2018,0.004451654387658266,0.3193330992415783,0.2854297773187797,0.5272367270916725,0.1593397809276409,0.2470797312388715,-0.12608999639113883,-0.28015699585280096
sfecla,2018,0.0,0.4589059748189187,0.11707839950631893,0.03580787106051275,-0.009011596884819895,-0.2443491247922882,-0.12608999639113883,-0.28015699585280096
sfecla,2018,0.002071560264599981,0.3991181493074237,0.15269194421361565,0.016256225184541506,-0.2787819406047545,-0.29641322103734247,-0.12608999639113883,-0.28015699585280096
sfecla,2018,0.0,0.7865885667330776,0.09277773519713328,0.5058008474105282,-0.033312261194005544,0.22564385155772726,-0.12608999639113883,-0.28015699585280096
sfecla,2018,0.0,0.8592800850564579,0.48065973172459664,0.6591062163258732,0.3545697353334578,0.3789492204730722,-0.12608999639113883,-0.28015699585280096
sfecla,2018,0.0,0.6796243753539757,0.013738653704367998,0.411665894785485,-0.13982865009550682,0.13150889893268403,-0.12608999639113883,-0.28015699585280096
sfecla,2018,0.004451654387658266,0.2746727679416102,0.24778117229587426,0.33276037285033055,0.12169117590473544,0.052603376997529594,-0.12608999639113883,-0.28015699585280096
sfecla,2018,0.0,0.43895227561134165,0.18319412780370747,0.018266013626989874,-0.3092841241948463,-0.2618909822258111,-0.12608999639113883,-0.28015699585280096
sfecla,2018,0.0,0.7342558038390913,0.09382846394362598,0.30220016889123524,-0.03226153244751284,0.022043173038434283,-0.12608999639113883,-0.28015699585280096
sfecla,2018,0.0,0.333386235361773,0.18648716563074696,0.2712737045863305,0.06039716923960814,-0.008883291266470472,-0.12608999639113883,-0.28015699585280096
sfecla,2018,0.0,0.9682081467561726,0.3597473163348077,0.1039970673114059,-0.48583731272594655,-0.38415406316420686,-0.12608999639113883,-0.28015699585280096
sfecla,2018,0.0,1.1000899331403762,0.18604472662340843,0.4815996230096937,-0.31213472301454726,-0.7617566188624947,-0.12608999639113883,-0.28015699585280096
sfecla,2018,0.0,1.2495778285200374,0.541253695618737,1.0030278873712462,0.4151636992275982,0.7228708915184452,-0.12608999639113883,-0.28015699585280096
sfecla,2019,0.0,0.16931550339061838,0.10190606865139351,0.27742620800927753,-0.018683573689378896,-0.3295226122727204,-0.12058964234077241,-0.052096404263442864
sfecla,2019,0.0,0.34193769701993354,0.02143005774299045,0.11519264747614955,-0.09915958459778196,0.06309624321270668,-0.12058964234077241,-0.052096404263442864
sfecla,2019,0.0,0.3120929072346585,0.25936148482269505,0.11882283992646592,0.13877184248192265,0.06672643566302305,-0.12058964234077241,-0.052096404263442864
sfecla,2019,0.0,0.26704834249173237,0.04219520193674331,0.1143483557188123,-0.16278484427751572,-0.16644475998225516,-0.12058964234077241,-0.052096404263442864
sfecla,2019,0.0,0.2945259083994355,0.18953093571618052,0.11300751873928849,0.06894129337540811,0.06091111447584563,-0.12058964234077241,-0.052096404263442864
sfecla,2019,0.0,0.24834433403854278,0.02665865780675336,0.16824234301494112,-0.14724830014752577,-0.22033874727838398,-0.12058964234077241,-0.052096404263442864
sfecla,2019,0.0,0.23770750294914494,0.1903460457321744,0.17671043219181382,0.06975640339140199,0.12461402792837095,-0.12058964234077241,-0.052096404263442864
sfecla,2019,0.0,0.23160695670949155,0.39914594728682484,0.3914844848363135,-0.5197355896275972,-0.44358088909975635,-0.12058964234077241,-0.052096404263442864
sfecla,2019,0.0,0.29530839369887824,0.11852163604647803,0.05356898984071812,-0.0020680062942943778,0.0014725855772752539,-0.12058964234077241,-0.052096404263442864
sfecla,2019,0.0,0.11605247942268573,0.4904831837775143,0.3516256017362984,0.3698935414367419,0.29952919747285556,-0.12058964234077241,-0.052096404263442864
sfecla,2019,0.0,0.1983680830730242,0.08594912407555455,0.008317508802676343,-0.03464051826521786,-0.06041391306611921,-0.12058964234077241,-0.052096404263442864
sfecla,2019,0.0,0.21265507930553448,0.6741049679807594,0.6441094865970509,0.553515325639987,0.592013082333608,-0.12058964234077241,-0.052096404263442864
sfecla,2019,0.0,0.3975508153785751,0.09596834708537916,0.06403463929899544,-0.21655798942615156,0.01193823503555258,-0.12058964234077241,-0.052096404263442864
sfecla,2020,0.0,0.20119709278954345,0.6098858734536883,0.9756558205053727,-0.3960895370979003,-0.8461631356859574,0.21379633635578799,0.12949268481941534
sfecla,2020,0.0,0.15031969327183944,0.28498334664216607,0.0220761372830367,-0.07118701028637808,0.10741654753637864,0.21379633635578799,0.12949268481941534
sfecla,2020,0.0,0.17192163335177216,0.06420829384492865,0.088452552118647,0.14958804251085933,0.04104013270076834,0.21379633635578799,0.12949268481941534
sfecla,2020,0.0,0.34643732775351055,0.025266802997862214,0.11706651649543609,0.2390631393536502,0.24655920131485143,0.21379633635578799,0.12949268481941534
sfecla,2020,0.0,0.1899687524870767,0.19162776007219318,0.06280954588763787,0.02216857628359481,0.06668313893177746,0.21379633635578799,0.12949268481941534
sfecla,2020,0.0,0.2086866374529635,0.5865362220662282,0.3590531260720109,-0.37273988571044026,-0.22956044125259556,0.21379633635578799,0.12949268481941534
sfecla,2020,0.0,0.20101388045902033,0.11690859060172087,0.18809807976035664,0.33070492695750886,0.317590764579772,0.21379633635578799,0.12949268481941534
sfecla,2020,0.0,0.283206568635329,0.02069700502035854,0.04496013626214079,0.23449334137614652,0.17445282108155613,0.21379633635578799,0.12949268481941534
sfecla,2020,0.0,0.19571477022295392,0.027140088252168404,0.18980690113269283,0.2409364246079564,0.31929958595210817,0.21379633635578799,0.12949268481941534
sfecla,2020,0.0,0.22314285727943872,0.13553506223361378,0.004501445522806513,0.07826127412217421,0.12499123929660882,0.21379633635578799,0.12949268481941534
sfecla,2020,0.0,0.1830919882067362,0.6689956284729588,0.4518025392746825,-0.4551992921171708,-0.32230985445526716,0.21379633635578799,0.12949268481941534
sfecla,2021,0.0,0.3934507701869986,0.07682848182953794,0.4802847385929141,0.023650195445292788,0.1501145475385659,-0.053178286384245155,-0.3301701910543482
sfecla,2021,0.0,0.34784966800608463,0.2161532771367174,0.3717623270715471,0.16297499075247224,0.04159213601719891,-0.053178286384245155,-0.3301701910543482
sfecla,2021,0.0,0.392117211797158,0.0030018848604749238,0.30450352777945167,-0.05017640152377023,-0.02566666327489653,-0.053178286384245155,-0.3301701910543482
sfecla,2021,0.0,0.24467109677660304,0.032112664064572805,0.29225738327742334,-0.02106562231967235,-0.03791280777692485,-0.053178286384245155,-0.3301701910543482
sfecla,2021,0.0,0.26495131508361996,0.08929439719853693,0.31430615361765746,0.03611611081429178,-0.015864037436690737,-0.053178286384245155,-0.3301701910543482
sfecla,2021,0.0,0.25412024744679296,0.08795956240236702,0.3381369300977557,0.034781276018121865,0.0079667390434075,-0.053178286384245155,-0.3301701910543482
sfecla,2021,0.0,0.4074126682030223,0.052761525763616035,0.3945683963107083,-0.00041676062062911967,0.06439820525636009,-0.053178286384245155,-0.3301701910543482
sfecla,2021,0.0,0.40440377715058384,0.06650915413595104,0.20860506386891142,-0.1196874405201962,-0.12156512718543677,-0.053178286384245155,-0.3301701910543482
sfecla,2021,0.0,0.4490392018209671,0.061915490439043985,0.2381703661156429,-0.11509377682328914,-0.09199982493870529,-0.053178286384245155,-0.3301701910543482
sfecla,2021,0.0,0.4204153572752804,0.10209571516162175,0.35910702381146375,0.04891742877737659,0.02893683275711556,-0.053178286384245155,-0.3301701910543482
sfecla,2022,0.0,0.28459932475768895,0.10022915534750076,0.04639594770080091,0.04449067156308839,0.10158711663444286,-0.055738483784412374,0.055191168933641954
sfecla,2022,0.0,0.15254882948480872,0.28955969148139804,0.7166853972694076,-0.3452981752658104,-0.6614942283357657,-0.055738483784412374,0.055191168933641954
sfecla,2022,0.0,0.21334533345837842,0.10524291937746266,0.003830603612633432,0.04950443559305029,0.05136056532100852,-0.055738483784412374,0.055191168933641954
sfecla,2022,0.0,0.16087238764629516,0.15168678087438892,0.16849787572737185,0.09594829708997654,0.2236890446610138,-0.055738483784412374,0.055191168933641954
sfecla,2022,0.0,0.3193672295207056,0.22673365577364102,0.040490838284878095,0.17099517198922864,0.09568200721852005,-0.055738483784412374,0.055191168933641954
sfecla,2022,0.0,0.1944765505932904,0.18961453085800084,0.019183650435672384,0.13387604707358847,0.07437481936931434,-0.055738483784412374,0.055191168933641954
sfecla,2022,0.0,0.37500432053922705,0.02614477781870761,0.1262155018371951,-0.08188326160311998,-0.07102433290355314,-0.055738483784412374,0.055191168933641954
sfecla,2022,0.0,0.2422302686138596,0.009540498395690378,0.06545248196626652,-0.046197985388721996,-0.010261313032624564,-0.055738483784412374,0.055191168933641954
sfecla,2022,0.0,0.3778245365366293,0.034303282733127105,0.14089515213400272,-0.02143520105128527,0.19608632106764468,-0.055738483784412374,0.055191168933641954
sfecla,2023,0.0,0.34109995396339565,0.07556745232917095,0.17758133906628082,-0.028985011004876604,-0.20916640581235502,-0.10455246333404755,-0.0315850667460742
sfecla,2023,0.0,0.24222774768157232,0.18653324402460836,0.18921949678910988,0.0819807806905608,0.15763443004303568,-0.10455246333404755,-0.0315850667460742
sfecla,2023,0.0,0.25749374392981234,0.03684371911673434,0.23773723973950478,-0.06770874421731321,-0.269322306485579,-0.10455246333404755,-0.0315850667460742
sfecla,2023,0.0,0.2734487341857848,0.23494003751988934,0.22210363855745818,0.1303875741858418,0.19051857181138399,-0.10455246333404755,-0.0315850667460742
sfecla,2023,0.0,0.3853891433308707,0.023423701731710267,0.3728969581074608,-0.08112876160233728,0.3413118913613866,-0.10455246333404755,-0.0315850667460742
sfecla,2023,0.0,0.3572892555625381,0.059119461271184726,0.12363352967265051,-0.045433002062862826,-0.1552185964187247,-0.10455246333404755,-0.0315850667460742
sfecla,2023,0.0,0.3108496411926131,0.13586960090975353,0.0818059739357535,0.03131713757570598,0.05022090718967931,-0.10455246333404755,-0.0315850667460742
sfecla,2023,0.0,0.3571462415368172,0.11272323279983176,0.11160357031451973,0.008170769465784211,-0.14318863706059393,-0.10455246333404755,-0.0315850667460742
sfecla,2023,0.0,0.3911529280013827,0.03999802436454658,0.0088780630792904,-0.14455048769859413,-0.0404631298253646,-0.10455246333404755,-0.0315850667460742
sfecla,2023,0.0,0.2643480338412486,0.2205022080021326,0.10925834194320405,0.11594974466808505,0.07767327519712985,-0.10455246333404755,-0.0315850667460742
sfecla,2024,0.0,0.47980045233560975,0.3738808103360789,0.4547431136675453,0.21633751837761306,0.09481941207014355,0.590218328713692,0.5495625257376888
sfecla,2024,0.0,0.506186293087788,0.2182708696745621,0.17759348435592148,0.37194745903912985,0.37196904138176734,0.590218328713692,0.5495625257376888
sfecla,2024,0.0,0.70165554334276,1.1884879400752286,1.2687355911227822,-0.5982696113615367,-0.7191730653850934,0.590218328713692,0.5495625257376888
sfecla,2024,0.0,0.7220035011296129,0.45508653138578037,0.5396712352076678,0.13513179732791158,0.009891290530021024,0.590218328713692,0.5495625257376888
sfecla,2024,0.0,1.1136899040661674,0.7304815734564256,0.570814573021746,-0.14026324474273366,-0.021252047284057163,0.590218328713692,0.5495625257376888
sfecla,2024,0.0,1.0317901498902464,0.4778546043730829,0.44950638702229906,0.11236372434060904,0.10005613871538976,0.590218328713692,0.5495625257376888
sfecla,2024,0.0,0.49690380595530215,0.724182253849996,0.8431370739791451,-0.13396392513630406,-0.29357454824145623,0.590218328713692,0.5495625257376888
sfecla,2024,0.0,0.7892683623079602,0.22147804241632407,0.20790294018527256,0.3687402862973679,0.34165958555241627,0.590218328713692,0.5495625257376888
sfecla,2024,0.0,0.5818852692948594,1.1097371888039005,1.095619822079808,-0.5195188600902085,-0.5460572963421191,0.590218328713692,0.5495625257376888
sfecla,2024,0.0,0.5840881744160271,0.5384920180241597,0.7265912613301415,0.05172631068953226,-0.1770287355924527,0.590218328713692,0.5495625257376888
sfecla,2024,0.0,0.34019692060961154,0.45444978345508336,0.2891276988577456,0.1357685452586086,0.8386902245954344,0.590218328713692,0.5495625257376888
sfecla,2025,0.0,0.5322174150089182,0.31943177468599426,0.24023883238569343,-0.22652747149420094,-0.27317913983823505,0.09290430319179332,-0.03294030745254162
sfecla,2025,0.0,0.34197425169516116,0.10486541427577833,0.18489619904208698,-0.01196111108398501,0.15195589158954537,0.09290430319179332,-0.03294030745254162
sfecla,2025,0.0,0.2772444510253419,0.0796987869570529,0.08832669942154237,0.17260309014884623,0.05538639196900075,0.09290430319179332,-0.03294030745254162
sfecla,2025,0.0,0.4998576203421382,0.04852179050941352,0.09768063797845805,0.14142609370120685,0.06474033052591643,0.09290430319179332,-0.03294030745254162
sfecla,2025,0.0,0.21127194149837183,0.10368734350622333,0.023313398200065727,-0.010783040314430004,-0.056253705652607344,0.09290430319179332,-0.03294030745254162
sfecla,2025,0.0,0.18303688433562915,0.12294406424543336,0.12465816488295545,0.21584836743722668,0.09171785743041383,0.09290430319179332,-0.03294030745254162
sfecla,2025,0.0,0.20572370761199338,0.36977964257782947,0.06155959475913253,-0.27687533938603615,-0.09449990221167415,0.09290430319179332,-0.03294030745254162
sfecla,2025,0.0,0.71181880291478,0.11840392862540838,0.041845043074433264,-0.02549962543361506,-0.07478535052697488,0.09290430319179332,-0.03294030745254162
sfecla,2025,0.0,0.2724054168638889,0.1368265545059666,0.3350565834532713,0.22973085769775992,0.30211627600072966,0.09290430319179332,-0.03294030745254162
sfecla,2025,0.0,0.27493477716875564,0.3008661244645676,0.1342583418335792,-0.2079618212727743,-0.16719864928612083,0.09290430319179332,-0.03294030745254162
soia,2007,0.0,0.2835189043691188,1.1963814744758574,1.2002909455116477,0.18680106054784362,0.084794874316517,1.383182535023701,1.285085819828165
soia,2007,0.0,0.29043378744042314,0.0809508864218591,0.7523395845579968,1.4641334214455601,2.0374254043861617,1.383182535023701,1.285085819828165
soia,2007,0.0,0.36665030985895564,0.9027271943984507,0.41788471680607,0.4804553406252503,0.8672011030220947,1.383182535023701,1.285085819828165
soia,2007,0.0,0.4529662103907345,2.798426591878762,3.0106452950013542,-1.4152440568550606,-1.7255594751731897,1.383182535023701,1.285085819828165
soia,2007,0.0,0.3729379015429425,0.04605247509808752,0.4034833894659169,1.3371300599256135,1.6885692092940816,1.383182535023701,1.285085819828165
soia,2007,0.0,0.44917684165427163,0.959962906611882,1.0316575318808154,0.42321962841181915,0.2534282879473494,1.383182535023701,1.285085819828165
soia,2007,0.0,0.3218668970220343,2.945288514433151,2.9087297778269185,-1.5621059794094496,-1.6236439579987536,1.383182535023701,1.285085819828165
soia,2007,0.0,0.3362410223896224,0.24372795909073686,0.35412002508035556,1.1394545759329642,1.6392058449085203,1.383182535023701,1.285085819828165
soia,2007,0.0,0.3796565832477867,0.09367255629387161,0.43855274552529,1.4768550913175726,1.7236385653534547,1.383182535023701,1.285085819828165
soia,2007,0.0,0.31956663030370325,0.16494707118607588,0.6621631438532578,1.2182354638376252,1.9472489636814225,1.383182535023701,1.285085819828165
soia,2007,0.0,0.2977580816279162,1.510257511825611,1.5815493711248012,-0.12707497680190988,-0.29646355129663643,1.383182535023701,1.285085819828165
soia,2007,0.0,0.3247537276715267,1.4729327702807353,1.5740150620470925,-0.0897502352570343,-0.2889292422189278,1.383182535023701,1.285085819828165
soia,2007,0.0,0.663267363290099,2.0133699666869553,1.6033197711161211,-0.6301874316632541,-0.3182339512879563,1.383182535023701,1.285085819828165
soia,2007,0.0,0.6798420713150961,1.2954575742208916,0.9297007380836958,0.08772496080280945,0.35538508174446903,1.383182535023701,1.285085819828165
soia,2007,0.0,0.4060684083177555,3.121313105224352,3.43010010185662,-1.738130570200651,-2.1450142820284555,1.383182535023701,1.285085819828165
soia,2007,0.0,0.4155997553281788,2.3226500587770675,2.904912437506028,-0.9394675237533665,-1.619826617677863,1.383182535023701,1.285085819828165
soia,2007,0.0,0.3815152446607272,3.5372035168723786,3.37399638568336,-2.154020981848678,-2.088910565855195,1.383182535023701,1.285085819828165
soia,2007,0.0,0.3778587690946117,1.6414995058971464,1.3882488226705492,-0.2583169708734454,-0.10316300284238444,1.383182535023701,1.285085819828165
soia,2007,0.0,0.4244041222953504,0.23392035057469618,1.2249894448441558,1.149262184449005,0.06009637498400899,1.383182535023701,1.285085819828165
soia,2007,0.0,0.2553156783970112,1.130700540136414,1.6997913519335495,0.25248199488728695,-0.41470553210538474,1.383182535023701,1.285085819828165
soia,2007,0.023583353523566775,0.7393793450906608,1.7198764417319152,1.594972618383577,-0.3366939067082141,-0.30988679855541235,1.383182535023701,1.285085819828165
soia,2007,0.0,0.3698357258302871,1.1696216519235727,0.8930998375774646,0.21356088310012844,0.39198598225070025,1.383182535023701,1.285085819828165
soia,2007,0.0,0.7595113230045571,1.561504566936109,1.3997285346767843,-0.1783220319124078,-0.11464271484861943,1.383182535023701,1.285085819828165
soia,2008,0.0,0.3008573645581825,0.21223576700496727,0.006272588111738475,0.030389985753722204,0.07224154659032367,0.24262575275868947,0.07851413470206214
soia,2008,0.0,0.18746461806304687,0.04853003084942653,0.5598349402286469,0.19409572190926294,0.638349074930709,0.24262575275868947,0.07851413470206214
soia,2008,0.021959048979854234,0.486922753682099,0.2776740457173781,0.3730753587061044,-0.03504829295868861,0.45158949340816656,0.24262575275868947,0.07851413470206214
soia,2008,0.13811575166116308,0.46152201120331127,0.26607926712036667,0.4435815119938429,-0.023453514361677197,0.522095646695905,0.24262575275868947,0.07851413470206214
soia,2008,0.16938724260331384,0.35017006735923717,0.07666294055737133,0.3944840243403842,0.16596281220131814,0.47299815904244635,0.24262575275868947,0.07851413470206214
soia,2008,0.0,0.30728092426129716,0.042849504496605295,0.60694253603782,0.28547525725529477,0.6854566707398821,0.24262575275868947,0.07851413470206214
soia,2008,0.0,0.27022522680115096,0.07570671471310098,0.5266803159230409,0.31833246747179045,0.605194450625103,0.24262575275868947,0.07851413470206214
soia,2008,0.0,0.27888168855958134,1.4877961362999568,1.1469609978272308,-1.2451703835412673,-1.0684468631251687,0.24262575275868947,0.07851413470206214
soia,2008,0.0,0.18897693666397913,0.28701572449872925,0.4035934601933535,-0.04438997174003978,0.48210759489541566,0.24262575275868947,0.07851413470206214
soia,2008,0.0,0.3458120089494813,0.10383860035054004,0.5311687084575851,0.3464643531092295,0.6096828431596473,0.24262575275868947,0.07851413470206214
soia,2008,0.16938724260331384,0.447254145458081,0.2548590319088979,0.32351135468318004,-0.012233279150208443,0.4020254893852422,0.24262575275868947,0.07851413470206214
soia,2008,0.0,0.28014468517982616,0.1943955758707374,0.08219449410503943,0.04823017688795206,0.16070862880710157,0.24262575275868947,0.07851413470206214
soia,2008,0.0,0.3014287943872572,0.48718152208229526,0.5427270057392959,0.7298072748409847,0.621241140441358,0.24262575275868947,0.07851413470206214
soia,2008,0.0,0.22237741932883504,0.5980741400051925,0.5838062350424165,-0.3554483872465031,-0.5052921003403543,0.24262575275868947,0.07851413470206214
soia,2008,0.0,0.25816794817661853,1.2538080467745254,1.2564116616347332,-1.011182294015836,-1.177897526932671,0.24262575275868947,0.07851413470206214
soia,2008,0.0,0.25611013604002003,0.9078610919122483,0.7666569821242553,-0.6652353391535588,-0.6881428474221931,0.24262575275868947,0.07851413470206214
soia,2008,0.0,0.1353348035627609,0.006909461813654261,0.8153140515066022,0.24953521457234373,-0.73679991680454,0.24262575275868947,0.07851413470206214
soia,2008,0.0,0.3685250771154327,0.08698725111142935,0.09146822045929537,0.15563850164726012,-0.012954085757233225,0.24262575275868947,0.07851413470206214
soia,2008,0.0,0.2392682955678677,0.3009913915019027,0.5013792021444927,-0.05836563874321321,-0.4228650674424306,0.24262575275868947,0.07851413470206214
soia,2008,0.0,0.19738488353167574,0.18181386421562973,0.272536021729604,0.4244396169743192,0.35105015643166615,0.24262575275868947,0.07851413470206214
soia,2008,0.0,0.40427884059272745,0.16442727650748212,0.12777051894024005,0.4070530292661716,-0.04925638423817791,0.24262575275868947,0.07851413470206214
soia,2008,0.0,0.3908647163368306,0.5995813137559369,0.3614203316719964,-0.35695556099724746,-0.28290619696993424,0.24262575275868947,0.07851413470206214
soia,2008,0.0,0.25239768205850477,0.3806166225177716,0.8913121255388918,-0.13799086975908215,-0.8127979908368297,0.24262575275868947,0.07851413470206214
soia,2008,0.0,0.3153766341316253,0.347423367018983,0.3958960499854922,0.5900491197776725,-0.31738191528343007,0.24262575275868947,0.07851413470206214
soia,2009,0.0,0.5211313698139923,0.16153603379359827,0.23567367904354541,-0.12322176503179638,-0.13402848365800835,-0.28475779882539465,0.10164519538553707
soia,2009,0.0,0.4398276143374522,0.058415286002734934,0.27235039682964657,-0.3431730848281296,-0.1707052014441095,-0.28475779882539465,0.10164519538553707
soia,2009,0.0,0.2973265204811678,0.05194399959370388,0.046183996693562435,-0.23281379923169077,0.055461198691974634,-0.28475779882539465,0.10164519538553707
soia,2009,0.0,0.2870751392540505,0.08537940799509824,0.14826243533231542,-0.1993783908302964,-0.046617239946778355,-0.28475779882539465,0.10164519538553707
soia,2009,0.0,0.5973022741428886,0.4578023258962709,0.2257473903398397,0.17304452707087625,0.3273925857253768,-0.28475779882539465,0.10164519538553707
soia,2009,0.0,0.21899306550679257,0.17104645805925944,0.017407389201745005,-0.1137113407661352,0.08423780618379206,-0.28475779882539465,0.10164519538553707
soia,2009,0.0,0.4826855902042242,0.29051627517114986,0.3428692567936844,0.005758476345755215,0.4445144521792215,-0.28475779882539465,0.10164519538553707
soia,2009,0.0,0.5090950185541054,0.09796921422529326,0.44503693004770417,-0.3827270130506879,-0.3433917346621671,-0.28475779882539465,0.10164519538553707
soia,2009,0.0,0.4202919905066863,0.23886954561356522,0.41392339483157015,-0.04588825321182943,0.5155685902171072,-0.28475779882539465,0.10164519538553707
soia,2009,0.0,0.40710254854378897,0.18090479323546127,0.08832402563832353,-0.10385300558993338,0.013321169747213535,-0.28475779882539465,0.10164519538553707
soia,2009,0.0,0.2718465222660765,0.1746837746709451,0.07905829857636482,-0.11007402415444956,0.022586896809172252,-0.28475779882539465,0.10164519538553707
soia,2009,0.0,0.5403278665049662,0.1488842221073512,0.1797650818607328,-0.13587357671804345,-0.07811988647519574,-0.28475779882539465,0.10164519538553707
soia,2009,0.0,0.8787566207517548,0.5086036239228313,0.023498588576480905,0.22384582509743667,0.12514378396201797,-0.28475779882539465,0.10164519538553707
soia,2009,0.0,0.5702045212395606,0.6580752101252417,0.9891037002538233,-0.9428330089506365,-0.8874585048682864,-0.28475779882539465,0.10164519538553707
soia,2009,0.0,0.6251107461667511,0.5723430777035037,1.024184807793372,-0.8571008765288983,-0.9225396124078349,-0.28475779882539465,0.10164519538553707
soia,2009,0.0,0.6183534331692467,0.7316211276680995,0.21297224202203813,0.44686332884270485,0.3146174374075752,-0.28475779882539465,0.10164519538553707
soia,2009,0.0,0.3934428478784334,0.791225985533188,0.023769534255873914,0.5064681867077934,0.12541472964141098,-0.28475779882539465,0.10164519538553707
soia,2009,0.0,0.47860523508077535,0.3437658089615543,0.25779535577212487,0.05900801013615964,-0.1561501603865878,-0.28475779882539465,0.10164519538553707
soia,2009,0.0,0.6656897378448194,0.7968811813525083,0.08318325890665035,0.5121233825271136,0.18482845429218742,-0.28475779882539465,0.10164519538553707
soia,2009,0.0,0.5841636552522369,0.4596349892986449,0.07201287604805429,0.17487719047325023,0.029632319337482782,-0.28475779882539465,0.10164519538553707
soia,2009,0.0,0.4895089215927725,0.4467634680917566,0.7197917413316195,0.16200566926636195,-0.6181465459460824,-0.28475779882539465,0.10164519538553707
soia,2009,0.0,0.390507386761651,0.06778197862841906,0.44135177530214587,-0.2169758201969756,-0.3397065799166088,-0.28475779882539465,0.10164519538553707
soia,2009,0.0602196965800883,0.7400099360580261,1.8283871614474352,1.352499330131586,1.5436293626220405,1.454144525517123,-0.28475779882539465,0.10164519538553707
soia,2010,0.0,0.9142711939050144,1.2503568506961855,0.22738041305873002,0.8250123741998663,0.13612083721698243,-0.42534447649631923,-0.0912595758417476
soia,2010,0.0,0.8311141600856082,0.5969736495528106,0.5194660466027801,-1.0223181260491299,-0.6107256224445277,-0.42534447649631923,-0.0912595758417476
soia,2010,0.0,0.1606010583899686,0.06267067065047671,0.06307766060382036,-0.48801514714679595,-0.028181915237927235,-0.42534447649631923,-0.0912595758417476
soia,2010,0.0,0.25549895302564685,0.014440208601064874,0.283331855304195,-0.41090426789525436,0.19207227946244743,-0.42534447649631923,-0.0912595758417476
soia,2010,0.0,0.38401830893723876,0.1590896285315102,0.355666111619493,-0.266254847964809,0.2644065357777454,-0.42534447649631923,-0.0912595758417476
soia,2010,0.0,0.2699185254862559,0.13015496812684235,0.2573358447164851,-0.2951895083694769,0.16607626887473748,-0.42534447649631923,-0.0912595758417476
soia,2010,0.0,0.7181622080832897,0.3299102006371055,0.44377761326269205,-0.09543427585921371,0.35251803742094445,-0.42534447649631923,-0.0912595758417476
soia,2010,0.0,0.7581475570769681,0.29120244252197613,0.17459648244841208,-0.1341420339743431,0.08333690660666448,-0.42534447649631923,-0.0912595758417476
soia,2010,0.0,0.6521439567675122,0.2272875462402042,0.5489485507221468,-0.19805693025611504,0.45768897488039917,-0.42534447649631923,-0.0912595758417476
soia,2010,0.0,0.2226973881884467,0.08553313044559596,0.29265801012973736,-0.3398113460507233,0.20139843428798976,-0.42534447649631923,-0.0912595758417476
soia,2010,0.0,0.7534065275669649,0.22365206451426234,0.5470350606369321,-0.2016924119820569,0.4557754847951845,-0.42534447649631923,-0.0912595758417476
soia,2010,0.0,0.8822450254379884,0.19750511877663657,0.03574394824771243,-0.22783935771968267,-0.055515627594035166,-0.42534447649631923,-0.0912595758417476
soia,2010,0.0,0.3853242309824473,0.30257732692422534,0.16252969959701158,-0.12276714957209389,0.07127012375526398,-0.42534447649631923,-0.0912595758417476
soia,2010,0.0,0.5994247276239847,1.1441063429688711,0.028413178116660553,0.7187618664725519,-0.11967275395840815,-0.42534447649631923,-0.0912595758417476
soia,2010,0.0,0.8610816706730041,0.7862541140436679,0.6509688245721725,0.3609096375473486,0.5597092487304249,-0.42534447649631923,-0.0912595758417476
soia,2010,0.0,0.5570840262345064,1.0373046456290271,0.4342557103407194,0.6119601691327079,0.3429961344989718,-0.42534447649631923,-0.0912595758417476
soia,2010,0.0,0.559528166280628,0.4949389756381495,0.11445085473660299,0.06959449914183025,-0.2057104305783506,-0.42534447649631923,-0.0912595758417476
soia,2010,0.0,0.6772579691148192,1.0836921932646928,0.05884798618365883,0.6583477167683736,-0.15010756202540643,-0.42534447649631923,-0.0912595758417476
soia,2010,0.0,0.8369801313525187,0.7846674854388713,0.00791901432101838,0.3593230089425521,-0.09917859016276598,-0.42534447649631923,-0.0912595758417476
soia,2010,0.0,0.9787030247310444,0.057700876269963564,0.5740703386422974,-0.36764360022635567,-0.665329914484045,-0.42534447649631923,-0.0912595758417476
soia,2010,0.0,0.7514893410385246,0.494756588027061,0.18288075565071304,0.06941211153074178,-0.27414033149246064,-0.42534447649631923,-0.0912595758417476
soia,2010,0.0,0.9104113247293275,0.3696248290028614,0.10662443856806103,-0.05571964749345781,0.015364862726313433,-0.42534447649631923,-0.0912595758417476
soia,2010,0.0,0.9413764909441223,0.2998691276793677,0.29916929584291885,-0.12547534881695155,-0.39042887168466645,-0.42534447649631923,-0.0912595758417476
soia,2010,0.0,0.7807781406942147,0.49028788808372115,0.38667167696536797,0.06494341158740191,0.2954121011236204,-0.42534447649631923,-0.0912595758417476
soia,2010,0.0,0.4159479796587163,1.9044768259579927,0.7201730705862612,1.4791323494616735,0.6289134947445136,-0.42534447649631923,-0.0912595758417476
soia,2010,0.0,0.5136389036385154,0.4407886689122731,1.5328085293978633,-0.8661331454085923,-1.6240681052396109,-0.42534447649631923,-0.0912595758417476
soia,2011,0.0,0.23561954390381873,0.3721596709592736,0.5186834407441434,-0.610347981091518,-0.33213288896095183,-0.2381883101322444,0.18655055178319158
soia,2011,0.0,0.1957487751753368,0.09770947102690375,0.30795022181052545,-0.33589778115914815,-0.12139967002733387,-0.2381883101322444,0.18655055178319158
soia,2011,0.0,0.25406574531303405,0.2952231192740453,0.18114806392835847,0.057034809141800924,0.0054024878548331046,-0.2381883101322444,0.18655055178319158
soia,2011,0.0,0.24743115603609275,0.16727981931682256,0.21357127535692122,-0.07090849081542183,-0.027020723573729644,-0.2381883101322444,0.18655055178319158
soia,2011,0.0,0.23288813711430983,0.43994777241863847,0.12867196244576196,0.20175946228639408,0.05787858933742962,-0.2381883101322444,0.18655055178319158
soia,2011,0.0,0.2092617533638695,0.08647602438497337,0.2585250007579152,-0.15171228574727103,-0.0719744489747236,-0.2381883101322444,0.18655055178319158
soia,2011,0.0,0.21252915158582358,0.073926321987269,0.25449335499492687,-0.1642619881449754,-0.06794280321173529,-0.2381883101322444,0.18655055178319158
soia,2011,0.0,0.24859892208557782,0.3821867979787501,0.23789985363168942,0.1439984878465057,-0.05134930184849784,-0.2381883101322444,0.18655055178319158
soia,2011,0.0,0.2880885128198095,0.42265113863219206,0.05590108691854523,0.18446282849994766,0.2424516387017368,-0.2381883101322444,0.18655055178319158
soia,2011,0.0,0.23179183680143386,0.1382961772252278,0.22825153856262492,-0.0998921329070166,-0.04170098677943335,-0.2381883101322444,0.18655055178319158
soia,2011,0.0,0.19336310744362983,0.28194840716703506,0.041204735699166495,0.04376009703479067,0.22775528748235807,-0.2381883101322444,0.18655055178319158
soia,2011,0.0,0.23187700226748684,0.42370857202598966,0.020142430712097426,0.18552026189374526,0.16640812107109415,-0.2381883101322444,0.18655055178319158
soia,2011,0.0,0.27501063791250074,0.4694894850145328,0.03563387322155309,0.2313011748822884,0.15091667856163848,-0.2381883101322444,0.18655055178319158
soia,2011,0.0,0.19375809474081288,0.18325424770947096,0.5393504108585794,-0.42144255784171536,-0.3527998590753878,-0.2381883101322444,0.18655055178319158
soia,2011,0.0,0.19051947060409036,0.1732487660687605,0.22542521055154596,-0.4114370762010049,-0.038874658768354386,-0.2381883101322444,0.18655055178319158
soia,2011,0.0,0.19160516769440306,0.09142361196232862,1.0088753434634365,-0.14676469816991577,-0.822324791680245,-0.2381883101322444,0.18655055178319158
soia,2011,0.0,0.19061296838253733,0.43253521920841687,0.9291802373086977,-0.6707235293406613,-0.7426296855255061,-0.2381883101322444,0.18655055178319158
soia,2011,0.0,0.22414249848752718,0.6315559434802815,0.03480614019519601,0.39336763334803715,0.2213566919783876,-0.2381883101322444,0.18655055178319158
soia,2011,0.0,0.18374761875446294,0.5402873533709527,0.1856617987061484,0.3020990432387083,0.0008887530770431695,-0.2381883101322444,0.18655055178319158
soia,2011,0.0,0.16579289520934976,0.37879028157702965,0.1074041820270053,0.14060197144478526,0.07914636975618627,-0.2381883101322444,0.18655055178319158
soia,2011,0.0,0.173729697410239,0.3865805307398973,0.4330288308080996,0.1483922206076529,-0.24647827902490804,-0.2381883101322444,0.18655055178319158
soia,2011,0.0,0.17229213269495972,0.6601832091298832,0.6143233413538569,0.42199489899763876,0.8008738931370485,-0.2381883101322444,0.18655055178319158
soia,2011,0.0,0.15584653919777156,0.10217894264758542,0.06858196933898131,-0.13600936748465897,0.2551325211221729,-0.2381883101322444,0.18655055178319158
soia,2011,0.0,0.14031769364729144,1.0032933098132497,0.5218665135876805,0.7651049996810053,0.7084170653708721,-0.2381883101322444,0.18655055178319158
soia,2012,0.08326723541192882,0.7660564033125762,0.29507706511448495,0.2576972030344852,-0.20511428110961538,-0.2591921134958105,-0.5001913462241003,-0.0014949104613253272
soia,2012,0.0,0.5175944174288107,1.4986207812640733,0.6897299703682116,0.998429435039973,0.6882350599068863,-0.5001913462241003,-0.0014949104613253272
soia,2012,0.0,0.46541816148899484,0.5274890728997286,1.7731823829825784,0.027297726675628242,1.7716874725212532,-0.5001913462241003,-0.0014949104613253272
soia,2012,0.0,0.4462960889709235,0.7317161384432087,1.4885334807996813,0.23152479221910838,1.4870385703383557,-0.5001913462241003,-0.0014949104613253272
soia,2012,0.0,0.30496424108571185,0.925855058965205,0.42253070259829073,0.4256637127411047,0.4210357921369654,-0.5001913462241003,-0.0014949104613253272
soia,2012,0.0,0.4529361553859085,0.646375622055201,0.8647916145784302,0.14618427583110072,0.8632967041171049,-0.5001913462241003,-0.0014949104613253272
soia,2012,0.0,0.485640211906685,0.017739810706878356,0.734611191782306,-0.5179311569309787,-0.7361061022436314,-0.5001913462241003,-0.0014949104613253272
soia,2012,0.0,0.39568386511197334,1.25005385544388,0.5583433527321304,0.7498625092197798,0.5568484422708051,-0.5001913462241003,-0.0014949104613253272
soia,2012,0.0,0.47584623596624437,0.6847346765326925,0.42189171132148195,0.18454333030859216,0.4203968008601566,-0.5001913462241003,-0.0014949104613253272
soia,2012,0.0,0.4508923654919954,0.4163116191284262,1.427307666993522,-0.08387972709567415,1.425812756532197,-0.5001913462241003,-0.0014949104613253272
soia,2012,0.0,0.30741651937007164,0.8586581877788066,0.44500487697355706,0.3584668415547063,0.44350996651223173,-0.5001913462241003,-0.0014949104613253272
soia,2012,0.0,0.46369331158142185,0.9229114863768978,0.22614166549273995,0.42272014015279746,0.22464675503141462,-0.5001913462241003,-0.0014949104613253272
soia,2012,0.0,0.3988247280197728,0.9964711592481168,0.5581777971769954,0.49627981302401647,0.5566828867156701,-0.5001913462241003,-0.0014949104613253272
soia,2012,0.3214025663899278,0.9598410109136924,1.082265085061901,2.0014360294481777,-1.5824564312860012,-2.0029309399095028,-0.5001913462241003,-0.0014949104613253272
soia,2012,0.0,0.6488880108432424,0.4441673870602697,1.089888564033854,-0.94435873328437,-1.0913834744951796,-0.5001913462241003,-0.0014949104613253272
soia,2012,0.0,0.6422258844077124,0.41151396156359676,0.22391408747378527,-0.08867738466050357,-0.2254089979351106,-0.5001913462241003,-0.0014949104613253272
soia,2012,0.0,0.5878071387860745,1.962196514149857,0.33789004972589876,1.4620051679257566,0.33639513926457343,-0.5001913462241003,-0.0014949104613253272
soia,2012,0.0,0.5387276231846095,1.0451952239314624,0.04065843552716131,0.5450038777073621,-0.042153345988486635,-0.5001913462241003,-0.0014949104613253272
soia,2012,0.0,0.2530997845469736,0.561742811914814,1.4341755373075815,-1.0619341581389143,-1.4356704477689068,-0.5001913462241003,-0.0014949104613253272
soia,2012,0.0,0.26621420511655336,0.4501284909883665,0.16700658431770243,-0.05006285523573384,-0.16850149477902776,-0.5001913462241003,-0.0014949104613253272
soia,2012,0.0,0.6269692538593798,0.2286314504337767,1.2811934567266898,-0.2715598957903236,-1.2826883671880152,-0.5001913462241003,-0.0014949104613253272
soia,2012,0.0,0.6203237361966215,0.06848048935057283,0.8202894933301621,-0.4317108568735275,-0.8217844037914874,-0.5001913462241003,-0.0014949104613253272
soia,2012,0.016946379685288893,0.7347666607327191,0.10397768867206947,0.790943302171074,-0.6041690348961698,-0.7924382126323993,-0.5001913462241003,-0.0014949104613253272
soia,2012,0.0,0.5161754715582262,0.2940642391259909,0.33583353551872586,-0.20612710709810944,-0.3373284459800512,-0.5001913462241003,-0.0014949104613253272
soia,2013,0.0,0.3409305343676271,0.4334749923709791,1.2245049570277307,0.3560616512942105,1.1663608074662515,-0.07741334107676856,-0.058144149561479175
soia,2013,0.0,0.3297167772153053,0.3340792574990403,0.15454089846184393,0.25666591642227177,0.09639674890036476,-0.07741334107676856,-0.058144149561479175
soia,2013,0.0,0.29896363651524605,0.21674982683611832,0.39932289942765964,-0.2941631679128869,-0.4574670489891388,-0.07741334107676856,-0.058144149561479175
soia,2013,0.0,0.2861160078792953,0.019001413422200297,0.11542622836134431,-0.05841192765456826,-0.17357037792282348,-0.07741334107676856,-0.058144149561479175
soia,2013,0.0,0.22265236225628474,0.3251800407208765,0.028458098971299695,0.2477666996441079,-0.08660224853277887,-0.07741334107676856,-0.058144149561479175
soia,2013,0.0,0.27604296355645436,0.06758636078742342,0.3069999624615445,-0.14499970186419198,-0.36514411202302366,-0.07741334107676856,-0.058144149561479175
soia,2013,0.0,0.33230270958928265,0.23684074867332505,0.0020696798644070924,0.1594274075965565,-0.06021382942588627,-0.07741334107676856,-0.058144149561479175
soia,2013,0.0,0.36780534617923294,0.16378265923872615,0.24080599298167815,0.08636931816195759,-0.2989501425431573,-0.07741334107676856,-0.058144149561479175
soia,2013,0.0,0.26394970974111387,0.10336311873095472,0.06720971574176815,0.025949777654186157,0.009065566180288975,-0.07741334107676856,-0.058144149561479175
soia,2013,0.0,0.26600754535793236,0.07772032730892331,0.255831920828661,-0.15513366838569187,-0.3139760703901402,-0.07741334107676856,-0.058144149561479175
soia,2013,0.0,0.2496145069318886,0.033200384791238324,0.05521036347484243,-0.044212956285530236,-0.1133545130363216,-0.07741334107676856,-0.058144149561479175
soia,2013,0.0,0.3120438244256721,0.21697676879868144,0.004465457105321313,0.13956342772191288,-0.05367869245615786,-0.07741334107676856,-0.058144149561479175
soia,2013,0.0,0.23872741067179773,0.026891967546263995,0.2693670018600054,-0.10430530862303256,-0.32751115142148457,-0.07741334107676856,-0.058144149561479175
soia,2013,0.0,0.312843556731492,0.32514185204156654,0.9440109203650986,-0.4025551931183351,0.8858667708036194,-0.07741334107676856,-0.058144149561479175
soia,2013,0.0,0.5715626031698328,0.7604511140512267,0.7682410107942879,-0.8378644551279952,-0.826385160355767,-0.07741334107676856,-0.058144149561479175
soia,2013,0.0,0.32755005342995613,0.015426573029130086,0.07262794602403777,-0.09283991410589865,0.014483796462558596,-0.07741334107676856,-0.058144149561479175
soia,2013,0.0,0.48958727372804567,0.3478739953663883,0.3334089275798404,0.27046065428961974,-0.3915530771413196,-0.07741334107676856,-0.058144149561479175
soia,2013,0.0,0.42247975836765184,0.38999197553742926,0.07654437002738446,0.3125786344606607,-0.13468851958886363,-0.07741334107676856,-0.058144149561479175
soia,2013,0.0,0.3478155999038136,0.18765487698541272,0.20638914690691612,-0.2650682180621813,-0.2645332964683953,-0.07741334107676856,-0.058144149561479175
soia,2013,0.0,0.471126150351943,0.4902226376168599,0.10430324676239966,0.41280929654009135,0.046159097200920485,-0.07741334107676856,-0.058144149561479175
soia,2013,0.0,0.5290024683206813,0.1803253087275749,0.8440856700237045,-0.25773864980434347,0.7859415204622253,-0.07741334107676856,-0.058144149561479175
soia,2013,0.0,0.2901031457279477,0.46705371823583963,0.921498082380507,0.38964037715907107,0.8633539328190278,-0.07741334107676856,-0.058144149561479175
soia,2014,0.0,0.38555903434198313,0.5231696799088565,0.05431153699206792,0.37416282442234383,-0.25402816533464234,-0.1490068554865127,-0.19971662834257442
soia,2014,0.0,0.2828720280418725,0.027778724738220184,0.6061725601527024,-0.1767855802247329,0.40645593181012796,-0.1490068554865127,-0.19971662834257442
soia,2014,0.0,0.4091693763080067,0.06505916389797806,0.3188396752823146,-0.21406601938449077,0.11912304693974018,-0.1490068554865127,-0.19971662834257442
soia,2014,0.0,0.24564964733206832,0.0887911407456512,0.3151077608296471,-0.2377979962321639,0.11539113248707267,-0.1490068554865127,-0.19971662834257442
soia,2014,0.0,0.34522617370443776,0.020217891651180153,0.4365734793552276,-0.12878896383533256,0.2368568510126532,-0.1490068554865127,-0.19971662834257442
soia,2014,0.0,0.2726906689083843,0.13289407732191227,0.283943255777368,-0.281900932808425,0.08422662743479359,-0.1490068554865127,-0.19971662834257442
soia,2014,0.0,0.3169301212123541,0.06092212186393464,0.37532986075633,-0.20992897735044735,0.1756132324137556,-0.1490068554865127,-0.19971662834257442
soia,2014,0.0,0.27957595315572464,0.2898435800944861,0.32772309048007475,0.14083672460797336,0.12800646213750033,-0.1490068554865127,-0.19971662834257442
soia,2014,0.0,0.32544191634166714,0.10645262541596034,0.6848190260672209,-0.25545948090247306,0.4851023977246465,-0.1490068554865127,-0.19971662834257442
soia,2014,0.0,0.3197611111709518,0.05763367772867056,0.35442463161614235,-0.09137317775784215,0.15470800327356793,-0.1490068554865127,-0.19971662834257442
soia,2014,0.0,0.27876924741683984,0.08522317590469042,0.4203690137127629,-0.23423003139120313,0.2206523853701885,-0.1490068554865127,-0.19971662834257442
soia,2014,0.0,0.3487349782259714,0.09237951092133612,0.20421620739818902,-0.056627344565176596,0.0044995790556146,-0.1490068554865127,-0.19971662834257442
soia,2014,0.0,0.19102063504303435,0.11086870220464773,0.20137608283168706,-0.038138153281864984,0.001659454489112644,-0.1490068554865127,-0.19971662834257442
soia,2014,0.0,0.3455129921968614,0.38043892710662375,0.33683809074540694,0.23143207162011104,0.13712146240283252,-0.1490068554865127,-0.19971662834257442
soia,2014,0.0,0.33299693336039515,0.4696184498169029,0.38909559157135964,0.3206115943303902,0.18937896322878522,-0.1490068554865127,-0.19971662834257442
soia,2014,0.0,0.14310025873260968,0.4746272519901886,0.10019924063924535,0.3256203965036759,-0.29991586898181977,-0.1490068554865127,-0.19971662834257442
soia,2014,0.0,0.23132333539861386,0.32848967217307323,0.216159054381297,0.17948281668656052,-0.41587568272387143,-0.1490068554865127,-0.19971662834257442
soia,2014,0.0,0.26457571933331836,0.005524692688361643,0.012204701731049816,-0.14348216279815107,-0.21192133007362424,-0.1490068554865127,-0.19971662834257442
soia,2014,0.0,0.2348583144640509,0.35213545375636435,0.27266303546405046,0.20312859826985163,-0.4723796638066249,-0.1490068554865127,-0.19971662834257442
soia,2014,0.0,0.35125667547958406,0.25592004998848017,0.45165887833581664,0.10691319450196746,0.2519422499932422,-0.1490068554865127,-0.19971662834257442
soia,2014,0.0,0.38206456750238615,1.3377959172836147,1.5408594801760769,-1.4868027727701272,-1.7405761085186513,-0.1490068554865127,-0.19971662834257442
soia,2014,0.0,0.30106778523048366,0.47556004966876686,0.27519667439819573,0.32655319418225415,0.07548004605562131,-0.1490068554865127,-0.19971662834257442
soia,2014,0.0,0.39007820488799,0.14522839299507195,0.0043134408595997265,-0.29423524848158467,-0.20403006920217415,-0.1490068554865127,-0.19971662834257442
soia,2014,0.0,0.29768000030911423,1.0241270351062137,0.6525510935608787,0.875120179619701,0.4528344652183043,-0.1490068554865127,-0.19971662834257442
soia,2014,0.0,0.35792999616841004,0.054799442935738574,0.3132504434343444,-0.09420741255077414,-0.5129670717769188,-0.1490068554865127,-0.19971662834257442
soia,2014,0.0,0.4341536129935468,1.008969515076476,1.0723582977133548,0.8599626595899632,0.8726416693707804,-0.1490068554865127,-0.19971662834257442
soia,2015,0.0,0.4752311706338716,0.9082522500643944,0.6045497939990792,0.44107125202782793,0.26623596893814927,-0.46718099803656643,-0.3383138250609299
soia,2015,0.0,0.6720330792889653,0.7136623795181527,0.7619126591550089,0.24648138148158627,0.42359883409407906,-0.46718099803656643,-0.3383138250609299
soia,2015,0.0,0.46315980617224894,0.12689037756269173,0.06570319768416422,-0.3402906204738747,-0.4040170227450941,-0.46718099803656643,-0.3383138250609299
soia,2015,0.0,0.4156391025152798,0.31707825659751876,0.029194531812877678,-0.15010274143904767,-0.3091192932480522,-0.46718099803656643,-0.3383138250609299
soia,2015,0.0,0.4542722079635181,0.347266837639274,0.37778014175430785,-0.11991416039729241,0.03946631669337797,-0.46718099803656643,-0.3383138250609299
soia,2015,0.0,0.4666401590943643,0.03710599850532259,0.17724440124612406,-0.43007499953124384,-0.515558226307054,-0.46718099803656643,-0.3383138250609299
soia,2015,0.0,0.7046294285700268,0.7373406958747262,0.8827440044090642,0.27015969783815974,0.5444301793481343,-0.46718099803656643,-0.3383138250609299
soia,2015,0.0,0.7598111925249257,0.7919739432307429,0.43261439512305655,0.32479294519417645,0.09430057006212667,-0.46718099803656643,-0.3383138250609299
soia,2015,0.0,0.6751569907564525,0.5401486020950637,1.109247828865953,0.07296760405849723,0.7709340038050232,-0.46718099803656643,-0.3383138250609299
soia,2015,0.0,0.41685128148477874,0.08838546236483236,0.22444183622911873,-0.3787955356717341,-0.5627556612900486,-0.46718099803656643,-0.3383138250609299
soia,2015,0.0,0.6031657911984569,0.2211165941850426,0.35494464843030893,-0.24606440385152384,0.016630823369379044,-0.46718099803656643,-0.3383138250609299
soia,2015,0.0,0.7354026293220534,0.5618308959605665,0.8105988129446275,0.09464989792400003,0.47228498788369766,-0.46718099803656643,-0.3383138250609299
soia,2015,0.0,0.7617962667275849,0.3866713670856563,0.06784756789965618,-0.08050963095091013,-0.2704662571612737,-0.46718099803656643,-0.3383138250609299
soia,2015,0.0,0.626069719089729,0.7326911501797606,0.3997252261958266,0.2655101521431942,0.06141140113489674,-0.46718099803656643,-0.3383138250609299
soia,2015,0.0,0.7788939071201062,1.1705175003638926,1.0859372228491115,-1.637698498400459,-1.4242510479100414,-0.46718099803656643,-0.3383138250609299
soia,2015,0.0,0.7434225069164301,0.5266410013816061,0.5831587915334253,0.05946000334503965,0.24484496647249543,-0.46718099803656643,-0.3383138250609299
soia,2015,0.0,0.6808222770319159,0.2693888540634599,0.034592979022446846,-0.19779214397310652,-0.30372084603848304,-0.46718099803656643,-0.3383138250609299
soia,2015,0.0,0.5640431900129373,0.7067451031636354,0.14751125130077303,0.23956410512706894,-0.19080257376015686,-0.46718099803656643,-0.3383138250609299
soia,2015,0.0,0.5174357517151973,1.5616932633496308,1.202599838074232,1.0945122653130643,0.8642860130133021,-0.46718099803656643,-0.3383138250609299
soia,2015,0.0,0.550178661027307,0.26369816554759096,0.041374780581508785,-0.20348283248897547,-0.2969390444794211,-0.46718099803656643,-0.3383138250609299
soia,2015,0.0,0.6938593615420542,0.1921750598750892,0.0377661695893694,-0.2750059381614772,-0.3760799946502993,-0.46718099803656643,-0.3383138250609299
soia,2015,0.0,0.686924959219528,0.8037768931694098,0.6770808765213485,0.3365958951328434,0.33876705146041863,-0.46718099803656643,-0.3383138250609299
soia,2015,0.0,0.6834599901442714,1.0210685709805727,0.6595277188379738,0.5538875729440063,0.3212138937770439,-0.46718099803656643,-0.3383138250609299
soia,2015,0.0,0.7310795217393702,0.0043447168775059275,0.20683566373804108,-0.4628362811590605,-0.545149488798971,-0.46718099803656643,-0.3383138250609299
soia,2015,0.0,0.6122336478966502,0.9900960120057982,1.0787682713976927,0.5229150139692318,0.7404544463367628,-0.46718099803656643,-0.3383138250609299
soia,2016,0.0,0.2972594989193994,0.18103427860497945,0.11410400181228875,0.14168100047968935,0.22456058670942491,-0.0393532781252901,0.11045658489713617
soia,2016,0.0,0.22038034490934627,0.3251338504413481,0.4644817117749094,-0.36448712856663823,-0.3540251268777732,-0.0393532781252901,0.11045658489713617
soia,2016,0.0,0.1445312684747487,0.5934562940670474,0.6244877711033672,-0.6328095721923375,-0.514031186206231,-0.0393532781252901,0.11045658489713617
soia,2016,0.0,0.16453539960222602,0.04623036407254677,0.1287508552982768,0.006877085947256667,-0.018294270401140622,-0.0393532781252901,0.11045658489713617
soia,2016,0.0,0.13990032646641448,0.11503117445517486,0.7121296305217846,-0.15438445258046496,-0.6016730456246484,-0.0393532781252901,0.11045658489713617
soia,2016,0.0,0.1533254285736088,0.22603769508892047,0.364314311811722,-0.26539097321421057,-0.25385772691458586,-0.0393532781252901,0.11045658489713617
soia,2016,0.0,0.19574138355407017,0.16704509610094664,0.1401611754847769,0.12769181797565654,0.2506177603819131,-0.0393532781252901,0.11045658489713617
soia,2016,0.0,0.1475817813529762,0.02241098581405021,0.2646003260958829,-0.016942292311239893,-0.15414374119874674,-0.0393532781252901,0.11045658489713617
soia,2016,0.0,0.15036999666940865,0.26915916987430544,0.0864455580849075,-0.30851244799959554,0.024011026812228664,-0.0393532781252901,0.11045658489713617
soia,2016,0.0,0.18160061135444505,0.14409439420146386,0.20824060555176693,-0.18344767232675396,-0.09778402065463077,-0.0393532781252901,0.11045658489713617
soia,2016,0.0,0.20178686427897116,0.3791760163185707,0.4848695380570538,-0.4185292944438608,-0.3744129531599176,-0.0393532781252901,0.11045658489713617
soia,2016,0.0,0.15499035142130793,0.017867697349982503,0.1839221679099876,-0.0214855807753076,-0.07346558301285144,-0.0393532781252901,0.11045658489713617
soia,2016,0.0,0.16569062442156265,0.040578227135938505,0.45945355604895743,-0.07993150526122861,-0.34899697115182127,-0.0393532781252901,0.11045658489713617
soia,2016,0.0,0.2496464470406175,0.7595764419260616,0.37966263723248606,0.7202231638007714,0.4901192221296222,-0.0393532781252901,0.11045658489713617
soia,2016,0.0,0.2844992626771297,0.683509540618338,0.7340741468845728,0.6441562624930479,0.844530731781709,-0.0393532781252901,0.11045658489713617
soia,2016,0.0,0.2976511163333203,0.2853609308092886,0.2942155276093632,0.2460076526839985,0.40467211250649937,-0.0393532781252901,0.11045658489713617
soia,2016,0.0,0.3644340057677467,0.10876763370705111,0.4982221754310385,0.06941435558176101,-0.38776559053390236,-0.0393532781252901,0.11045658489713617
soia,2016,0.0,0.2672048594245357,0.051169857422276754,0.03174100256733969,0.011816579296986651,0.14219758746447586,-0.0393532781252901,0.11045658489713617
soia,2016,0.0,0.23529305778156967,0.7761277709366594,0.20896586765274483,0.7367744928113693,0.319422452549881,-0.0393532781252901,0.11045658489713617
soia,2016,0.0,0.12335712048679329,0.6480444221424353,0.4089606443322866,0.6086911440171452,0.5194172292294228,-0.0393532781252901,0.11045658489713617
soia,2016,0.0,0.3077647718742973,0.7124802084950153,0.4930350640765624,0.6731269303697252,0.6034916489736986,-0.0393532781252901,0.11045658489713617
soia,2016,0.0,0.3981756027831261,1.185336188279505,0.498178358951755,-1.2246894664047951,-0.38772177405461883,-0.0393532781252901,0.11045658489713617
soia,2016,0.0,0.3471266519910653,0.8076056084652179,1.2510351409676772,-0.846958886590508,-1.140578556070541,-0.0393532781252901,0.11045658489713617
soia,2016,0.0,0.28091695948927375,0.5704620653348256,0.773253602425396,0.5311087872095355,0.8837101873225321,-0.0393532781252901,0.11045658489713617
soia,2017,0.0,0.3707503601772203,0.9082607083802727,0.7823204208236225,0.794348867031111,0.7269609241961303,-0.11391184134916177,-0.05535949662749218
soia,2017,0.0,0.4781810172800345,0.18421057006501895,0.5120986633308273,0.07029872871585718,0.45673916670333514,-0.11391184134916177,-0.05535949662749218
soia,2017,0.0,0.3759723363121362,0.36215590836472034,0.3387858264607413,0.24824406701555857,0.2834263298332491,-0.11391184134916177,-0.05535949662749218
soia,2017,0.0,0.3403667284034218,0.5676719824129863,0.4570194814827331,0.45376014106382456,0.4016599848552409,-0.11391184134916177,-0.05535949662749218
soia,2017,0.0,0.331569355951307,0.5615957671445493,0.4733042140602852,0.4476839257953875,0.41794471743279304,-0.11391184134916177,-0.05535949662749218
soia,2017,0.0,0.30212562089211403,0.2724147918664359,0.3974458184568084,0.15850295051727414,0.3420863218293162,-0.11391184134916177,-0.05535949662749218
soia,2017,0.0,0.26062553022207735,0.32638432299821885,0.5866554875403283,0.21247248164905708,0.5312959909128361,-0.11391184134916177,-0.05535949662749218
soia,2017,0.0,0.3623342327268565,0.40122550138294466,0.2735874896457031,0.2873136600337829,0.21822799301821094,-0.11391184134916177,-0.05535949662749218
soia,2017,0.0,0.42771596094368025,0.34072669826865987,0.5121015306457473,0.2268148569194981,0.4567420340182551,-0.11391184134916177,-0.05535949662749218
soia,2017,0.0,0.3858969071047951,0.02112571089391535,0.2942851204789103,-0.13503755224307712,0.23892562385141813,-0.11391184134916177,-0.05535949662749218
soia,2017,0.0,0.2451366221401948,0.4702734506247972,0.8092520718531833,0.3563616092756354,0.7538925752256911,-0.11391184134916177,-0.05535949662749218
soia,2017,0.0,0.30385622133548595,0.17137403597595036,0.5012007902259055,0.05746219462678859,0.4458412935984133,-0.11391184134916177,-0.05535949662749218
soia,2017,0.0,0.4379819474499044,0.24249032267777393,0.36012684963159014,0.12857848132861216,0.30476735300409796,-0.11391184134916177,-0.05535949662749218
soia,2017,0.0,0.4021697612997632,0.6772728984080925,1.7352342006333699,-0.7911847397572542,-1.790593697260862,-0.11391184134916177,-0.05535949662749218
soia,2017,0.0,0.33104842208731683,0.4719257179302634,0.19845403925025185,0.3580138765811016,-0.253813535877744,-0.11391184134916177,-0.05535949662749218
soia,2017,0.0,0.37825715776751767,0.27340368260699166,0.4510556685404641,-0.38731552395615343,-0.5064151651679563,-0.11391184134916177,-0.05535949662749218
soia,2017,0.0,0.44404440592872313,1.139930642649465,1.4781249758145862,-1.2538424839986269,-1.5334844724420784,-0.11391184134916177,-0.05535949662749218
soia,2017,0.0,0.5178636027825656,0.0008364788861672245,0.5736968560548188,-0.11307536246299454,-0.629056352682311,-0.11391184134916177,-0.05535949662749218
soia,2017,0.0,0.5620369205554757,0.6162270467113926,0.44093291171219184,0.5023152053622308,0.38557341508469967,-0.11391184134916177,-0.05535949662749218
soia,2017,0.0,0.3537374876879471,0.3961392450061725,0.5928631581932318,-0.5100510863553342,-0.6482226548207239,-0.11391184134916177,-0.05535949662749218
soia,2017,0.0,0.29896324250544815,0.1430485951708751,0.30053470330740195,0.029136753821713324,0.24517520667990977,-0.11391184134916177,-0.05535949662749218
soia,2017,0.0,0.32715209211859675,1.1672426639363838,1.2510527890680458,-1.2811545052855455,-1.306412285695538,-0.11391184134916177,-0.05535949662749218
soia,2017,0.0,0.31655116042546233,0.254265295670713,0.5140987303311051,0.14035345432155122,0.4587392337036129,-0.11391184134916177,-0.05535949662749218
soia,2018,0.0,0.9309111635927316,1.1372154558996073,1.341337753177136,0.9816708282159383,1.279384148427083,-0.15554462768366895,-0.06195360475005307
soia,2018,0.0,0.3083666938708348,0.45182215109618884,0.1235385155383737,0.2962775234125199,-0.18549212028842677,-0.15554462768366895,-0.06195360475005307
soia,2018,0.0,0.5212237532539168,0.07066715516432698,0.7123641052516314,-0.08487747251934197,0.6504105005015783,-0.15554462768366895,-0.06195360475005307
soia,2018,0.004376439105234331,0.29400982589325975,0.0690494484545221,0.4452045339476256,-0.08649517922914685,0.38325092919757253,-0.15554462768366895,-0.06195360475005307
soia,2018,0.0,0.2744081162254598,0.49287345052469744,0.07555846101667063,0.3373288228410285,0.01360485626661756,-0.15554462768366895,-0.06195360475005307
soia,2018,0.002036559121925352,0.4561252903112398,0.008938865112504413,0.44094262090929215,-0.16448349279617336,0.3789890161592391,-0.15554462768366895,-0.06195360475005307
soia,2018,0.0,0.43654422555754024,0.1484470154879327,0.04901551866352394,-0.007097612195736236,-0.11096912341357701,-0.15554462768366895,-0.06195360475005307
soia,2018,0.0,0.5159248877848752,0.35305909292345294,0.4436601052707574,0.197514465239784,-0.5056137100208105,-0.15554462768366895,-0.06195360475005307
soia,2018,0.0,0.33103014022105237,0.21377107715335608,0.025796376913522323,0.058226449469687136,-0.0877499816635754,-0.15554462768366895,-0.06195360475005307
soia,2018,0.004376439105234331,0.2691518363918427,0.12749548910042163,0.38350016977033174,-0.028049138583247313,0.3215465650202787,-0.15554462768366895,-0.06195360475005307
soia,2018,0.0,0.3916516282299213,0.18619371435995857,0.19354314376930049,0.030649086676289627,0.13158953901924741,-0.15554462768366895,-0.06195360475005307
soia,2018,0.0,0.3458916116886044,0.35886238358979616,0.04973074196499372,0.20331775590612722,-0.11168434671504679,-0.15554462768366895,-0.06195360475005307
soia,2018,0.0,0.3050246079173961,0.3892573924027425,0.17798206584716647,0.23371276471907354,0.1160284610971134,-0.15554462768366895,-0.06195360475005307
soia,2018,0.0,0.7331704038688487,0.569256438290449,0.506802580507149,0.4137118106067801,-0.5687561852572021,-0.15554462768366895,-0.06195360475005307
soia,2018,0.0,0.6448092385198378,0.4424966265104544,0.0489309402637752,0.28695199882678546,-0.11088454501382827,-0.15554462768366895,-0.06195360475005307
soia,2018,0.0,0.4814893981403567,1.8217116549688332,2.8310349773710413,-1.9772562826525024,-2.8929885821210943,-0.15554462768366895,-0.06195360475005307
soia,2018,0.0,1.0471585313576817,0.9373703855944813,1.5202323196975578,0.7818257579108123,1.4582787149475047,-0.15554462768366895,-0.06195360475005307
soia,2018,0.0,1.1893231906146369,1.264707919269599,0.9122066855044977,-1.4202525469532679,-0.9741602902545508,-0.15554462768366895,-0.06195360475005307
soia,2018,0.0,1.0029789614911286,0.1028690887882604,0.8771697588619356,-0.05267553889540855,0.8152161541118825,-0.15554462768366895,-0.06195360475005307
soia,2019,0.0,0.3315110402353126,0.22935462698679387,0.3329145475902775,0.0804524160630744,-0.28148148014798635,-0.14890221092371947,-0.6143960277382639
soia,2019,0.0,0.1638625832100025,0.32758953557390447,1.0505855858490203,0.178687324650185,0.43618955811075644,-0.14890221092371947,-0.6143960277382639
soia,2019,0.0,0.19687091955177022,0.12369117978211142,0.5707349606563139,-0.2725933907058309,-0.043661067081949945,-0.14890221092371947,-0.6143960277382639
soia,2019,0.0,0.3186777702944906,0.20229559749221648,0.4602295909113896,-0.35119780841593595,-0.15416643682687425,-0.14890221092371947,-0.6143960277382639
soia,2019,0.0,0.27489111131363775,0.005042493020545269,0.9039303640215932,-0.1438597179031742,0.28953433628332936,-0.14890221092371947,-0.6143960277382639
soia,2019,0.0,0.25510483074483487,0.12438840291012143,0.6601800852850968,-0.2732906138338409,0.0457840575468329,-0.14890221092371947,-0.6143960277382639
soia,2019,0.0,0.24136467421668986,0.11210941901612159,0.9561710122729077,-0.03679279190759788,0.34177498453464383,-0.14890221092371947,-0.6143960277382639
soia,2019,0.0,0.2246309012704563,0.7676294686136109,1.1273500984706861,0.6187272576898915,0.5129540707324223,-0.14890221092371947,-0.6143960277382639
soia,2019,0.0,0.21823931800000657,0.1617586248394538,1.0428468625135061,0.012856413915734333,0.42845083477524226,-0.14890221092371947,-0.6143960277382639
soia,2019,0.0,0.2271165212140119,0.126440444708392,0.8221465836168655,-0.27534265563211147,0.2077505558786017,-0.14890221092371947,-0.6143960277382639
soia,2019,0.0,0.2721633335574702,0.024501432466013995,0.7538857948545776,-0.12440077845770547,0.13948976711631378,-0.14890221092371947,-0.6143960277382639
soia,2019,0.0,0.11015947475499563,0.2044525209324184,0.89229191123679,0.05555031000869892,0.2778958834985261,-0.14890221092371947,-0.6143960277382639
soia,2019,0.0,0.09469932989280498,0.12553900297086917,0.40420695233478865,-0.27444121389458864,-0.2101890754034752,-0.14890221092371947,-0.6143960277382639
soia,2019,0.0,0.29783199259184284,0.8622063032592022,1.1870545090196105,0.7133040923354828,0.5726584812813467,-0.14890221092371947,-0.6143960277382639
soia,2019,0.0,0.3192621421385824,0.45351583562054065,0.6226720802104695,0.3046136246968212,0.008276052472205642,-0.14890221092371947,-0.6143960277382639
soia,2019,0.0,0.3706423198255692,0.6564237890441624,0.5895160666204411,-0.8053259999678819,-1.203912094358705,-0.14890221092371947,-0.6143960277382639
soia,2019,0.0,0.3966206299319334,0.45804776534005764,0.28060329685746677,0.3091455544163382,-0.3337927308807971,-0.14890221092371947,-0.6143960277382639
soia,2019,0.0,0.4104253212939851,0.8534479816716127,0.12316811147530138,0.7045457707478933,-0.49122791626296247,-0.14890221092371947,-0.6143960277382639
soia,2019,0.0,0.22587006860556072,0.27173558288173005,0.07206824647079313,-0.4206377938054495,-0.5423277812674707,-0.14890221092371947,-0.6143960277382639
soia,2020,0.0,0.3491686995988122,1.5133923804959901,1.1550933338156397,-0.7816212814448056,-0.8933001705485304,0.7317710990511845,0.26179316326710933
soia,2020,0.0,0.3902795690824015,0.056677985877663595,0.04517285239852198,0.6750931131735209,0.21662031086858735,0.7317710990511845,0.26179316326710933
soia,2020,0.0,0.14760489248690561,0.6042221731713107,0.1946517992464818,0.12754892587987388,0.06714136402062754,0.7317710990511845,0.26179316326710933
soia,2020,0.0,0.1618915434005139,0.5154156653169792,0.07404068899557847,0.2163554337342053,0.18775247427153086,0.7317710990511845,0.26179316326710933
soia,2020,0.0,0.32712416092533303,0.5762625240371042,0.4961694257452698,0.15550857501408033,-0.23437626247816046,0.7317710990511845,0.26179316326710933
soia,2020,0.0,0.17295668114866874,0.5169271350452695,0.25908443511619095,0.214843964005915,0.5208775983833003,0.7317710990511845,0.26179316326710933
soia,2020,0.0,0.19611450855739415,0.2153570733499497,0.17164277747133871,0.5164140257012348,0.43343594073844804,0.7317710990511845,0.26179316326710933
soia,2020,0.0,0.16324952904523446,0.8238352755657363,0.07958362678900754,-0.09206417651455179,0.3413767900561169,0.7317710990511845,0.26179316326710933
soia,2020,0.0,0.27879333171697207,0.5854842149247612,0.5102495417156181,0.14628688412642332,-0.24845637844850876,0.7317710990511845,0.26179316326710933
soia,2020,0.0,0.17876814710168934,0.4911111576604963,0.25095502580885487,0.24065994139068825,0.5127481890759642,0.7317710990511845,0.26179316326710933
soia,2020,0.0,0.22785156110865987,0.9268115390187228,0.3306160494548964,-0.19504043996753828,-0.06882288618778709,0.7317710990511845,0.26179316326710933
soia,2020,0.0,0.1422211591208901,1.1772554066526788,0.7767415641891873,-0.44548430760149427,-0.5149484009220779,0.7317710990511845,0.26179316326710933
soia,2020,0.0,0.19035731811033413,1.2886068412151583,0.9158900855268521,-0.5568357421639738,-0.6540969222597428,0.7317710990511845,0.26179316326710933
soia,2020,0.0,0.35347766859338553,0.9534360143847569,0.07225519016312743,-0.22166491533357235,0.33404835343023676,0.7317710990511845,0.26179316326710933
soia,2021,0.0,0.3056916610289611,0.1264383044154309,0.3895047345358691,-0.030836259289300116,-0.021522755781426373,-0.15727456370473103,-0.41102749031729546
soia,2021,0.0,0.28592293806308733,0.3473066762928574,0.9789959966535751,0.19003211258812636,0.5679685063362796,-0.15727456370473103,-0.41102749031729546
soia,2021,0.0,0.40347816611365384,0.0734017937299809,0.5507046601480208,-0.08387276997475013,0.1396771698307253,-0.15727456370473103,-0.41102749031729546
soia,2021,0.0,0.3788646935117011,0.43463954530289417,0.8406101828356509,0.27736498159816314,0.42958269251835546,-0.15727456370473103,-0.41102749031729546
soia,2021,0.0,0.3304304786748807,0.5388813464132509,0.8780120460888323,0.3816067827085199,0.46698455577153686,-0.15727456370473103,-0.41102749031729546
soia,2021,0.0,0.39299121894856615,0.0037739450146165865,0.48807704461809553,-0.15350061869011444,0.07704955430080007,-0.15727456370473103,-0.41102749031729546
soia,2021,0.0,0.2337456881312529,0.05759015468217887,0.5284044712688769,-0.09968440902255216,0.11737698095158144,-0.15727456370473103,-0.41102749031729546
soia,2021,0.0,0.24915767593585486,0.7134234828191,0.9513671983127479,0.5561489191143689,0.5403397079954524,-0.15727456370473103,-0.41102749031729546
soia,2021,0.0,0.2296554785280029,0.21577080300726248,0.9501188567316685,0.05849623930253145,0.539091366414373,-0.15727456370473103,-0.41102749031729546
soia,2021,0.0,0.4061807273279518,0.31038848522570683,0.7631649107048659,0.1531139215209758,0.35213742038757045,-0.15727456370473103,-0.41102749031729546
soia,2021,0.0,0.38815647206237197,0.19125792570858957,0.8369581537681312,0.03398336200385854,0.42593066345083574,-0.15727456370473103,-0.41102749031729546
soia,2021,0.0,0.38000937695586434,0.2066945980308783,0.6473263604238322,0.04942003432614728,0.23629887010653672,-0.15727456370473103,-0.41102749031729546
soia,2021,0.0,0.44747230995835147,0.05632809480528689,0.3196108189532243,-0.10094646889944414,-0.09141667136407117,-0.15727456370473103,-0.41102749031729546
soia,2021,0.0,0.1722463429913597,0.4255660582644576,0.6843647906628689,0.26829149455972656,0.27333730034557346,-0.15727456370473103,-0.41102749031729546
soia,2021,0.0,0.3927619830915166,0.936042074794472,0.4399506697063309,0.778767511089741,0.028923179389035436,-0.15727456370473103,-0.41102749031729546
soia,2021,0.0,0.431883223605723,1.3661646102147138,1.2627352093247275,-1.5234391739194448,-1.673762699642023,-0.15727456370473103,-0.41102749031729546
soia,2021,0.0,0.2047497039267407,0.1682000583239449,0.25664641578179914,-0.32547462202867594,-0.15438107453549632,-0.15727456370473103,-0.41102749031729546
soia,2021,0.0,0.30821457744979613,0.3359377499197036,0.07849043164707314,0.17866318621497257,-0.3325370586702223,-0.15727456370473103,-0.41102749031729546
soia,2021,0.0,0.30149102804417904,0.7814922971094345,0.9677041667489603,0.6242177334047034,0.5566766764316649,-0.15727456370473103,-0.41102749031729546
soia,2021,0.0,0.21512169191812536,0.944367752084413,1.6011218202978261,-1.1016423157891442,-2.0121493106151216,-0.15727456370473103,-0.41102749031729546
soia,2021,0.0,0.23025166010739867,0.512669148334806,0.16413069336613617,-0.6699437120395371,-0.5751581836834316,-0.15727456370473103,-0.41102749031729546
soia,2021,0.0,0.4554374130689659,0.6965086349258711,0.5205806003787683,0.5392340712211401,0.10955311006147284,-0.15727456370473103,-0.41102749031729546
soia,2022,0.0,0.30011269653717887,0.660301796129843,0.8717883777197764,1.328572112563094,1.4258906827348812,0.6682703164332511,0.5541023050151048
soia,2022,0.0,0.1892297285393051,1.3789914263389924,0.7928734627380194,-0.7107211099057413,-0.23877115772291457,0.6682703164332511,0.5541023050151048
soia,2022,0.0,0.1543035396525581,0.057704163534709085,0.012954714799138234,0.610566152898542,0.5411475902159666,0.6682703164332511,0.5541023050151048
soia,2022,0.0,0.20783746249011328,0.7949824542414623,0.32968801359125033,-0.12671213780821122,0.2244142914238545,0.6682703164332511,0.5541023050151048
soia,2022,0.0,0.13994332298798104,0.4207558503969584,0.4946942820718472,0.24751446603629268,0.05940802294325764,0.6682703164332511,0.5541023050151048
soia,2022,0.0,0.19732850296578,0.18059787311247621,0.23194223320337315,0.48767244332077486,0.3221600718117317,0.6682703164332511,0.5541023050151048
soia,2022,0.0,0.1424747940666433,0.435569234503431,0.04344004840272442,0.23270108192982009,0.5106622566123804,0.6682703164332511,0.5541023050151048
soia,2022,0.0,0.2819734431695621,0.682936581802877,0.41724888012325434,-0.014666265369625897,0.13685342489185048,0.6682703164332511,0.5541023050151048
soia,2022,0.0,0.15858091755778747,0.7205184242149207,0.5167525846809222,-0.05224810778166966,0.0373497203341826,0.6682703164332511,0.5541023050151048
soia,2022,0.0,0.3242331228308649,0.44820154401973467,0.12054591240075174,0.2200687724135164,0.6746482174158566,0.6682703164332511,0.5541023050151048
soia,2022,0.0,0.2212882324719188,0.560015143622083,0.15313658566219335,0.10825517281116803,0.4009657193529115,0.6682703164332511,0.5541023050151048
soia,2022,0.0,0.24864295660472405,0.5220690871344962,0.4209227558372186,0.1462012292987549,0.13317954917788621,0.6682703164332511,0.5541023050151048
soia,2022,0.0,0.2855411475007118,0.6327850422453078,0.9103805793411412,0.03548527418794323,-0.3562782743260364,0.6682703164332511,0.5541023050151048
soia,2022,0.0,0.35290796434355853,0.9308917594644606,1.239590707338078,1.5991620758977116,1.793693012353183,0.6682703164332511,0.5541023050151048
soia,2022,0.0,0.14520845515865896,1.5995761898172722,1.59054444457724,-0.9313058733840212,-1.0364421395621353,0.6682703164332511,0.5541023050151048
soia,2022,0.0,0.21641607788831277,1.0807361486367222,0.9433057306984141,-0.4124658322034711,-0.38920342568330923,0.6682703164332511,0.5541023050151048
soia,2022,0.0,0.17877458114417372,1.5648929629925865,1.713017923157965,-0.8966226465593357,-1.1589156181428604,0.6682703164332511,0.5541023050151048
soia,2022,0.0,0.1708204694176382,0.805668092917238,0.4602009476290412,-0.13739777648398688,0.09390135738606364,0.6682703164332511,0.5541023050151048
soia,2022,0.0,0.6125214852719438,2.0542015993101077,1.951160623826177,-1.3859312828768564,-1.3970583188110721,0.6682703164332511,0.5541023050151048
soia,2022,0.0,0.44708717306393264,0.26177579581294574,1.2737904441386836,0.40649452062030544,-0.7196881391235788,0.6682703164332511,0.5541023050151048
soia,2022,0.0,0.23570625196971165,0.6045697323418844,0.7923828267707391,0.0637005840913667,-0.2382805217556343,0.6682703164332511,0.5541023050151048
soia,2022,0.0,0.38167763204020505,1.4865931701296105,1.373738626541566,-0.8183228536963593,-0.8196363215264612,0.6682703164332511,0.5541023050151048
soia,2023,0.0,0.3262044328860293,0.12558001208275327,0.5145110957765477,-0.36859281510546804,-0.14289872299673356,-0.24301280302271477,-0.6574098187732813
soia,2023,0.0,0.20621727293855666,0.18061643559785212,0.9267824666742517,-0.06239636742486265,0.2693726479009704,-0.24301280302271477,-0.6574098187732813
soia,2023,0.0,0.2401157008533195,0.19213836173008403,0.703394872857261,-0.050874441292630745,0.04598505408397968,-0.24301280302271477,-0.6574098187732813
soia,2023,0.0,0.24638315862640559,0.14901861329606936,0.9038613339351651,-0.09399418972664542,0.2464515151618838,-0.24301280302271477,-0.6574098187732813
soia,2023,0.0,0.2993924689991273,0.08291665303755424,1.0906605412409973,-0.16009614998516053,0.433250722467716,-0.24301280302271477,-0.6574098187732813
soia,2023,0.0,0.2137314985770701,0.0012457417252673686,0.9310595223177398,-0.24425854474798214,0.2736497035444585,-0.24301280302271477,-0.6574098187732813
soia,2023,0.0,0.35673816142793824,0.03670344177883367,0.8537237258174577,-0.2063093612438811,0.1963139070441764,-0.24301280302271477,-0.6574098187732813
soia,2023,0.0,0.38021607058659795,0.02012260709671798,0.628557511547525,-0.26313541011943276,-0.02885230722575627,-0.24301280302271477,-0.6574098187732813
soia,2023,0.0,0.2696801713626176,0.2393059923656824,0.4972447382776459,-0.48231879538839717,-0.16016508049563538,-0.24301280302271477,-0.6574098187732813
soia,2023,0.0,0.2532098064233918,0.2069867010780917,0.776023832828519,-0.03602610194462308,0.11861401405523764,-0.24301280302271477,-0.6574098187732813
soia,2023,0.0,0.44678189419297076,0.9072169352066444,1.0859403993623737,0.6642041321839296,0.42853058058909244,-0.24301280302271477,-0.6574098187732813
soia,2023,0.0,0.4843448314628788,1.4697970598070982,2.1183392020214016,1.2267842567843834,1.4609293832481203,-0.24301280302271477,-0.6574098187732813
soia,2023,0.0,0.34275504788445915,0.6322731090444071,0.5160249033879494,0.38926030602169237,-0.14138491538533193,-0.24301280302271477,-0.6574098187732813
soia,2023,0.0,0.3200426655671307,0.3756957510419676,0.009356156638860469,-0.6187085540646824,-0.6480536621344208,-0.24301280302271477,-0.6574098187732813
soia,2023,0.0,0.5203997908472269,0.4017558186120328,0.8970979921583011,0.15874301558931792,-1.5545078109315824,-0.24301280302271477,-0.6574098187732813
soia,2023,0.0,0.4301574512545535,1.3991084223059165,0.5492194598072069,1.1560956192832017,-0.10819035896607443,-0.24301280302271477,-0.6574098187732813
soia,2023,0.0,0.3829067738998818,0.7653637957960393,0.03163485118681075,-1.008376598818754,-0.6890446699600921,-0.24301280302271477,-0.6574098187732813
soia,2024,0.0,0.3527599823289892,0.4290282131067724,1.19537745234718,-0.5911233571091732,-1.4439026416885758,-0.16209514400240077,-0.24852518934139578
soia,2024,0.0,0.4141168195651863,0.17327544018735708,0.8124575635365197,0.011180296184956307,0.5639323741951239,-0.16209514400240077,-0.24852518934139578
soia,2024,0.0,0.48835947238590494,0.1966763573655581,0.5768456007956513,0.03458121336315734,0.3283204114542555,-0.16209514400240077,-0.24852518934139578
soia,2024,0.0,0.5392205659968925,0.3468761351125844,0.021544242785684897,-0.5089712791149852,-0.22698094655571088,-0.16209514400240077,-0.24852518934139578
soia,2024,0.0,0.4870955604605106,0.10685327118873333,0.46260687537961176,-0.2689484151911341,0.21408168603821598,-0.16209514400240077,-0.24852518934139578
soia,2024,0.0,0.9043713501101518,0.004271239138152527,0.016038327463800517,-0.15782390486424824,-0.2645635168051963,-0.16209514400240077,-0.24852518934139578
soia,2024,0.0,0.48584010958967483,0.2988671405423282,0.05548293457879838,0.13677199653992744,-0.1930422547625974,-0.16209514400240077,-0.24852518934139578
soia,2024,0.0,0.448885176938853,0.42899236584702916,0.25288886854459225,-0.5910875098494299,-0.501414057885988,-0.16209514400240077,-0.24852518934139578
soia,2024,0.0,0.4147496591030163,0.06816830110504224,0.05584072443221144,-0.09392684289735853,-0.19268446490918434,-0.16209514400240077,-0.24852518934139578
soia,2024,0.0,0.5648334669474562,0.3284388820938464,0.5745633979382236,-0.4905340260962472,0.32603820859682786,-0.16209514400240077,-0.24852518934139578
soia,2024,0.0,0.4845434069581729,0.22920034992641392,0.7382167855833885,0.06710520592401314,0.48969159624199277,-0.16209514400240077,-0.24852518934139578
soia,2024,0.0,0.4860407548046526,0.3389944497122581,0.14414495868956645,-0.5010895937146589,-0.39267014803096223,-0.16209514400240077,-0.24852518934139578
soia,2024,0.0,0.36465546467087223,1.7458257375190607,1.5052687571710426,1.58373059351666,1.2567435678296468,-0.16209514400240077,-0.24852518934139578
soia,2024,0.0,0.24167220564661962,1.1568104100155667,0.37361100101562883,0.994715266013166,0.12508581167423305,-0.16209514400240077,-0.24852518934139578
soia,2024,0.0,0.41098642814918024,0.0746955294032221,0.07672259353558197,-0.23679067340562288,-0.1718025958058138,-0.16209514400240077,-0.24852518934139578
soia,2024,0.0,0.5576512355941929,0.11215889427033043,0.4272054843634765,-0.2742540382727312,-0.6757306737048723,-0.16209514400240077,-0.24852518934139578
soia,2024,0.0,0.5463705531335753,1.12947754235475,1.4522929210163453,0.9673823983523493,1.2037677316749495,-0.16209514400240077,-0.24852518934139578
soia,2024,0.0,0.3852550382344435,0.11485488314844261,0.26386002993791935,-0.27695002715084316,-0.512385219279315,-0.16209514400240077,-0.24852518934139578
soia,2024,0.0,0.6649278492177637,0.3581278417745959,0.316040321064357,0.19603269777219512,0.0675151317229612,-0.16209514400240077,-0.24852518934139578
soia,2025,0.0,0.33419285110194946,3.007390720740972,2.62324926739431,-2.720494087391237,-2.394510880047653,0.2868966333497349,0.2287383873466573
soia,2025,0.0,0.3183001897209417,0.6986347133232227,0.5913389662180839,-0.41173807997348777,-0.3626005788714266,0.2868966333497349,0.2287383873466573
soia,2025,0.0,0.49920114432326945,0.08320481152298465,0.23319991447360788,0.20369182182675027,-0.004461527126950582,0.2868966333497349,0.2287383873466573
soia,2025,0.0,0.3222478027739702,0.1466130420936964,0.38512319438849296,0.43350967544343133,0.6138615817351503,0.2868966333497349,0.2287383873466573
soia,2025,0.0,0.2641405356065779,0.032669238201204376,0.24141934526268516,0.25422739514853054,-0.012680957916027857,0.2868966333497349,0.2287383873466573
soia,2025,0.0,0.37245555357196986,0.058723376453603926,0.10249406724358634,0.34562000980333885,0.12624432010307096,0.2868966333497349,0.2287383873466573
soia,2025,0.0,0.21912899965723662,0.4972865378301079,0.07785510223472558,-0.21038990448037298,0.15088328511193172,0.2868966333497349,0.2287383873466573
soia,2025,0.0,0.1585156579956927,0.0704899950661737,0.15775701672747777,0.21640663828356121,0.3864954040741351,0.2868966333497349,0.2287383873466573
soia,2025,0.0,0.6022281500183486,0.1294742874220729,0.33244266755490104,0.15742234592766202,-0.10370428020824374,0.2868966333497349,0.2287383873466573
soia,2025,0.0,0.2629685415914976,0.2537386196377156,0.1749956933046133,0.03315801371201932,0.053742694042044015,0.2868966333497349,0.2287383873466573
soia,2025,0.0,0.19431416873180557,0.1557504081440686,0.18676118590789237,0.13114622520566632,0.41549957325454967,0.2868966333497349,0.2287383873466573
soia,2025,0.0,0.2589647788200083,0.04223990580296588,0.030102963824419238,0.24465672754676904,0.25884135117107654,0.2868966333497349,0.2287383873466573
soia,2025,0.0,0.4446382894242086,2.0304749120234935,1.255556753774121,-1.7435782786737588,-1.026818366427464,0.2868966333497349,0.2287383873466573
soia,2025,0.0,0.5311050360127358,1.2095936659985687,1.207760260173363,1.4964902993483036,1.4364986475200203,0.2868966333497349,0.2287383873466573
soia,2025,0.0,0.4027824500615603,1.2959140951277637,1.1511273769611776,1.5828107284774986,1.379865764307835,0.2868966333497349,0.2287383873466573
soia,2025,0.0,0.4225922193610117,0.467351163381885,1.1260977408296096,-0.18045453003215006,-0.8973593534829523,0.2868966333497349,0.2287383873466573
soia,2025,0.0,0.2190287567538481,0.11938163352224951,0.24853506458575136,0.1675149998274854,-0.019796677239094063,0.2868966333497349,0.2287383873466573
